  <rcn>193436</rcn>
  <acronym>ACCEPT</acronym>
  <objective>Assistant for Quality Check during Construction Execution Processes for Energy-efficienT buildings

Problem: What the consortium sees as a major problem today is the potential loss of benefits of energy-efficient building components because of the lack of knowledge or bad implementation during the construction processes.


Solution: During the project ACCEPT will be created – An assistant for quality check during construction execution processes for energy-efficienT buildings. The assistant will run on Smart Glasses and unobtrusively guide workers during the construction on site. This provides a standardized and coordinated process for all workers, ensuring that all benefits of energy-efficient building components are maintained.

From a user perspective ACCEPT is focused on the following very clear main results:

1. The Construction Operator Assistant App (CoOpApp) running on Smart Glasses, which passively collects data and actively provides guidance to the worker on site during the building process. (Pillar I: Advanced Knowledge Transfer for Energy-efficient Construction)
2. A Site Manager App (SiMaApp)   running on a mobile device, which allows to remotely coordinate the working process as well as collect additional data on site by different sensors. (Pillar II: Agile Project Coordination for Bridging Heterogeneity)

3. An interactive web-based Dashboard as a monitoring and quality assurance solution. The Dashboard will use self-inspection methods to determine important characteristics such as U-Values. (Pillar III: Adaptive Quality Assurance with Self-Inspection Features)

The project is fully build around achieving a maximum of impaxt: The three results will be accompanied by 7 real-world pilots grouped into 3 piloting areas within the project. Pilots are located in 4 different EU countries.</objective>
  <title>Assistant for Quality Check during Construction Execution Processes for Energy-efficienT buildings</title>
      <organization ecContribution="401583.75" order="5" terminated="false" type="participant">
        <availableLanguages readOnly="true">en</availableLanguages>
        <rcn>1906589</rcn>
        <id>999976105</id>
        <vatNumber>BE0325777171</vatNumber>
        <legalName>UNIVERSITE DE LIEGE</legalName>
        <shortName>ULG</shortName>
        <address>
          <street>PLACE DU 20 AOUT  7</street>
          <city>LIEGE</city>
          <postalCode>4000</postalCode>
          <country>BE</country>
          <postBox>000</postBox>
          <url>www.ulg.ac.be</url>
        </address>
        <departmentName>R&amp;D administration</departmentName>
        <relations>
          <categories>
            <category classification="organizationActivityType" type="relatedOrganizationActivityType">
              <availableLanguages readOnly="true">de,en,es,fr,it,pl</availableLanguages>
              <code>/HES</code>
              <title>Higher or Secondary Education Establishments</title>
            </category>
          </categories>
          <regions>
            <region type="relatedRegion">
              <name>Belgium</name>
              <nutsCode>BE</nutsCode>
              <euCode>BE</euCode>
              <isoCode>BE</isoCode>
              <rcn>188385832</rcn>
            </region>
          </regions>
        </relations>
      </organization>
      <organization ecContribution="245740" order="10" terminated="false" type="participant">
        <availableLanguages readOnly="true">en</availableLanguages>
        <rcn>2069740</rcn>
        <id>970864368</id>
        <vatNumber>IT02654700216</vatNumber>
        <legalName>FRAUNHOFER ITALIA RESEARCH SCARL</legalName>
        <shortName>IEC</shortName>
        <address>
          <street>VIA ALESSANDRO VOLTA 13/A</street>
          <city>BOLZANO</city>
          <postalCode>39100</postalCode>
          <country>IT</country>
          <url>www.fraunhofer.it/</url>
        </address>
        <relations>
          <categories>
            <category classification="organizationActivityType" type="relatedOrganizationActivityType">
              <availableLanguages readOnly="true">de,en,es,fr,it,pl</availableLanguages>
              <code>/REC</code>
              <title>Research Organisations</title>
            </category>
          </categories>
          <regions>
            <region type="relatedRegion">
              <name>Italy</name>
              <nutsCode>IT</nutsCode>
              <euCode>IT</euCode>
              <isoCode>IT</isoCode>
              <rcn>309758504</rcn>
            </region>
          </regions>
        </relations>
      </organization>
      <organization ecContribution="521050" order="6" terminated="false" type="participant">
        <availableLanguages readOnly="true">en</availableLanguages>
        <rcn>2398567</rcn>
        <id>943808158</id>
        <vatNumber>GB246691535</vatNumber>
        <legalName>INGLETON WOOD LLP</legalName>
        <shortName>INGL</shortName>
        <address>
          <street>1 ALIE STREET</street>
          <city>LONDON</city>
          <postalCode>E1 8DE</postalCode>
          <country>UK</country>
        </address>
        <relations>
          <categories>
            <category classification="organizationActivityType" type="relatedOrganizationActivityType">
              <availableLanguages readOnly="true">de,en,es,fr,it,pl</availableLanguages>
              <code>/PRC</code>
              <title>Private for-profit entities (excluding Higher or Secondary Education Establishments)</title>
            </category>
          </categories>
          <regions>
            <region type="relatedRegion">
              <name>United Kingdom</name>
              <nutsCode>UK</nutsCode>
              <euCode>UK</euCode>
              <isoCode>GB</isoCode>
              <rcn>508725800</rcn>
            </region>
          </regions>
        </relations>
      </organization>
      <organization ecContribution="188818.75" order="11" terminated="false" type="participant">
        <availableLanguages readOnly="true">en</availableLanguages>
        <rcn>1905912</rcn>
        <id>999984059</id>
        <vatNumber>DE129515865</vatNumber>
        <legalName>FRAUNHOFER GESELLSCHAFT ZUR FOERDERUNG DER ANGEWANDTEN FORSCHUNG E.V.</legalName>
        <shortName>Fraunhofer</shortName>
        <address>
          <street>HANSASTRASSE 27C</street>
          <city>MUNCHEN</city>
          <postalCode>80686</postalCode>
          <country>DE</country>
          <postBox>000</postBox>
          <url>www.fraunhofer.de</url>
        </address>
        <departmentName>Integrated Project Management</departmentName>
        <relations>
          <categories>
            <category classification="organizationActivityType" type="relatedOrganizationActivityType">
              <availableLanguages readOnly="true">de,en,es,fr,it,pl</availableLanguages>
              <code>/REC</code>
              <title>Research Organisations</title>
            </category>
          </categories>
          <regions>
            <region type="relatedRegion">
              <name>Germany</name>
              <nutsCode>DE</nutsCode>
              <euCode>DE</euCode>
              <isoCode>DE</isoCode>
              <rcn>221940264</rcn>
            </region>
          </regions>
        </relations>
      </organization>
      <organization ecContribution="277458.75" order="4" terminated="false" type="participant">
        <availableLanguages readOnly="true">en</availableLanguages>
        <rcn>2398565</rcn>
        <id>944583964</id>
        <vatNumber>CY10335732N</vatNumber>
        <legalName>EPITESSERA ARCHITECTS LTD</legalName>
        <shortName>EPI</shortName>
        <address>
          <street>GRIGORIOU XENOPOULOU 10 FLAT OFFICE 201</street>
          <city>LEFKOSIA</city>
          <postalCode>1061</postalCode>
          <country>CY</country>
        </address>
        <relations>
          <categories>
            <category classification="organizationActivityType" type="relatedOrganizationActivityType">
              <availableLanguages readOnly="true">de,en,es,fr,it,pl</availableLanguages>
              <code>/PRC</code>
              <title>Private for-profit entities (excluding Higher or Secondary Education Establishments)</title>
            </category>
          </categories>
          <regions>
            <region type="relatedRegion">
              <name>Cyprus</name>
              <nutsCode>CY</nutsCode>
              <euCode>CY</euCode>
              <isoCode>CY</isoCode>
              <rcn>210405928</rcn>
            </region>
          </regions>
        </relations>
      </organization>
      <organization ecContribution="231555" order="9" terminated="false" type="participant">
        <availableLanguages readOnly="true">en</availableLanguages>
        <rcn>2398570</rcn>
        <id>942687420</id>
        <vatNumber>BE0400471428</vatNumber>
        <legalName>ENTREPRISES DELENS JACQUES SA</legalName>
        <shortName>EJD</shortName>
        <address>
          <street>AVENUE DU COL VERT 1</street>
          <city>BRUXELLES</city>
          <postalCode>1170</postalCode>
          <country>BE</country>
        </address>
        <relations>
          <categories>
            <category classification="organizationActivityType" type="relatedOrganizationActivityType">
              <availableLanguages readOnly="true">de,en,es,fr,it,pl</availableLanguages>
              <code>/PRC</code>
              <title>Private for-profit entities (excluding Higher or Secondary Education Establishments)</title>
            </category>
          </categories>
          <regions>
            <region type="relatedRegion">
              <name>Belgium</name>
              <nutsCode>BE</nutsCode>
              <euCode>BE</euCode>
              <isoCode>BE</isoCode>
              <rcn>188385832</rcn>
            </region>
          </regions>
        </relations>
      </organization>
      <organization ecContribution="509388.75" order="8" terminated="false" type="participant">
        <availableLanguages readOnly="true">en</availableLanguages>
        <rcn>2132644</rcn>
        <id>999772987</id>
        <vatNumber>NL801523436B01</vatNumber>
        <legalName>TIE NEDERLAND BV</legalName>
        <shortName>TIE</shortName>
        <address>
          <street>DE CORRIDOR 5</street>
          <city>BREUKELEN</city>
          <postalCode>3621 ZA</postalCode>
          <country>NL</country>
        </address>
        <departmentName>RDI Unit</departmentName>
        <relations>
          <categories>
            <category classification="organizationActivityType" type="relatedOrganizationActivityType">
              <availableLanguages readOnly="true">de,en,es,fr,it,pl</availableLanguages>
              <code>/PRC</code>
              <title>Private for-profit entities (excluding Higher or Secondary Education Establishments)</title>
            </category>
          </categories>
          <regions>
            <region type="relatedRegion">
              <name>Netherlands</name>
              <nutsCode>NL</nutsCode>
              <euCode>NL</euCode>
              <isoCode>NL</isoCode>
              <rcn>391547432</rcn>
            </region>
          </regions>
        </relations>
      </organization>
      <organization ecContribution="342695" order="7" terminated="false" type="participant">
        <availableLanguages readOnly="true">en</availableLanguages>
        <rcn>2398568</rcn>
        <id>972136135</id>
        <vatNumber>ESA28019206</vatNumber>
        <legalName>FERROVIAL AGROMAN SA</legalName>
        <shortName>FER</shortName>
        <address>
          <street>CALLE RIBERA DEL LOIRA 42</street>
          <city>MADRID</city>
          <postalCode>28042</postalCode>
          <country>ES</country>
        </address>
        <departmentName>R&amp;D&amp;Innovation</departmentName>
        <relations>
          <categories>
            <category classification="organizationActivityType" type="relatedOrganizationActivityType">
              <availableLanguages readOnly="true">de,en,es,fr,it,pl</availableLanguages>
              <code>/PRC</code>
              <title>Private for-profit entities (excluding Higher or Secondary Education Establishments)</title>
            </category>
          </categories>
          <regions>
            <region type="relatedRegion">
              <name>Spain</name>
              <nutsCode>ES</nutsCode>
              <euCode>ES</euCode>
              <isoCode>ES</isoCode>
              <rcn>242387496</rcn>
            </region>
          </regions>
        </relations>
      </organization>
      <organization order="1" ecContribution="997730" terminated="false" type="coordinator">
        <availableLanguages readOnly="true">en</availableLanguages>
        <rcn>2347092</rcn>
        <id>972142440</id>
        <vatNumber>DE257809394</vatNumber>
        <legalName>ASCORA GMBH</legalName>
        <shortName>ASC</shortName>
        <address>
          <street>BIRKENALLEE 43</street>
          <city>GANDERKESEE</city>
          <postalCode>27777</postalCode>
          <country>DE</country>
        </address>
        <departmentName>Innovation &amp; Product Development</departmentName>
        <relations>
          <categories>
            <category classification="organizationActivityType" type="relatedOrganizationActivityType">
              <availableLanguages readOnly="true">de,en,es,fr,it,pl</availableLanguages>
              <code>/PRC</code>
              <title>Private for-profit entities (excluding Higher or Secondary Education Establishments)</title>
            </category>
          </categories>
          <regions>
            <region type="relatedRegion">
              <name>Germany</name>
              <nutsCode>DE</nutsCode>
              <euCode>DE</euCode>
              <isoCode>DE</isoCode>
              <rcn>221940264</rcn>
            </region>
          </regions>
        </relations>
      </organization>
      <organization ecContribution="278083.75" order="3" terminated="false" type="participant">
        <availableLanguages readOnly="true">en</availableLanguages>
        <rcn>2106834</rcn>
        <id>952564445</id>
        <vatNumber>ESB03759735</vatNumber>
        <legalName>CYPE SOFT SL</legalName>
        <shortName>CYPE</shortName>
        <address>
          <street>AVENIDA EUSEBIO SEMPERE 5 - ESCALERA 4- 1°A</street>
          <city>ALICANTE</city>
          <postalCode>03003</postalCode>
          <country>ES</country>
          <url>www.cype.com</url>
        </address>
        <relations>
          <categories>
            <category classification="organizationActivityType" type="relatedOrganizationActivityType">
              <availableLanguages readOnly="true">de,en,es,fr,it,pl</availableLanguages>
              <code>/PRC</code>
              <title>Private for-profit entities (excluding Higher or Secondary Education Establishments)</title>
            </category>
          </categories>
          <regions>
            <region type="relatedRegion">
              <name>Spain</name>
              <nutsCode>ES</nutsCode>
              <euCode>ES</euCode>
              <isoCode>ES</isoCode>
              <rcn>242387496</rcn>
            </region>
          </regions>
        </relations>
      </organization>
      <organization ecContribution="469263.75" order="2" terminated="false" type="participant">
        <availableLanguages readOnly="true">en</availableLanguages>
        <rcn>2284185</rcn>
        <id>990350019</id>
        <vatNumber>ESB83228320</vatNumber>
        <legalName>ANSWARETECH SL</legalName>
        <shortName>ANSWARE</shortName>
        <address>
          <street>CALLE FABRICAS   8 OFICINA 2-04</street>
          <city>ALCORCON MADRID</city>
          <postalCode>28923</postalCode>
          <country>ES</country>
          <url>www.answare-tech.com</url>
        </address>
        <departmentName>Answare</departmentName>
        <relations>
          <categories>
            <category classification="organizationActivityType" type="relatedOrganizationActivityType">
              <availableLanguages readOnly="true">de,en,es,fr,it,pl</availableLanguages>
              <code>/PRC</code>
              <title>Private for-profit entities (excluding Higher or Secondary Education Establishments)</title>
            </category>
          </categories>
          <regions>
            <region type="relatedRegion">
              <name>Spain</name>
              <nutsCode>ES</nutsCode>
              <euCode>ES</euCode>
              <isoCode>ES</isoCode>
              <rcn>242387496</rcn>
            </region>
          </regions>
        </relations>
      </organization>
    <categories>
      <category classification="projectFundingSchemeCategory" type="relatedProjectFundingSchemeCategory">
        <availableLanguages readOnly="true">en</availableLanguages>
        <code>/RIA</code>
        <title>Research and Innovation action</title>
      </category>
    </categories>
