  <rcn>193278</rcn>
  <acronym>MOCHA</acronym>
  <objective>Children’s health affects the future of Europe – children are citizens, future workers, parents and carers. Children are dependent on society to provide effective health services (UN Convention on the Rights of the Child). Models of child primary health care vary widely across Europe based on two broad alternatives (primary care paediatricians or generic family doctors), and a variety of models of school health and adolescent direct access services.
There is little research to show which model(s) are best, implying that some are inefficient or ineffective, with sub-optimal outcomes.
MOCHA will draw on networks, earlier child health projects and local agents to model and evaluate child primary care in all 30 EU/EEA countries.  Scientific partners from 11 European countries, plus partners from Australia and USA, encompassing medicine, nursing, economics, informatics, sociology and policy management, will:
•	Categorise the models, and school health and adolescent services.
•	Develop innovative measures of quality, outcome, cost, and workforce of each, and apply them using policy documents, routine statistics, and available electronic data sets.
•	Assess effects on equality, and on continuity of care with secondary care.
•	Systematically obtain stakeholder views.
•	Indicate optimal future patterns of electronic records and big data to optimise operation of the model(s).

The results will demonstrate the optimal model(s) of children’s primary care with a prevention and wellness focus, with an analysis of factors (including cultural) which might facilitate adoption, and indications for policy makers of both the health and economic gains possible. The project will have a strong dissemination programme throughout to ensure dialogue with public, professionals, policy makers, and politicians.  The project will take 42 months (36 of scientific work plus start up and close), and deliver major awareness and potential benefit for European children’s health and healthy society.</objective>
  <title>Models of Child Health Appraised</title>
      <organization ecContribution="34402.5" order="16" terminated="false" type="participant">
        <availableLanguages readOnly="true">en</availableLanguages>
        <rcn>1906514</rcn>
        <id>999862324</id>
        <vatNumber>GB279783684</vatNumber>
        <legalName>UNIVERSITY OF KEELE</legalName>
        <shortName>KU</shortName>
        <address>
          <street>KEELE UNIVERSITY FINANCE DPT</street>
          <city>KEELE</city>
          <postalCode>ST5 5BG</postalCode>
          <country>UK</country>
          <postBox>000</postBox>
          <url>www.keele.ac.uk</url>
        </address>
        <relations>
          <categories>
            <category classification="organizationActivityType" type="relatedOrganizationActivityType">
              <availableLanguages readOnly="true">de,en,es,fr,it,pl</availableLanguages>
              <code>/HES</code>
              <title>Higher or Secondary Education Establishments</title>
            </category>
          </categories>
          <regions>
            <region type="relatedRegion">
              <name>United Kingdom</name>
              <nutsCode>UK</nutsCode>
              <euCode>UK</euCode>
              <isoCode>GB</isoCode>
              <rcn>508725800</rcn>
            </region>
          </regions>
        </relations>
      </organization>
      <organization ecContribution="37500" order="13" terminated="false" type="participant">
        <availableLanguages readOnly="true">en</availableLanguages>
        <rcn>1920891</rcn>
        <id>999739619</id>
        <vatNumber>CY10083353J</vatNumber>
        <legalName>EUROPEAN UNIVERSITY CYPRUS</legalName>
        <shortName>EUC</shortName>
        <address>
          <street>DIOGENES STREET 6 ENGOMI</street>
          <city>NICOSIA</city>
          <postalCode>1516</postalCode>
          <country>CY</country>
          <postBox>1516</postBox>
          <url>http://www.euc.ac.cy</url>
        </address>
        <relations>
          <categories>
            <category classification="organizationActivityType" type="relatedOrganizationActivityType">
              <availableLanguages readOnly="true">de,en,es,fr,it,pl</availableLanguages>
              <code>/HES</code>
              <title>Higher or Secondary Education Establishments</title>
            </category>
          </categories>
          <regions>
            <region type="relatedRegion">
              <name>Cyprus</name>
              <nutsCode>CY</nutsCode>
              <euCode>CY</euCode>
              <isoCode>CY</isoCode>
              <rcn>210405928</rcn>
            </region>
          </regions>
        </relations>
      </organization>
      <organization ecContribution="257105.18" order="2" terminated="false" type="participant">
        <availableLanguages readOnly="true">en</availableLanguages>
        <rcn>1906185</rcn>
        <id>999974359</id>
        <vatNumber>IE6517386K</vatNumber>
        <legalName>UNIVERSITY COLLEGE DUBLIN, NATIONAL UNIVERSITY OF IRELAND, DUBLIN</legalName>
        <shortName>NUID UCD</shortName>
        <address>
          <street>BELFIELD</street>
          <city>DUBLIN</city>
          <postalCode>4</postalCode>
          <country>IE</country>
          <postBox>000</postBox>
          <url>www.ucd.ie</url>
        </address>
        <departmentName>Bursars office</departmentName>
        <relations>
          <categories>
            <category classification="organizationActivityType" type="relatedOrganizationActivityType">
              <availableLanguages readOnly="true">de,en,es,fr,it,pl</availableLanguages>
              <code>/HES</code>
              <title>Higher or Secondary Education Establishments</title>
            </category>
          </categories>
          <regions>
            <region type="relatedRegion">
              <name>Ireland</name>
              <nutsCode>IE</nutsCode>
              <euCode>IE</euCode>
              <isoCode>IE</isoCode>
              <rcn>305826344</rcn>
            </region>
          </regions>
        </relations>
      </organization>
      <organization ecContribution="2859828.75" order="1" terminated="false" type="coordinator">
        <availableLanguages readOnly="true">en</availableLanguages>
        <rcn>1905566</rcn>
        <id>999993468</id>
        <vatNumber>GB649926678</vatNumber>
        <legalName>IMPERIAL COLLEGE OF SCIENCE TECHNOLOGY AND MEDICINE</legalName>
        <shortName>Imperial</shortName>
        <address>
          <street>SOUTH KENSINGTON CAMPUS EXHIBITION ROAD</street>
          <city>LONDON</city>
          <postalCode>SW7 2AZ</postalCode>
          <country>UK</country>
          <postBox>N/A</postBox>
          <url>http://www.imperial.ac.uk/</url>
        </address>
        <departmentName>Level 2</departmentName>
        <departmentName>Faculty Building</departmentName>
        <relations>
          <categories>
            <category classification="organizationActivityType" type="relatedOrganizationActivityType">
              <availableLanguages readOnly="true">de,en,es,fr,it,pl</availableLanguages>
              <code>/HES</code>
              <title>Higher or Secondary Education Establishments</title>
            </category>
          </categories>
          <regions>
            <region type="relatedRegion">
              <name>United Kingdom</name>
              <nutsCode>UK</nutsCode>
              <euCode>UK</euCode>
              <isoCode>GB</isoCode>
              <rcn>508725800</rcn>
            </region>
          </regions>
        </relations>
      </organization>
      <organization ecContribution="522854.82" order="20" terminated="false" type="participant">
        <availableLanguages readOnly="true">en</availableLanguages>
        <rcn>1908266</rcn>
        <id>999845446</id>
        <vatNumber>IE2200007U</vatNumber>
        <legalName>THE PROVOST, FELLOWS, FOUNDATION SCHOLARS &amp; THE OTHER MEMBERS OF BOARD OF THE COLLEGE OF THE HOLY &amp; UNDIVIDED TRINITY OF QUEEN ELIZABETH NEAR DUBLIN</legalName>
        <shortName>TRINITY COLLEGE DUBLIN</shortName>
        <address>
          <street>College Green</street>
          <city>DUBLIN</city>
          <postalCode>2</postalCode>
          <country>IE</country>
          <postBox>N/A</postBox>
          <url>www.tcd.ie</url>
        </address>
        <departmentName>Financial Services Division</departmentName>
        <relations>
          <categories>
            <category classification="organizationActivityType" type="relatedOrganizationActivityType">
              <availableLanguages readOnly="true">de,en,es,fr,it,pl</availableLanguages>
              <code>/HES</code>
              <title>Higher or Secondary Education Establishments</title>
            </category>
          </categories>
          <regions>
            <region type="relatedRegion">
              <name>Ireland</name>
              <nutsCode>IE</nutsCode>
              <euCode>IE</euCode>
              <isoCode>IE</isoCode>
              <rcn>305826344</rcn>
            </region>
          </regions>
        </relations>
      </organization>
      <organization ecContribution="317467.5" order="7" terminated="false" type="participant">
        <availableLanguages readOnly="true">en</availableLanguages>
        <rcn>1906036</rcn>
        <id>999988909</id>
        <vatNumber>NL002875718B01</vatNumber>
        <legalName>NEDERLANDSE ORGANISATIE VOOR TOEGEPAST NATUURWETENSCHAPPELIJK ONDERZOEK TNO</legalName>
        <shortName>NETHERLANDS ORGANISATION FOR APPLIED SCIENTIFIC RESEARCH</shortName>
        <address>
          <street>ANNA VAN BUERENPLEIN 1</street>
          <city>DEN HAAG</city>
          <postalCode>2595 DA</postalCode>
          <country>NL</country>
          <postBox>000</postBox>
          <url>www.tno.nl</url>
        </address>
        <departmentName>Industrial Innovation</departmentName>
        <relations>
          <categories>
            <category classification="organizationActivityType" type="relatedOrganizationActivityType">
              <availableLanguages readOnly="true">de,en,es,fr,it,pl</availableLanguages>
              <code>/REC</code>
              <title>Research Organisations</title>
            </category>
          </categories>
          <regions>
            <region type="relatedRegion">
              <name>Netherlands</name>
              <nutsCode>NL</nutsCode>
              <euCode>NL</euCode>
              <isoCode>NL</isoCode>
              <rcn>391547432</rcn>
            </region>
          </regions>
        </relations>
      </organization>
      <organization ecContribution="683506" order="3" terminated="false" type="participant">
        <availableLanguages readOnly="true">en</availableLanguages>
        <rcn>1908881</rcn>
        <id>999914801</id>
        <vatNumber>NL800866393B01</vatNumber>
        <legalName>ACADEMISCH ZIEKENHUIS GRONINGEN</legalName>
        <shortName>UMCG</shortName>
        <address>
          <street>HANZEPLEIN 1</street>
          <city>GRONINGEN</city>
          <postalCode>9713 GZ</postalCode>
          <country>NL</country>
          <postBox>30001</postBox>
          <url>www.umcg.nl</url>
        </address>
        <departmentName>Department of Bouw &amp; Infrastructuur</departmentName>
        <relations>
          <categories>
            <category classification="organizationActivityType" type="relatedOrganizationActivityType">
              <availableLanguages readOnly="true">de,en,es,fr,it,pl</availableLanguages>
              <code>/HES</code>
              <title>Higher or Secondary Education Establishments</title>
            </category>
          </categories>
          <regions>
            <region type="relatedRegion">
              <name>Netherlands</name>
              <nutsCode>NL</nutsCode>
              <euCode>NL</euCode>
              <isoCode>NL</isoCode>
              <rcn>391547432</rcn>
            </region>
          </regions>
        </relations>
      </organization>
      <organization ecContribution="62500" order="14" terminated="false" type="participant">
        <availableLanguages readOnly="true">en</availableLanguages>
        <rcn>1908335</rcn>
        <id>999900833</id>
        <vatNumber>NL002946725B01</vatNumber>
        <legalName>UNIVERSITEIT TWENTE</legalName>
        <shortName>UTWENTE</shortName>
        <address>
          <street>DRIENERLOLAAN 5</street>
          <city>ENSCHEDE</city>
          <postalCode>7522 NB</postalCode>
          <country>NL</country>
          <postBox>000</postBox>
          <url>www.utwente.nl</url>
        </address>
        <departmentName>Faculty of EEMCS</departmentName>
        <relations>
          <categories>
            <category classification="organizationActivityType" type="relatedOrganizationActivityType">
              <availableLanguages readOnly="true">de,en,es,fr,it,pl</availableLanguages>
              <code>/HES</code>
              <title>Higher or Secondary Education Establishments</title>
            </category>
          </categories>
          <regions>
            <region type="relatedRegion">
              <name>Netherlands</name>
              <nutsCode>NL</nutsCode>
              <euCode>NL</euCode>
              <isoCode>NL</isoCode>
              <rcn>391547432</rcn>
            </region>
          </regions>
        </relations>
      </organization>
      <organization ecContribution="48925" order="9" terminated="false" type="participant">
        <availableLanguages readOnly="true">en</availableLanguages>
        <rcn>1905951</rcn>
        <id>999975911</id>
        <vatNumber>NL003475268B01</vatNumber>
        <legalName>UNIVERSITEIT MAASTRICHT</legalName>
        <shortName>UM</shortName>
        <address>
          <street>Minderbroedersberg 4-6</street>
          <city>MAASTRICHT</city>
          <postalCode>6200 MD</postalCode>
          <country>NL</country>
          <postBox>616</postBox>
          <url>http://www.maastrichtuniversity.nl</url>
        </address>
        <departmentName>School for Mental Health &amp; Neuroscience</departmentName>
        <relations>
          <categories>
            <category classification="organizationActivityType" type="relatedOrganizationActivityType">
              <availableLanguages readOnly="true">de,en,es,fr,it,pl</availableLanguages>
              <code>/HES</code>
              <title>Higher or Secondary Education Establishments</title>
            </category>
          </categories>
          <regions>
            <region type="relatedRegion">
              <name>Netherlands</name>
              <nutsCode>NL</nutsCode>
              <euCode>NL</euCode>
              <isoCode>NL</isoCode>
              <rcn>391547432</rcn>
            </region>
          </regions>
        </relations>
      </organization>
      <organization ecContribution="111472.5" order="10" terminated="false" type="participant">
        <availableLanguages readOnly="true">en</availableLanguages>
        <rcn>2392260</rcn>
        <id>952657953</id>
        <vatNumber>PL7120106911</vatNumber>
        <legalName>UNIWERSYTET MEDYCZNY W LUBLINIE</legalName>
        <shortName>MUL</shortName>
        <address>
          <street>AL RACLAWICKIE 1</street>
          <city>LUBLIN</city>
          <postalCode>20059</postalCode>
          <country>PL</country>
        </address>
        <departmentName>Department of Cardiology</departmentName>
        <relations>
          <categories>
            <category classification="organizationActivityType" type="relatedOrganizationActivityType">
              <availableLanguages readOnly="true">de,en,es,fr,it,pl</availableLanguages>
              <code>/HES</code>
              <title>Higher or Secondary Education Establishments</title>
            </category>
          </categories>
          <regions>
            <region type="relatedRegion">
              <name>Poland</name>
              <nutsCode>PL</nutsCode>
              <euCode>PL</euCode>
              <isoCode>PL</isoCode>
              <rcn>425101864</rcn>
            </region>
          </regions>
        </relations>
      </organization>
      <organization ecContribution="0" order="18" terminated="false" type="participant">
        <availableLanguages readOnly="true">en</availableLanguages>
        <rcn>1907256</rcn>
        <id>999600909</id>
        <vatNumber>CHE108910225TVA</vatNumber>
        <legalName>CENTRE HOSPITALIER UNIVERSITAIRE VAUDOIS</legalName>
        <shortName>HOSPICES CANTONAUX</shortName>
        <address>
          <street>RUE DU BUGNON 21</street>
          <city>LAUSANNE</city>
          <postalCode>1005</postalCode>
          <country>CH</country>
          <postBox>N/A</postBox>
          <url>www.chuv.ch</url>
        </address>
        <departmentName>Department of Clinical Neurosciences</departmentName>
        <relations>
          <categories>
            <category classification="organizationActivityType" type="relatedOrganizationActivityType">
              <availableLanguages readOnly="true">de,en,es,fr,it,pl</availableLanguages>
              <code>/PUB</code>
              <title>Public bodies (excluding Research Organisations and Secondary or Higher Education Establishments)</title>
            </category>
          </categories>
          <regions>
            <region type="relatedRegion">
              <name>Switzerland</name>
              <nutsCode>CH</nutsCode>
              <euCode>CH</euCode>
              <isoCode>CH</isoCode>
              <rcn>205949480</rcn>
            </region>
          </regions>
        </relations>
      </organization>
      <organization ecContribution="519904.75" order="4" terminated="false" type="participant">
        <availableLanguages readOnly="true">en</availableLanguages>
        <rcn>1905609</rcn>
        <id>999979500</id>
        <vatNumber>IT02118311006</vatNumber>
        <legalName>CONSIGLIO NAZIONALE DELLE RICERCHE</legalName>
        <shortName>CNR</shortName>
        <address>
          <street>PIAZZALE ALDO MORO 7</street>
          <city>ROMA</city>
          <postalCode>00185</postalCode>
          <country>IT</country>
          <postBox>N/A</postBox>
          <url>www.cnr.it</url>
        </address>
        <departmentName>CNR/ISTI/Signals and Images Laboratory</departmentName>
        <relations>
          <categories>
            <category classification="organizationActivityType" type="relatedOrganizationActivityType">
              <availableLanguages readOnly="true">de,en,es,fr,it,pl</availableLanguages>
              <code>/REC</code>
              <title>Research Organisations</title>
            </category>
          </categories>
          <regions>
            <region type="relatedRegion">
              <name>Italy</name>
              <nutsCode>IT</nutsCode>
              <euCode>IT</euCode>
              <isoCode>IT</isoCode>
              <rcn>309758504</rcn>
            </region>
          </regions>
        </relations>
      </organization>
      <organization ecContribution="57243.75" order="17" terminated="false" type="participant">
        <availableLanguages readOnly="true">en</availableLanguages>
        <rcn>2182603</rcn>
        <id>984564454</id>
        <legalName>CHILDREN'S HOSPITAL CORPORATION</legalName>
        <shortName>BCH</shortName>
        <address>
          <street>LONGWOOD AVENUE 300</street>
          <city>BOSTON</city>
          <postalCode>02115</postalCode>
          <country>US</country>
          <url>http://www.childrenshospital.org/</url>
        </address>
        <relations>
          <categories>
            <category classification="organizationActivityType" type="relatedOrganizationActivityType">
              <availableLanguages readOnly="true">de,en,es,fr,it,pl</availableLanguages>
              <code>/REC</code>
              <title>Research Organisations</title>
            </category>
          </categories>
          <regions>
            <region type="relatedRegion">
              <name>United States</name>
              <nutsCode>US</nutsCode>
              <euCode>US</euCode>
              <isoCode>US</isoCode>
              <rcn>510822952</rcn>
            </region>
          </regions>
        </relations>
      </organization>
      <organization ecContribution="26775" order="15" terminated="false" type="participant">
        <availableLanguages readOnly="true">en</availableLanguages>
        <rcn>1907613</rcn>
        <id>999904616</id>
        <vatNumber>DK29283958</vatNumber>
        <legalName>SYDDANSK UNIVERSITET</legalName>
        <shortName>SDU</shortName>
        <address>
          <street>CAMPUSVEJ 55</street>
          <city>ODENSE M</city>
          <postalCode>5230</postalCode>
          <country>DK</country>
          <postBox>N/A</postBox>
          <url>www.sdu.dk</url>
        </address>
        <relations>
          <categories>
            <category classification="organizationActivityType" type="relatedOrganizationActivityType">
              <availableLanguages readOnly="true">de,en,es,fr,it,pl</availableLanguages>
              <code>/HES</code>
              <title>Higher or Secondary Education Establishments</title>
            </category>
          </categories>
          <regions>
            <region type="relatedRegion">
              <name>Denmark</name>
              <nutsCode>DK</nutsCode>
              <euCode>DK</euCode>
              <isoCode>DK</isoCode>
              <rcn>223513128</rcn>
            </region>
          </regions>
        </relations>
      </organization>
      <organization ecContribution="0" order="19" terminated="false" type="participant">
        <availableLanguages readOnly="true">en</availableLanguages>
        <rcn>1940193</rcn>
        <id>963068478</id>
        <vatNumber>AU21006566972</vatNumber>
        <legalName>MURDOCH CHILDRENS RESEARCH INSTITUTE</legalName>
        <shortName>MCRI</shortName>
        <address>
          <street>FLEMINGTON ROAD RCH</street>
          <city>PARKVILLE</city>
          <postalCode>3052</postalCode>
          <country>AU</country>
          <url>www.mcri.edu.au</url>
        </address>
        <relations>
          <categories>
            <category classification="organizationActivityType" type="relatedOrganizationActivityType">
              <availableLanguages readOnly="true">de,en,es,fr,it,pl</availableLanguages>
              <code>/REC</code>
              <title>Research Organisations</title>
            </category>
          </categories>
          <regions>
            <region type="relatedRegion">
              <name>Australia</name>
              <nutsCode>AU</nutsCode>
              <euCode>AU</euCode>
              <isoCode>AU</isoCode>
              <rcn>175802920</rcn>
            </region>
          </regions>
        </relations>
      </organization>
      <organization ecContribution="77415" order="11" terminated="false" type="participant">
        <availableLanguages readOnly="true">en</availableLanguages>
        <rcn>2392261</rcn>
        <id>956344244</id>
        <vatNumber>NO971512512MVA</vatNumber>
        <legalName>HOGSKOLEN I HARSTAD</legalName>
        <shortName>HIH</shortName>
        <address>
          <street>HAVNEGATA 5</street>
          <city>HARSTAD</city>
          <postalCode>9480</postalCode>
          <country>NO</country>
        </address>
        <relations>
          <categories>
            <category classification="organizationActivityType" type="relatedOrganizationActivityType">
              <availableLanguages readOnly="true">de,en,es,fr,it,pl</availableLanguages>
              <code>/HES</code>
              <title>Higher or Secondary Education Establishments</title>
            </category>
          </categories>
          <regions>
            <region type="relatedRegion">
              <name>Norway</name>
              <nutsCode>NO</nutsCode>
              <euCode>NO</euCode>
              <isoCode>NO</isoCode>
              <rcn>392333864</rcn>
            </region>
          </regions>
        </relations>
      </organization>
      <organization ecContribution="320841" order="6" terminated="false" type="participant">
        <availableLanguages readOnly="true">en</availableLanguages>
        <rcn>1906240</rcn>
        <id>999978530</id>
        <vatNumber>SE202100297301</vatNumber>
        <legalName>KAROLINSKA INSTITUTET</legalName>
        <shortName>KI</shortName>
        <address>
          <street>Nobels Vag 5</street>
          <city>STOCKHOLM</city>
          <postalCode>17177</postalCode>
          <country>SE</country>
          <postBox>N/A</postBox>
          <url>www.ki.se</url>
        </address>
        <departmentName>Institute of Environmental Medicine</departmentName>
        <relations>
          <categories>
            <category classification="organizationActivityType" type="relatedOrganizationActivityType">
              <availableLanguages readOnly="true">de,en,es,fr,it,pl</availableLanguages>
              <code>/HES</code>
              <title>Higher or Secondary Education Establishments</title>
            </category>
          </categories>
          <regions>
            <region type="relatedRegion">
              <name>Sweden</name>
              <nutsCode>SE</nutsCode>
              <euCode>SE</euCode>
              <isoCode>SE</isoCode>
              <rcn>473598504</rcn>
            </region>
          </regions>
        </relations>
      </organization>
      <organization ecContribution="708318" order="5" terminated="false" type="participant">
        <availableLanguages readOnly="true">en</availableLanguages>
        <rcn>1907035</rcn>
        <id>999985223</id>
        <vatNumber>GB688953065</vatNumber>
        <legalName>UNIVERSITY OF SURREY</legalName>
        <shortName>SURREY</shortName>
        <address>
          <street>Stag Hill</street>
          <city>GUILDFORD</city>
          <postalCode>GU2 7XH</postalCode>
          <country>UK</country>
          <postBox>N/A</postBox>
          <url>www.surrey.ac.uk</url>
        </address>
        <departmentName>Research Finance</departmentName>
        <relations>
          <categories>
            <category classification="organizationActivityType" type="relatedOrganizationActivityType">
              <availableLanguages readOnly="true">de,en,es,fr,it,pl</availableLanguages>
              <code>/HES</code>
              <title>Higher or Secondary Education Establishments</title>
            </category>
          </categories>
          <regions>
            <region type="relatedRegion">
              <name>United Kingdom</name>
              <nutsCode>UK</nutsCode>
              <euCode>UK</euCode>
              <isoCode>GB</isoCode>
              <rcn>508725800</rcn>
            </region>
          </regions>
        </relations>
      </organization>
      <organization order="12" ecContribution="48975" terminated="false" type="participant">
        <availableLanguages readOnly="true">en</availableLanguages>
        <rcn>1910455</rcn>
        <id>999884246</id>
        <vatNumber>IS019133</vatNumber>
        <legalName>HASKOLI ISLANDS</legalName>
        <shortName>UI</shortName>
        <address>
          <street>SAEMUNDARGOTU 2</street>
          <city>REYKJAVIK</city>
          <postalCode>101</postalCode>
          <country>IS</country>
          <postBox>N/A</postBox>
          <url>www.hi.is</url>
        </address>
        <departmentName>Research Liaison Office</departmentName>
        <relations>
          <categories>
            <category classification="organizationActivityType" type="relatedOrganizationActivityType">
              <availableLanguages readOnly="true">de,en,es,fr,it,pl</availableLanguages>
              <code>/HES</code>
              <title>Higher or Secondary Education Establishments</title>
            </category>
          </categories>
          <regions>
            <region type="relatedRegion">
              <name>Iceland</name>
              <nutsCode>IS</nutsCode>
              <euCode>IS</euCode>
              <isoCode>IS</isoCode>
              <rcn>309496360</rcn>
            </region>
          </regions>
        </relations>
      </organization>
      <organization ecContribution="126197.5" order="8" terminated="false" type="participant">
        <availableLanguages readOnly="true">en</availableLanguages>
        <rcn>1907434</rcn>
        <id>999981052</id>
        <vatNumber>GB627403551</vatNumber>
        <legalName>KING'S COLLEGE LONDON</legalName>
        <shortName>KCL</shortName>
        <address>
          <street>Strand</street>
          <city>LONDON</city>
          <postalCode>WC2R 2LS</postalCode>
          <country>UK</country>
          <postBox>N/A</postBox>
          <url>www.kcl.ac.uk</url>
        </address>
        <departmentName>RESEARCH GRANTS &amp; CONTRACTS</departmentName>
        <relations>
          <categories>
            <category classification="organizationActivityType" type="relatedOrganizationActivityType">
              <availableLanguages readOnly="true">de,en,es,fr,it,pl</availableLanguages>
              <code>/HES</code>
              <title>Higher or Secondary Education Establishments</title>
            </category>
          </categories>
          <regions>
            <region type="relatedRegion">
              <name>United Kingdom</name>
              <nutsCode>UK</nutsCode>
              <euCode>UK</euCode>
              <isoCode>GB</isoCode>
              <rcn>508725800</rcn>
            </region>
          </regions>
        </relations>
      </organization>
    <categories>
      <category classification="projectFundingSchemeCategory" type="relatedProjectFundingSchemeCategory">
        <availableLanguages readOnly="true">en</availableLanguages>
        <code>/RIA</code>
        <title>Research and Innovation action</title>
      </category>
    </categories>
