  <rcn>193316</rcn>
  <acronym>MycoSynVac</acronym>
  <objective>Mycoplasmas are the smallest cell wall less, free-living microorganisms. The lack of a cell wall makes them resistant to many of the common antibiotics. Every year, infections caused by Mycoplasmas in poultry, cows, and pigs, result in multimillion euros losses in USA and Europe. Currently, there are vaccines against M hyopneumoniae in pigs and M gallisepticum and M synoviae in poultry. However, there is no vaccination against many Mycoplasma species infecting pets, humans and farm animals (ie M bovis cow infection). Mycoplasma species in many cases are difficult to grown in axenic culture and those that grow need a complex media with animal serum. In large scale production of Mycoplasma species for vaccination aside from the high cost of animal serum, more important is the high irreproducibility in the production process and the possible contamination with animal viruses. All this together highlights what European industry needs:i) a defined cheap reproducible medium that is animal serum free and ii) an universal Mycoplasma chassis that could be used in a pipeline to vaccinate against Mycoplasma species, as well as any pathogen. M pneumoniae is an ideal starting point for designing such a vaccine chassis. It has a small genome (860 kb) and it is probably the organism with the most comprehensive systems biology data acquired so far. By genome comparison, metabolic modeling and rationally engineering its genome, we will create a vaccine chassis that will be introduced into an industrial pipeline. The process will be guided by the second world largest industry on animal vaccination (MSD), as well as a SME specialized on peptide display and screening. This will ensure the exploitation and commercialization of our work contributing to maintain Europe privileged position in this field. Our ultimate goal is to meet the needs of the livestock industry,taking care of ethical issues, foreseeable risks, and prepare effective dissemination and training material for the public.</objective>
  <title>Engineering of Mycoplasma pneumoniae as a broad-spectrum animal vaccine</title>
      <organization ecContribution="552392" order="8" terminated="false" type="participant">
        <availableLanguages readOnly="true">en</availableLanguages>
        <rcn>1918342</rcn>
        <id>968837747</id>
        <legalName>BIOFACTION KG</legalName>
        <shortName>BFT</shortName>
        <address>
          <street>KUNDMANNGASSE 39/12</street>
          <city>WIEN</city>
          <postalCode>1030</postalCode>
          <country>AT</country>
          <url>www.biofaction.com</url>
        </address>
        <relations>
          <categories>
            <category classification="organizationActivityType" type="relatedOrganizationActivityType">
              <availableLanguages readOnly="true">de,en,es,fr,it,pl</availableLanguages>
              <code>/PRC</code>
              <title>Private for-profit entities (excluding Higher or Secondary Education Establishments)</title>
            </category>
          </categories>
          <regions>
            <region type="relatedRegion">
              <name>Austria</name>
              <nutsCode>AT</nutsCode>
              <euCode>AT</euCode>
              <isoCode>AT</isoCode>
              <rcn>175540776</rcn>
            </region>
          </regions>
        </relations>
      </organization>
      <organization ecContribution="699977" order="5" terminated="false" type="participant">
        <availableLanguages readOnly="true">en</availableLanguages>
        <rcn>1905566</rcn>
        <id>999993468</id>
        <vatNumber>GB649926678</vatNumber>
        <legalName>IMPERIAL COLLEGE OF SCIENCE TECHNOLOGY AND MEDICINE</legalName>
        <shortName>Imperial</shortName>
        <address>
          <street>SOUTH KENSINGTON CAMPUS EXHIBITION ROAD</street>
          <city>LONDON</city>
          <postalCode>SW7 2AZ</postalCode>
          <country>UK</country>
          <postBox>N/A</postBox>
          <url>http://www.imperial.ac.uk/</url>
        </address>
        <departmentName>Level 2</departmentName>
        <departmentName>Faculty Building</departmentName>
        <relations>
          <categories>
            <category classification="organizationActivityType" type="relatedOrganizationActivityType">
              <availableLanguages readOnly="true">de,en,es,fr,it,pl</availableLanguages>
              <code>/HES</code>
              <title>Higher or Secondary Education Establishments</title>
            </category>
          </categories>
          <regions>
            <region type="relatedRegion">
              <name>United Kingdom</name>
              <nutsCode>UK</nutsCode>
              <euCode>UK</euCode>
              <isoCode>GB</isoCode>
              <rcn>508725800</rcn>
            </region>
          </regions>
        </relations>
      </organization>
      <organization ecContribution="1476250" order="2" terminated="false" type="participant">
        <availableLanguages readOnly="true">en</availableLanguages>
        <rcn>1906877</rcn>
        <id>995444071</id>
        <vatNumber>NL001154680B01</vatNumber>
        <legalName>Intervet International B.V.</legalName>
        <shortName>Intervet Intl</shortName>
        <address>
          <street>WIM DE KORVERSTRAAT 35</street>
          <city>BOXMEER</city>
          <postalCode>5831 AN</postalCode>
          <country>NL</country>
          <url>http://www.intervet.com/</url>
        </address>
        <relations>
          <categories>
            <category classification="organizationActivityType" type="relatedOrganizationActivityType">
              <availableLanguages readOnly="true">de,en,es,fr,it,pl</availableLanguages>
              <code>/PRC</code>
              <title>Private for-profit entities (excluding Higher or Secondary Education Establishments)</title>
            </category>
          </categories>
          <regions>
            <region type="relatedRegion">
              <name>Netherlands</name>
              <nutsCode>NL</nutsCode>
              <euCode>NL</euCode>
              <isoCode>NL</isoCode>
              <rcn>391547432</rcn>
            </region>
          </regions>
        </relations>
      </organization>
      <organization ecContribution="897493" order="6" terminated="false" type="participant">
        <availableLanguages readOnly="true">en</availableLanguages>
        <rcn>2395150</rcn>
        <id>951110900</id>
        <vatNumber>DE217329965</vatNumber>
        <legalName>ATG:BIOSYNTHETICS GMBH</legalName>
        <shortName>ATG</shortName>
        <address>
          <street>Weberstrasse 40</street>
          <city>Merzhausen</city>
          <postalCode>79249</postalCode>
          <country>DE</country>
        </address>
        <relations>
          <categories>
            <category classification="organizationActivityType" type="relatedOrganizationActivityType">
              <availableLanguages readOnly="true">de,en,es,fr,it,pl</availableLanguages>
              <code>/PRC</code>
              <title>Private for-profit entities (excluding Higher or Secondary Education Establishments)</title>
            </category>
          </categories>
          <regions>
            <region type="relatedRegion">
              <name>Germany</name>
              <nutsCode>DE</nutsCode>
              <euCode>DE</euCode>
              <isoCode>DE</isoCode>
              <rcn>221940264</rcn>
            </region>
          </regions>
        </relations>
      </organization>
      <organization ecContribution="591750" order="7" terminated="false" type="participant">
        <availableLanguages readOnly="true">en</availableLanguages>
        <rcn>1906270</rcn>
        <id>999991043</id>
        <vatNumber>DK29979812</vatNumber>
        <legalName>KOBENHAVNS UNIVERSITET</legalName>
        <shortName>UCPH</shortName>
        <address>
          <street>NORREGADE 10</street>
          <city>KOBENHAVN</city>
          <postalCode>1165</postalCode>
          <country>DK</country>
          <postBox>000</postBox>
          <url>www.ku.dk</url>
        </address>
        <departmentName>Central Administration</departmentName>
        <departmentName> Accounting Department</departmentName>
        <relations>
          <categories>
            <category classification="organizationActivityType" type="relatedOrganizationActivityType">
              <availableLanguages readOnly="true">de,en,es,fr,it,pl</availableLanguages>
              <code>/HES</code>
              <title>Higher or Secondary Education Establishments</title>
            </category>
          </categories>
          <regions>
            <region type="relatedRegion">
              <name>Denmark</name>
              <nutsCode>DK</nutsCode>
              <euCode>DK</euCode>
              <isoCode>DK</isoCode>
              <rcn>223513128</rcn>
            </region>
          </regions>
        </relations>
      </organization>
      <organization ecContribution="860008" order="4" terminated="false" type="participant">
        <availableLanguages readOnly="true">en</availableLanguages>
        <rcn>1906458</rcn>
        <id>999981634</id>
        <vatNumber>NL811383696B01</vatNumber>
        <legalName>WAGENINGEN UNIVERSITY</legalName>
        <shortName>WU</shortName>
        <address>
          <street>DROEVENDAALSESTEEG 4</street>
          <city>WAGENINGEN</city>
          <postalCode>6708 PB</postalCode>
          <country>NL</country>
          <postBox>9101</postBox>
          <url>http://www.wageningenur.nl/nl.htm</url>
        </address>
        <departmentName>Agrotechnology and Food Science Group</departmentName>
        <relations>
          <categories>
            <category classification="organizationActivityType" type="relatedOrganizationActivityType">
              <availableLanguages readOnly="true">de,en,es,fr,it,pl</availableLanguages>
              <code>/HES</code>
              <title>Higher or Secondary Education Establishments</title>
            </category>
          </categories>
          <regions>
            <region type="relatedRegion">
              <name>Netherlands</name>
              <nutsCode>NL</nutsCode>
              <euCode>NL</euCode>
              <isoCode>NL</isoCode>
              <rcn>391547432</rcn>
            </region>
          </regions>
        </relations>
      </organization>
      <organization ecContribution="850300" order="3" terminated="false" type="participant">
        <availableLanguages readOnly="true">en</availableLanguages>
        <rcn>1906233</rcn>
        <id>999993274</id>
        <vatNumber>FR57180070039</vatNumber>
        <legalName>INSTITUT NATIONAL DE LA RECHERCHE AGRONOMIQUE</legalName>
        <shortName>INRA</shortName>
        <address>
          <street>Rue De L'Universite  147</street>
          <city>PARIS CEDEX 07</city>
          <postalCode>75338</postalCode>
          <country>FR</country>
          <url>www.inra.fr</url>
        </address>
        <departmentName>INRA</departmentName>
        <departmentName> Centre de Versailles grignon</departmentName>
        <relations>
          <categories>
            <category classification="organizationActivityType" type="relatedOrganizationActivityType">
              <availableLanguages readOnly="true">de,en,es,fr,it,pl</availableLanguages>
              <code>/REC</code>
              <title>Research Organisations</title>
            </category>
          </categories>
          <regions>
            <region type="relatedRegion">
              <name>France</name>
              <nutsCode>FR</nutsCode>
              <euCode>FR</euCode>
              <isoCode>FR</isoCode>
              <rcn>258902568</rcn>
            </region>
          </regions>
        </relations>
      </organization>
      <organization ecContribution="2128507" order="1" terminated="false" type="coordinator">
        <availableLanguages readOnly="true">en</availableLanguages>
        <rcn>1905562</rcn>
        <id>999544455</id>
        <vatNumber>ESG62426937</vatNumber>
        <legalName>FUNDACIO CENTRE DE REGULACIO GENOMICA</legalName>
        <shortName>CRG</shortName>
        <address>
          <street>CARRER DOCTOR AIGUADER 88</street>
          <city>BARCELONA</city>
          <postalCode>08003</postalCode>
          <country>ES</country>
          <postBox>000</postBox>
          <url>www.crg.es</url>
        </address>
        <departmentName>Administration</departmentName>
        <relations>
          <categories>
            <category classification="organizationActivityType" type="relatedOrganizationActivityType">
              <availableLanguages readOnly="true">de,en,es,fr,it,pl</availableLanguages>
              <code>/REC</code>
              <title>Research Organisations</title>
            </category>
          </categories>
          <regions>
            <region type="relatedRegion">
              <name>Spain</name>
              <nutsCode>ES</nutsCode>
              <euCode>ES</euCode>
              <isoCode>ES</isoCode>
              <rcn>242387496</rcn>
            </region>
          </regions>
        </relations>
      </organization>
    <categories>
      <category classification="projectFundingSchemeCategory" type="relatedProjectFundingSchemeCategory">
        <availableLanguages readOnly="true">en</availableLanguages>
        <code>/RIA</code>
        <title>Research and Innovation action</title>
      </category>
    </categories>
