  <rcn>193249</rcn>
  <acronym>LIFEPATH</acronym>
  <objective>The dramatic differentials in healthy ageing, quality of life and life expectancy between individuals of different socioeconomic groups, is a major societal challenge facing Europe. The overarching aim of the LIFEPATH project is to understand the determinants of diverging ageing pathways among individuals belonging to different socio-economic groups. This will be achieved via an original study design that integrates social science approaches with biology (including molecular epidemiology), using existing population cohorts and omics measurements (particularly epigenomics). The specific objectives of the project are: (a) To show that healthy ageing is an achievable goal for society, as it is already experienced by individuals of high socio-economic status (SES); (b) To improve the understanding of the mechanisms through which healthy ageing pathways diverge by SES, by investigating lifecourse biological pathways using omic technologies; (c) To examine the consequences of the current economic recession on health and the biology of ageing (and the consequent increase in social inequalities); (d) To provide updated, relevant and innovative evidence for healthy ageing policies (particularly “health in all policies”) that address social disparities in ageing and the social determinants of health, using both observational studies as well as an experimental approach based on the existing "conditional cash transfer" experiment in New York.
To achieve these objectives we will use data from three categories of studies: 1. Europe-wide or national surveys combined with population registry data;  2. Cohorts with intense phenotyping and repeat biological samples (total population &gt;33,000); 3. Large cohorts with biological samples (total population &gt;202,000). The cohorts will provide information on healthy ageing at different stages of life, based on the concepts of life-course epidemiology ("build-up and decline") and multimorbidity.</objective>
  <title>Lifecourse biological pathways underlying social differences in healthy ageing</title>
      <organization ecContribution="507528.02" order="17" terminated="false" type="participant">
        <availableLanguages readOnly="true">en</availableLanguages>
        <rcn>1905568</rcn>
        <id>999994535</id>
        <vatNumber>FI03134717</vatNumber>
        <legalName>HELSINGIN YLIOPISTO</legalName>
        <shortName>UHEL</shortName>
        <address>
          <street>FABIANINKATU 33</street>
          <city>HELSINGIN YLIOPISTO</city>
          <postalCode>00014</postalCode>
          <country>FI</country>
          <postBox>3</postBox>
          <url>www.helsinki.fi</url>
        </address>
        <departmentName>Central Administration</departmentName>
        <relations>
          <categories>
            <category classification="organizationActivityType" type="relatedOrganizationActivityType">
              <availableLanguages readOnly="true">de,en,es,fr,it,pl</availableLanguages>
              <code>/HES</code>
              <title>Higher or Secondary Education Establishments</title>
            </category>
          </categories>
          <regions>
            <region type="relatedRegion">
              <name>Finland</name>
              <nutsCode>FI</nutsCode>
              <euCode>FI</euCode>
              <isoCode>FI</isoCode>
              <rcn>256543272</rcn>
            </region>
          </regions>
        </relations>
      </organization>
      <organization ecContribution="232585" order="10" terminated="false" type="participant">
        <availableLanguages readOnly="true">en</availableLanguages>
        <rcn>1906210</rcn>
        <id>999997833</id>
        <vatNumber>FR31180036048</vatNumber>
        <legalName>INSTITUT NATIONAL DE LA SANTE ET DE LA RECHERCHE MEDICALE</legalName>
        <shortName>INSERM</shortName>
        <address>
          <street>RUE DE TOLBIAC 101</street>
          <city>PARIS</city>
          <postalCode>75654</postalCode>
          <country>FR</country>
          <postBox>N/A</postBox>
          <url>www.inserm.fr</url>
        </address>
        <departmentName>Délégation Régionale Nord-Ouest</departmentName>
        <relations>
          <categories>
            <category classification="organizationActivityType" type="relatedOrganizationActivityType">
              <availableLanguages readOnly="true">de,en,es,fr,it,pl</availableLanguages>
              <code>/REC</code>
              <title>Research Organisations</title>
            </category>
          </categories>
          <regions>
            <region type="relatedRegion">
              <name>France</name>
              <nutsCode>FR</nutsCode>
              <euCode>FR</euCode>
              <isoCode>FR</isoCode>
              <rcn>258902568</rcn>
            </region>
          </regions>
        </relations>
      </organization>
      <organization ecContribution="326062.5" order="15" terminated="false" type="participant">
        <availableLanguages readOnly="true">en</availableLanguages>
        <rcn>1964110</rcn>
        <id>995116017</id>
        <legalName>ZADIG SRL</legalName>
        <shortName>ZADIG</shortName>
        <address>
          <street>VIA AMPERE ANDREA MARIA 59</street>
          <city>MILANO</city>
          <postalCode>20131</postalCode>
          <country>IT</country>
        </address>
        <relations>
          <categories>
            <category classification="organizationActivityType" type="relatedOrganizationActivityType">
              <availableLanguages readOnly="true">de,en,es,fr,it,pl</availableLanguages>
              <code>/PRC</code>
              <title>Private for-profit entities (excluding Higher or Secondary Education Establishments)</title>
            </category>
          </categories>
          <regions>
            <region type="relatedRegion">
              <name>Italy</name>
              <nutsCode>IT</nutsCode>
              <euCode>IT</euCode>
              <isoCode>IT</isoCode>
              <rcn>309758504</rcn>
            </region>
          </regions>
        </relations>
      </organization>
      <organization ecContribution="936050" order="1" terminated="false" type="coordinator">
        <availableLanguages readOnly="true">en</availableLanguages>
        <rcn>1905566</rcn>
        <id>999993468</id>
        <vatNumber>GB649926678</vatNumber>
        <legalName>IMPERIAL COLLEGE OF SCIENCE TECHNOLOGY AND MEDICINE</legalName>
        <shortName>Imperial</shortName>
        <address>
          <street>SOUTH KENSINGTON CAMPUS EXHIBITION ROAD</street>
          <city>LONDON</city>
          <postalCode>SW7 2AZ</postalCode>
          <country>UK</country>
          <postBox>N/A</postBox>
          <url>http://www.imperial.ac.uk/</url>
        </address>
        <departmentName>Level 2</departmentName>
        <departmentName>Faculty Building</departmentName>
        <relations>
          <categories>
            <category classification="organizationActivityType" type="relatedOrganizationActivityType">
              <availableLanguages readOnly="true">de,en,es,fr,it,pl</availableLanguages>
              <code>/HES</code>
              <title>Higher or Secondary Education Establishments</title>
            </category>
          </categories>
          <regions>
            <region type="relatedRegion">
              <name>United Kingdom</name>
              <nutsCode>UK</nutsCode>
              <euCode>UK</euCode>
              <isoCode>GB</isoCode>
              <rcn>508725800</rcn>
            </region>
          </regions>
        </relations>
      </organization>
      <organization ecContribution="330202.5" order="13" terminated="false" type="participant">
        <availableLanguages readOnly="true">en</availableLanguages>
        <rcn>1908266</rcn>
        <id>999845446</id>
        <vatNumber>IE2200007U</vatNumber>
        <legalName>THE PROVOST, FELLOWS, FOUNDATION SCHOLARS &amp; THE OTHER MEMBERS OF BOARD OF THE COLLEGE OF THE HOLY &amp; UNDIVIDED TRINITY OF QUEEN ELIZABETH NEAR DUBLIN</legalName>
        <shortName>TRINITY COLLEGE DUBLIN</shortName>
        <address>
          <street>College Green</street>
          <city>DUBLIN</city>
          <postalCode>2</postalCode>
          <country>IE</country>
          <postBox>N/A</postBox>
          <url>www.tcd.ie</url>
        </address>
        <departmentName>Financial Services Division</departmentName>
        <relations>
          <categories>
            <category classification="organizationActivityType" type="relatedOrganizationActivityType">
              <availableLanguages readOnly="true">de,en,es,fr,it,pl</availableLanguages>
              <code>/HES</code>
              <title>Higher or Secondary Education Establishments</title>
            </category>
          </categories>
          <regions>
            <region type="relatedRegion">
              <name>Ireland</name>
              <nutsCode>IE</nutsCode>
              <euCode>IE</euCode>
              <isoCode>IE</isoCode>
              <rcn>305826344</rcn>
            </region>
          </regions>
        </relations>
      </organization>
      <organization ecContribution="0" order="6" terminated="true" type="participant">
        <availableLanguages readOnly="true">en</availableLanguages>
        <rcn>1908354</rcn>
        <id>999861063</id>
        <vatNumber>GB629588094</vatNumber>
        <legalName>LONDON SCHOOL OF ECONOMICS AND POLITICAL SCIENCE</legalName>
        <shortName>LSE</shortName>
        <address>
          <street>Houghton Street 1</street>
          <city>LONDON</city>
          <postalCode>WC2A 2AE</postalCode>
          <country>UK</country>
          <postBox>N/A</postBox>
          <url>www.lse.ac.uk</url>
        </address>
        <departmentName>LSE Health</departmentName>
        <relations>
          <categories>
            <category classification="organizationActivityType" type="relatedOrganizationActivityType">
              <availableLanguages readOnly="true">de,en,es,fr,it,pl</availableLanguages>
              <code>/HES</code>
              <title>Higher or Secondary Education Establishments</title>
            </category>
          </categories>
          <regions>
            <region type="relatedRegion">
              <name>United Kingdom</name>
              <nutsCode>UK</nutsCode>
              <euCode>UK</euCode>
              <isoCode>GB</isoCode>
              <rcn>508725800</rcn>
            </region>
          </regions>
        </relations>
      </organization>
      <organization ecContribution="0" order="12" terminated="false" type="participant">
        <availableLanguages readOnly="true">en</availableLanguages>
        <rcn>2126812</rcn>
        <id>998192178</id>
        <legalName>CANCER COUNCIL VICTORIA</legalName>
        <shortName>CCV</shortName>
        <address>
          <street>615 ST KILDA ROAD</street>
          <city>MELBOURNE VICTORIA</city>
          <postalCode>3004</postalCode>
          <country>AU</country>
          <url>www.cancervic.org.au</url>
        </address>
        <relations>
          <categories>
            <category classification="organizationActivityType" type="relatedOrganizationActivityType">
              <availableLanguages readOnly="true">de,en,es,fr,it,pl</availableLanguages>
              <code>/REC</code>
              <title>Research Organisations</title>
            </category>
          </categories>
          <regions>
            <region type="relatedRegion">
              <name>Australia</name>
              <nutsCode>AU</nutsCode>
              <euCode>AU</euCode>
              <isoCode>AU</isoCode>
              <rcn>175802920</rcn>
            </region>
          </regions>
        </relations>
      </organization>
      <organization ecContribution="162125" order="14" terminated="false" type="participant">
        <availableLanguages readOnly="true">en</availableLanguages>
        <rcn>1907543</rcn>
        <id>999861936</id>
        <vatNumber>IT02099550010</vatNumber>
        <legalName>UNIVERSITA DEGLI STUDI DI TORINO</legalName>
        <shortName>UNITO</shortName>
        <address>
          <street>VIA GIUSEPPE VERDI 8</street>
          <city>TORINO</city>
          <postalCode>10124</postalCode>
          <country>IT</country>
          <postBox>N/A</postBox>
          <url>www.unito.it</url>
        </address>
        <departmentName>Dipartimento di Culture</departmentName>
        <departmentName>Politica e Società</departmentName>
        <relations>
          <categories>
            <category classification="organizationActivityType" type="relatedOrganizationActivityType">
              <availableLanguages readOnly="true">de,en,es,fr,it,pl</availableLanguages>
              <code>/HES</code>
              <title>Higher or Secondary Education Establishments</title>
            </category>
          </categories>
          <regions>
            <region type="relatedRegion">
              <name>Italy</name>
              <nutsCode>IT</nutsCode>
              <euCode>IT</euCode>
              <isoCode>IT</isoCode>
              <rcn>309758504</rcn>
            </region>
          </regions>
        </relations>
      </organization>
      <organization ecContribution="210200" order="11" terminated="false" type="participant">
        <availableLanguages readOnly="true">en</availableLanguages>
        <rcn>2391838</rcn>
        <id>945022889</id>
        <vatNumber>PT509093892</vatNumber>
        <legalName>INSTITUTO DE SAUDE PUBLICA DA UNIVERSIDADE DO PORTO</legalName>
        <shortName>ISPUP</shortName>
        <address>
          <street>PRACA GOMES TEIXEIRA - EDIFICIO GOMES TEIXEIRA</street>
          <city>PORTO</city>
          <postalCode>4050 290</postalCode>
          <country>PT</country>
        </address>
        <relations>
          <categories>
            <category classification="organizationActivityType" type="relatedOrganizationActivityType">
              <availableLanguages readOnly="true">de,en,es,fr,it,pl</availableLanguages>
              <code>/REC</code>
              <title>Research Organisations</title>
            </category>
          </categories>
          <regions>
            <region type="relatedRegion">
              <name>Portugal</name>
              <nutsCode>PT</nutsCode>
              <euCode>PT</euCode>
              <isoCode>PT</isoCode>
              <rcn>427199016</rcn>
            </region>
          </regions>
        </relations>
      </organization>
      <organization ecContribution="0" order="3" terminated="false" type="participant">
        <availableLanguages readOnly="true">en</availableLanguages>
        <rcn>1907256</rcn>
        <id>999600909</id>
        <vatNumber>CHE108910225TVA</vatNumber>
        <legalName>CENTRE HOSPITALIER UNIVERSITAIRE VAUDOIS</legalName>
        <shortName>HOSPICES CANTONAUX</shortName>
        <address>
          <street>RUE DU BUGNON 21</street>
          <city>LAUSANNE</city>
          <postalCode>1005</postalCode>
          <country>CH</country>
          <postBox>N/A</postBox>
          <url>www.chuv.ch</url>
        </address>
        <departmentName>Department of Clinical Neurosciences</departmentName>
        <relations>
          <categories>
            <category classification="organizationActivityType" type="relatedOrganizationActivityType">
              <availableLanguages readOnly="true">de,en,es,fr,it,pl</availableLanguages>
              <code>/PUB</code>
              <title>Public bodies (excluding Research Organisations and Secondary or Higher Education Establishments)</title>
            </category>
          </categories>
          <regions>
            <region type="relatedRegion">
              <name>Switzerland</name>
              <nutsCode>CH</nutsCode>
              <euCode>CH</euCode>
              <isoCode>CH</isoCode>
              <rcn>205949480</rcn>
            </region>
          </regions>
        </relations>
      </organization>
      <organization ecContribution="201250" order="7" terminated="false" type="participant">
        <availableLanguages readOnly="true">en</availableLanguages>
        <rcn>1949447</rcn>
        <id>998269778</id>
        <legalName>TRUSTEES OF COLUMBIA UNIVERSITY IN THE CITY OF NEW YORK</legalName>
        <shortName>TRUSTEES OF COLUMBIA UNIVERSITY IN THE CITY OF NEW YORK</shortName>
        <address>
          <street>AMSTERDAM AVENUE 1210 ROOM</street>
          <city>NEW YORK</city>
          <postalCode>10027 7003</postalCode>
          <country>US</country>
          <postBox>Mail Code 2205</postBox>
          <url>www.columbia.edu</url>
        </address>
        <departmentName>Sponsored Projects Administration</departmentName>
        <relations>
          <categories>
            <category classification="organizationActivityType" type="relatedOrganizationActivityType">
              <availableLanguages readOnly="true">de,en,es,fr,it,pl</availableLanguages>
              <code>/HES</code>
              <title>Higher or Secondary Education Establishments</title>
            </category>
          </categories>
          <regions>
            <region type="relatedRegion">
              <name>United States</name>
              <nutsCode>US</nutsCode>
              <euCode>US</euCode>
              <isoCode>US</isoCode>
              <rcn>510822952</rcn>
            </region>
          </regions>
        </relations>
      </organization>
      <organization ecContribution="1051500" order="9" terminated="false" type="participant">
        <availableLanguages readOnly="true">en</availableLanguages>
        <rcn>1937148</rcn>
        <id>986331600</id>
        <legalName>IIGM FOUNDATION</legalName>
        <shortName>HUGEF</shortName>
        <address>
          <street>VIA NIZZA 52</street>
          <city>TORINO</city>
          <postalCode>10126</postalCode>
          <country>IT</country>
          <url>http://www.hugef-torino.org/</url>
        </address>
        <relations>
          <categories>
            <category classification="organizationActivityType" type="relatedOrganizationActivityType">
              <availableLanguages readOnly="true">de,en,es,fr,it,pl</availableLanguages>
              <code>/REC</code>
              <title>Research Organisations</title>
            </category>
          </categories>
          <regions>
            <region type="relatedRegion">
              <name>Italy</name>
              <nutsCode>IT</nutsCode>
              <euCode>IT</euCode>
              <isoCode>IT</isoCode>
              <rcn>309758504</rcn>
            </region>
          </regions>
        </relations>
      </organization>
      <organization ecContribution="702812.5" order="5" terminated="false" type="participant">
        <availableLanguages readOnly="true">en</availableLanguages>
        <rcn>1906208</rcn>
        <id>999988424</id>
        <vatNumber>NL807181997B01</vatNumber>
        <legalName>ERASMUS UNIVERSITAIR MEDISCH CENTRUM ROTTERDAM</legalName>
        <shortName>EMC</shortName>
        <address>
          <street>S GRAVENDIJKWAL 230</street>
          <city>ROTTERDAM</city>
          <postalCode>3015 CE</postalCode>
          <country>NL</country>
          <postBox>N/A</postBox>
          <url>www.erasmusmc.nl</url>
        </address>
        <departmentName>Radiology</departmentName>
        <relations>
          <categories>
            <category classification="organizationActivityType" type="relatedOrganizationActivityType">
              <availableLanguages readOnly="true">de,en,es,fr,it,pl</availableLanguages>
              <code>/HES</code>
              <title>Higher or Secondary Education Establishments</title>
            </category>
          </categories>
          <regions>
            <region type="relatedRegion">
              <name>Netherlands</name>
              <nutsCode>NL</nutsCode>
              <euCode>NL</euCode>
              <isoCode>NL</isoCode>
              <rcn>391547432</rcn>
            </region>
          </regions>
        </relations>
      </organization>
      <organization ecContribution="474831" order="2" terminated="false" type="participant">
        <availableLanguages readOnly="true">en</availableLanguages>
        <rcn>1906225</rcn>
        <id>999975620</id>
        <vatNumber>GB524371168</vatNumber>
        <legalName>UNIVERSITY COLLEGE LONDON</legalName>
        <shortName>UCL</shortName>
        <address>
          <street>GOWER STREET</street>
          <city>LONDON</city>
          <postalCode>WC1E 6BT</postalCode>
          <country>UK</country>
          <postBox>000</postBox>
          <url>http://www.ucl.ac.uk</url>
        </address>
        <departmentName>European Research and Innovation Office</departmentName>
        <relations>
          <categories>
            <category classification="organizationActivityType" type="relatedOrganizationActivityType">
              <availableLanguages readOnly="true">de,en,es,fr,it,pl</availableLanguages>
              <code>/HES</code>
              <title>Higher or Secondary Education Establishments</title>
            </category>
          </categories>
          <regions>
            <region type="relatedRegion">
              <name>United Kingdom</name>
              <nutsCode>UK</nutsCode>
              <euCode>UK</euCode>
              <isoCode>GB</isoCode>
              <rcn>508725800</rcn>
            </region>
          </regions>
        </relations>
      </organization>
      <organization ecContribution="351500" order="4" terminated="false" type="participant">
        <availableLanguages readOnly="true">en</availableLanguages>
        <rcn>1914605</rcn>
        <id>999851169</id>
        <vatNumber>FR17193113842</vatNumber>
        <legalName>UNIVERSITE PAUL SABATIER TOULOUSE III</legalName>
        <shortName>UPS</shortName>
        <address>
          <street>ROUTE DE NARBONNE 118</street>
          <city>TOULOUSE CEDEX 9</city>
          <postalCode>31062</postalCode>
          <country>FR</country>
          <postBox>000</postBox>
          <url>www.ups-tlse.fr</url>
        </address>
        <departmentName>LAPLACE</departmentName>
        <relations>
          <categories>
            <category classification="organizationActivityType" type="relatedOrganizationActivityType">
              <availableLanguages readOnly="true">de,en,es,fr,it,pl</availableLanguages>
              <code>/HES</code>
              <title>Higher or Secondary Education Establishments</title>
            </category>
          </categories>
          <regions>
            <region type="relatedRegion">
              <name>France</name>
              <nutsCode>FR</nutsCode>
              <euCode>FR</euCode>
              <isoCode>FR</isoCode>
              <rcn>258902568</rcn>
            </region>
          </regions>
        </relations>
      </organization>
      <organization ecContribution="155065.73" order="8" terminated="true" type="participant">
        <availableLanguages readOnly="true">en</availableLanguages>
        <rcn>1914767</rcn>
        <id>999880948</id>
        <vatNumber>FI02202669</vatNumber>
        <legalName>TYOTERVEYSLAITOS</legalName>
        <shortName>FIOH</shortName>
        <address>
          <street>TOPELIUKSENKATU 41 B</street>
          <city>HELSINKI</city>
          <postalCode>00250</postalCode>
          <country>FI</country>
          <postBox>P.O. Box 40</postBox>
          <url>www.ttl.fi</url>
        </address>
        <relations>
          <categories>
            <category classification="organizationActivityType" type="relatedOrganizationActivityType">
              <availableLanguages readOnly="true">de,en,es,fr,it,pl</availableLanguages>
              <code>/REC</code>
              <title>Research Organisations</title>
            </category>
          </categories>
          <regions>
            <region type="relatedRegion">
              <name>Finland</name>
              <nutsCode>FI</nutsCode>
              <euCode>FI</euCode>
              <isoCode>FI</isoCode>
              <rcn>256543272</rcn>
            </region>
          </regions>
        </relations>
      </organization>
      <organization ecContribution="358043.75" order="16" terminated="false" type="participant">
        <availableLanguages readOnly="true">en</availableLanguages>
        <rcn>1907434</rcn>
        <id>999981052</id>
        <vatNumber>GB627403551</vatNumber>
        <legalName>KING'S COLLEGE LONDON</legalName>
        <shortName>KCL</shortName>
        <address>
          <street>Strand</street>
          <city>LONDON</city>
          <postalCode>WC2R 2LS</postalCode>
          <country>UK</country>
          <postBox>N/A</postBox>
          <url>www.kcl.ac.uk</url>
        </address>
        <departmentName>RESEARCH GRANTS &amp; CONTRACTS</departmentName>
        <relations>
          <categories>
            <category classification="organizationActivityType" type="relatedOrganizationActivityType">
              <availableLanguages readOnly="true">de,en,es,fr,it,pl</availableLanguages>
              <code>/HES</code>
              <title>Higher or Secondary Education Establishments</title>
            </category>
          </categories>
          <regions>
            <region type="relatedRegion">
              <name>United Kingdom</name>
              <nutsCode>UK</nutsCode>
              <euCode>UK</euCode>
              <isoCode>GB</isoCode>
              <rcn>508725800</rcn>
            </region>
          </regions>
        </relations>
      </organization>
    <categories>
      <category classification="projectFundingSchemeCategory" type="relatedProjectFundingSchemeCategory">
        <availableLanguages readOnly="true">en</availableLanguages>
        <code>/RIA</code>
        <title>Research and Innovation action</title>
      </category>
    </categories>
