  <rcn>193446</rcn>
  <acronym>Manutelligence</acronym>
  <objective>Manutelligence targets the product-service emerging trend; aiming at providing to EU manufacturing companies:
- Efficiency in the design process, through ubiquitous cross-disciplinary collaborative management of P-S engineering knowledge across the entire life-cycle phases;
- Complete integration of Product Lifecycle Management and Service Lifecycle Management, using methodologies and tools to support cross development;
- Involvement of all the key partakers in the supply chain, including customers;
- The ability to Search, retrieve and reuse data from heterogeneous data sources during design, manufacturing, testing and usage;
- To manage, reuse and optimize designs, promoting modularity and Engineering Design Codified Knowledge, through KBE and design automation;
- Close knowledge loop cycles between design, manufacturing, testing and use of products;
- To extend and improve the use of Simulation and optimize it through comparison with test bench and real usage data;
- Precise and quick measures and simulations of Cost and Sustainability issues, through Life Cycle Cost (LCC), Life Cycle Analysis (LCA) and CO2 footprint.
To achieve these needs, ManuTelligence aims to integrate best in class methodology and tools from research and industry, resulting in a secure, cross disciplinary collaborative Product/Service Design and Manufacturing Engineering Platform. This platform will enable designers and engineers to access through natural 3D experiences to data from both the traditional enterprise IT systems (CAD, CAX, PLM, MES, etc.) and IoT enabled systems for physical products information and knowledge management. Such a platform, to have success on the market, needs to be inclusive, facilitating the cooperation and collaboration of enterprises. For this reason, it has been decided from the draft architecture, that it will have interfaces based on Open Standard (e.g. STEP and the OpenGroup QLM).</objective>
  <title>Product Service Design and Manufacturing Intelligence Engineering Platform</title>
      <organization ecContribution="542625" order="8" terminated="false" type="participant">
        <availableLanguages readOnly="true">en</availableLanguages>
        <rcn>1956053</rcn>
        <id>967204461</id>
        <vatNumber>IT07224340963</vatNumber>
        <legalName>HOLONIX SRL-SPIN OFF DEL POLITECNICO DI MILANO</legalName>
        <shortName>HOLONIX</shortName>
        <address>
          <street>PIAZZA LEONARDO DA VINCI 32</street>
          <city>MILANO</city>
          <postalCode>20133</postalCode>
          <country>IT</country>
          <postBox>000</postBox>
          <url>www.holonix.it</url>
        </address>
        <departmentName>HOLONIX S.R.L.</departmentName>
        <relations>
          <categories>
            <category classification="organizationActivityType" type="relatedOrganizationActivityType">
              <availableLanguages readOnly="true">de,en,es,fr,it,pl</availableLanguages>
              <code>/PRC</code>
              <title>Private for-profit entities (excluding Higher or Secondary Education Establishments)</title>
            </category>
          </categories>
          <regions>
            <region type="relatedRegion">
              <name>Italy</name>
              <nutsCode>IT</nutsCode>
              <euCode>IT</euCode>
              <isoCode>IT</isoCode>
              <rcn>309758504</rcn>
            </region>
          </regions>
        </relations>
      </organization>
      <organization ecContribution="431485" order="7" terminated="false" type="participant">
        <availableLanguages readOnly="true">en</availableLanguages>
        <rcn>1910669</rcn>
        <id>999651155</id>
        <vatNumber>DE814890109</vatNumber>
        <legalName>BIBA - BREMER INSTITUT FUER PRODUKTION UND LOGISTIK GMBH</legalName>
        <shortName>BIBA</shortName>
        <address>
          <street>HOCHSCHULRING  20</street>
          <city>BREMEN</city>
          <postalCode>28359</postalCode>
          <country>DE</country>
          <postBox>33 05 60</postBox>
          <url>www.biba.uni-bremen.de</url>
        </address>
        <departmentName>Controlling</departmentName>
        <relations>
          <categories>
            <category classification="organizationActivityType" type="relatedOrganizationActivityType">
              <availableLanguages readOnly="true">de,en,es,fr,it,pl</availableLanguages>
              <code>/REC</code>
              <title>Research Organisations</title>
            </category>
          </categories>
          <regions>
            <region type="relatedRegion">
              <name>Germany</name>
              <nutsCode>DE</nutsCode>
              <euCode>DE</euCode>
              <isoCode>DE</isoCode>
              <rcn>221940264</rcn>
            </region>
          </regions>
        </relations>
      </organization>
      <organization ecContribution="409500" order="9" terminated="false" type="participant">
        <availableLanguages readOnly="true">en</availableLanguages>
        <rcn>2104951</rcn>
        <id>932760440</id>
        <vatNumber>FI26473754</vatNumber>
        <legalName>Teknologian tutkimuskeskus VTT Oy</legalName>
        <shortName>VTT</shortName>
        <address>
          <street>VUORIMIEHENTIE 3</street>
          <city>Espoo</city>
          <postalCode>02150</postalCode>
          <country>FI</country>
          <postBox>1000</postBox>
          <url>www.vtt.fi</url>
        </address>
        <departmentName>Corporate Services</departmentName>
        <relations>
          <categories>
            <category classification="organizationActivityType" type="relatedOrganizationActivityType">
              <availableLanguages readOnly="true">de,en,es,fr,it,pl</availableLanguages>
              <code>/REC</code>
              <title>Research Organisations</title>
            </category>
          </categories>
          <regions>
            <region type="relatedRegion">
              <name>Finland</name>
              <nutsCode>FI</nutsCode>
              <euCode>FI</euCode>
              <isoCode>FI</isoCode>
              <rcn>256543272</rcn>
            </region>
          </regions>
        </relations>
      </organization>
      <organization ecContribution="264000" order="3" terminated="false" type="participant">
        <availableLanguages readOnly="true">en</availableLanguages>
        <rcn>1906097</rcn>
        <id>997172902</id>
        <vatNumber>FI07720174</vatNumber>
        <legalName>MEYER TURKU OY</legalName>
        <shortName>MT</shortName>
        <address>
          <street>TELAKKAKATU 1</street>
          <city>Turku</city>
          <postalCode>20240</postalCode>
          <country>FI</country>
          <postBox>P.O. Box 666</postBox>
          <url>www.meyerturku.fi</url>
        </address>
        <relations>
          <categories>
            <category classification="organizationActivityType" type="relatedOrganizationActivityType">
              <availableLanguages readOnly="true">de,en,es,fr,it,pl</availableLanguages>
              <code>/PRC</code>
              <title>Private for-profit entities (excluding Higher or Secondary Education Establishments)</title>
            </category>
          </categories>
          <regions>
            <region type="relatedRegion">
              <name>Finland</name>
              <nutsCode>FI</nutsCode>
              <euCode>FI</euCode>
              <isoCode>FI</isoCode>
              <rcn>256543272</rcn>
            </region>
          </regions>
        </relations>
      </organization>
      <organization ecContribution="196500" order="4" terminated="false" type="participant">
        <availableLanguages readOnly="true">en</availableLanguages>
        <rcn>2173700</rcn>
        <id>965891760</id>
        <vatNumber>ESG63749162</vatNumber>
        <legalName>CENTRE CIM FUNDACIO PRIVADA</legalName>
        <shortName>FCIM</shortName>
        <address>
          <street>Carrer Llorens i Artigas   12</street>
          <city>Barcelona</city>
          <postalCode>08028</postalCode>
          <country>ES</country>
          <url>www.fundaciocim.org</url>
        </address>
        <relations>
          <categories>
            <category classification="organizationActivityType" type="relatedOrganizationActivityType">
              <availableLanguages readOnly="true">de,en,es,fr,it,pl</availableLanguages>
              <code>/REC</code>
              <title>Research Organisations</title>
            </category>
          </categories>
          <regions>
            <region type="relatedRegion">
              <name>Spain</name>
              <nutsCode>ES</nutsCode>
              <euCode>ES</euCode>
              <isoCode>ES</isoCode>
              <rcn>242387496</rcn>
            </region>
          </regions>
        </relations>
      </organization>
      <organization ecContribution="217375" order="2" terminated="false" type="participant">
        <availableLanguages readOnly="true">en</availableLanguages>
        <rcn>2398695</rcn>
        <id>999772114</id>
        <vatNumber>IT00159560366</vatNumber>
        <legalName>FERRARI-SOCIETA' PER AZIONI ESERCIZIO FABBRICHE AUTOMOBILI E CORSE</legalName>
        <shortName>FERRARI</shortName>
        <address>
          <street>VIA EMILIA EST 1163</street>
          <city>MODENA</city>
          <postalCode>41122</postalCode>
          <country>IT</country>
        </address>
        <departmentName>Ferrari</departmentName>
        <relations>
          <categories>
            <category classification="organizationActivityType" type="relatedOrganizationActivityType">
              <availableLanguages readOnly="true">de,en,es,fr,it,pl</availableLanguages>
              <code>/PRC</code>
              <title>Private for-profit entities (excluding Higher or Secondary Education Establishments)</title>
            </category>
          </categories>
          <regions>
            <region type="relatedRegion">
              <name>Italy</name>
              <nutsCode>IT</nutsCode>
              <euCode>IT</euCode>
              <isoCode>IT</isoCode>
              <rcn>309758504</rcn>
            </region>
          </regions>
        </relations>
      </organization>
      <organization ecContribution="360000" order="11" terminated="false" type="participant">
        <availableLanguages readOnly="true">en</availableLanguages>
        <rcn>1905780</rcn>
        <id>999951467</id>
        <vatNumber>IT03476550102</vatNumber>
        <legalName>RINA CONSULTING SPA</legalName>
        <shortName>DAPP</shortName>
        <address>
          <street>VIA SAN NAZARO 19</street>
          <city>GENOVA</city>
          <postalCode>16145</postalCode>
          <country>IT</country>
          <postBox>000</postBox>
          <url>www.dappolonia.it</url>
        </address>
        <departmentName>Innovation Consulting Division</departmentName>
        <relations>
          <categories>
            <category classification="organizationActivityType" type="relatedOrganizationActivityType">
              <availableLanguages readOnly="true">de,en,es,fr,it,pl</availableLanguages>
              <code>/PRC</code>
              <title>Private for-profit entities (excluding Higher or Secondary Education Establishments)</title>
            </category>
          </categories>
          <regions>
            <region type="relatedRegion">
              <name>Italy</name>
              <nutsCode>IT</nutsCode>
              <euCode>IT</euCode>
              <isoCode>IT</isoCode>
              <rcn>309758504</rcn>
            </region>
          </regions>
        </relations>
      </organization>
      <organization ecContribution="297375" order="12" terminated="false" type="participant">
        <availableLanguages readOnly="true">en</availableLanguages>
        <rcn>1906138</rcn>
        <id>999421168</id>
        <vatNumber>DE181155201</vatNumber>
        <legalName>BALANCE TECHNOLOGY CONSULTING GMBH</legalName>
        <shortName>BALance Technology Consulting GMBH</shortName>
        <address>
          <street>CONTRESCARPE 33</street>
          <city>BREMEN</city>
          <postalCode>28203</postalCode>
          <country>DE</country>
          <url>www.bal.eu</url>
        </address>
        <relations>
          <categories>
            <category classification="organizationActivityType" type="relatedOrganizationActivityType">
              <availableLanguages readOnly="true">de,en,es,fr,it,pl</availableLanguages>
              <code>/PRC</code>
              <title>Private for-profit entities (excluding Higher or Secondary Education Establishments)</title>
            </category>
          </categories>
          <regions>
            <region type="relatedRegion">
              <name>Germany</name>
              <nutsCode>DE</nutsCode>
              <euCode>DE</euCode>
              <isoCode>DE</isoCode>
              <rcn>221940264</rcn>
            </region>
          </regions>
        </relations>
      </organization>
      <organization ecContribution="222500" order="10" terminated="false" type="participant">
        <availableLanguages readOnly="true">en</availableLanguages>
        <rcn>2113654</rcn>
        <id>998783587</id>
        <vatNumber>SE556118083601</vatNumber>
        <legalName>LINDBACKS BYGG AB</legalName>
        <shortName>LIND</shortName>
        <address>
          <street>N/A</street>
          <city>PITEA</city>
          <postalCode>941 28</postalCode>
          <country>SE</country>
          <postBox>753</postBox>
          <url>www.lindbacksbygg.se</url>
        </address>
        <relations>
          <categories>
            <category classification="organizationActivityType" type="relatedOrganizationActivityType">
              <availableLanguages readOnly="true">de,en,es,fr,it,pl</availableLanguages>
              <code>/PRC</code>
              <title>Private for-profit entities (excluding Higher or Secondary Education Establishments)</title>
            </category>
          </categories>
          <regions>
            <region type="relatedRegion">
              <name>Sweden</name>
              <nutsCode>SE</nutsCode>
              <euCode>SE</euCode>
              <isoCode>SE</isoCode>
              <rcn>473598504</rcn>
            </region>
          </regions>
        </relations>
      </organization>
      <organization ecContribution="801375" order="1" terminated="false" type="coordinator">
        <availableLanguages readOnly="true">en</availableLanguages>
        <rcn>2398693</rcn>
        <id>937396458</id>
        <vatNumber>IT05326030011</vatNumber>
        <legalName>DASSAULT SYSTEMES ITALIA SRL</legalName>
        <shortName>DAS</shortName>
        <address>
          <street>VIALE DELL INNOVAZIONE 3</street>
          <city>MILANO</city>
          <postalCode>20126</postalCode>
          <country>IT</country>
        </address>
        <relations>
          <categories>
            <category classification="organizationActivityType" type="relatedOrganizationActivityType">
              <availableLanguages readOnly="true">de,en,es,fr,it,pl</availableLanguages>
              <code>/PRC</code>
              <title>Private for-profit entities (excluding Higher or Secondary Education Establishments)</title>
            </category>
          </categories>
          <regions>
            <region type="relatedRegion">
              <name>Italy</name>
              <nutsCode>IT</nutsCode>
              <euCode>IT</euCode>
              <isoCode>IT</isoCode>
              <rcn>309758504</rcn>
            </region>
          </regions>
        </relations>
      </organization>
      <organization ecContribution="525000" order="5" terminated="false" type="participant">
        <availableLanguages readOnly="true">en</availableLanguages>
        <rcn>1905660</rcn>
        <id>999879881</id>
        <vatNumber>IT04376620151</vatNumber>
        <legalName>POLITECNICO DI MILANO</legalName>
        <shortName>POLIMI</shortName>
        <address>
          <street>PIAZZA LEONARDO DA VINCI 32</street>
          <city>MILANO</city>
          <postalCode>20133</postalCode>
          <country>IT</country>
          <postBox>000</postBox>
          <url>www.polimi.it</url>
        </address>
        <departmentName>Dipartimento di Elettronica</departmentName>
        <departmentName>Informazione e Bioingegneria</departmentName>
        <relations>
          <categories>
            <category classification="organizationActivityType" type="relatedOrganizationActivityType">
              <availableLanguages readOnly="true">de,en,es,fr,it,pl</availableLanguages>
              <code>/HES</code>
              <title>Higher or Secondary Education Establishments</title>
            </category>
          </categories>
          <regions>
            <region type="relatedRegion">
              <name>Italy</name>
              <nutsCode>IT</nutsCode>
              <euCode>IT</euCode>
              <isoCode>IT</isoCode>
              <rcn>309758504</rcn>
            </region>
          </regions>
        </relations>
      </organization>
      <organization ecContribution="0" order="6" terminated="false" type="participant">
        <availableLanguages readOnly="true">en</availableLanguages>
        <rcn>1908517</rcn>
        <id>999587620</id>
        <vatNumber>CHE108955570IVA</vatNumber>
        <legalName>SCUOLA UNIVERSITARIA PROFESSIONALEDELLA SVIZZERA ITALIANA</legalName>
        <shortName>SUPSI</shortName>
        <address>
          <street>STABILE LE GERRE</street>
          <city>MANNO</city>
          <postalCode>6928</postalCode>
          <country>CH</country>
          <url>www.supsi.ch</url>
        </address>
        <departmentName>IDSIA</departmentName>
        <relations>
          <categories>
            <category classification="organizationActivityType" type="relatedOrganizationActivityType">
              <availableLanguages readOnly="true">de,en,es,fr,it,pl</availableLanguages>
              <code>/HES</code>
              <title>Higher or Secondary Education Establishments</title>
            </category>
          </categories>
          <regions>
            <region type="relatedRegion">
              <name>Switzerland</name>
              <nutsCode>CH</nutsCode>
              <euCode>CH</euCode>
              <isoCode>CH</isoCode>
              <rcn>205949480</rcn>
            </region>
          </regions>
        </relations>
      </organization>
      <organization ecContribution="0" order="9" terminated="true" type="participant">
        <availableLanguages readOnly="true">en</availableLanguages>
        <rcn>1905756</rcn>
        <id>999901706</id>
        <vatNumber>FI02446794</vatNumber>
        <legalName>TEKNOLOGIAN TUTKIMUSKESKUS VTT</legalName>
        <shortName>VTT</shortName>
        <address>
          <street>TEKNIIKANTIE 4 A</street>
          <city>ESPOO</city>
          <postalCode>02044 VTT</postalCode>
          <country>FI</country>
          <postBox>1000</postBox>
          <url>www.vtt.fi</url>
        </address>
        <departmentName>Corporate Services</departmentName>
        <relations>
          <categories>
            <category classification="organizationActivityType" type="relatedOrganizationActivityType">
              <availableLanguages readOnly="true">de,en,es,fr,it,pl</availableLanguages>
              <code>/REC</code>
              <title>Research Organisations</title>
            </category>
          </categories>
          <regions>
            <region type="relatedRegion">
              <name>Finland</name>
              <nutsCode>FI</nutsCode>
              <euCode>FI</euCode>
              <isoCode>FI</isoCode>
              <rcn>256543272</rcn>
            </region>
          </regions>
        </relations>
      </organization>
    <categories>
      <category classification="projectFundingSchemeCategory" type="relatedProjectFundingSchemeCategory">
        <availableLanguages readOnly="true">en</availableLanguages>
        <code>/RIA</code>
        <title>Research and Innovation action</title>
      </category>
    </categories>
