  <rcn>193491</rcn>
  <acronym>META-STRESS</acronym>
  <objective>Organisms in the wild are constantly challenged by environmental variation in e.g. resource quality. The goal of this project is to move beyond laboratory experiments to understand the mechanisms that allow organisms in the wild to cope with environmental stress. Understanding the responses and mechanisms operating in wild populations is critical for assessing the eco-evolutionary consequences of environmental stress. 

The large metapopulation of the Glanville fritillary butterfly gives me a unique opportunity to study processes operating from genes within individuals all the way to metapopulation-level dynamics. I will use individuals sampled from families from specific local populations with known ecological background (based on &gt; 20 years of data) to experimentally test the influence of environmental stress on life-history variation. I will combine these experiments with simultaneous life-history assessments on the siblings remaining in the wild, thus effectively coupling laboratory and field-based studies. I will integrate the ecological studies with molecular approaches to unravel the significance of different mechanisms – candidate genes, epigenetic inheritance and intestinal microbial communities – potentially influencing individual responses to environmental challenges. I will focus on the influence of host plant quality as an environmental stressor, which is known to greatly influence life histories in many organisms, and which can be manipulated in the laboratory and assessed in the wild. 

The proposed research has potential for groundbreaking results in evolutionary ecology, as the results will increase our understanding of 1) how individual responses to unfavorable environmental conditions and the underlying mechanisms vary within and among local populations in a spatially and temporally heterogeneous environment, and 2) how the consequent life-history variation influences the ecological and microevolutionary dynamics of wild populations.</objective>
  <title>Unravelling life-history responses and underlying mechanisms to environmental stress in wild populations</title>
    <categories>
      <category classification="projectFundingSchemeCategory" type="relatedProjectFundingSchemeCategory">
        <availableLanguages readOnly="true">en</availableLanguages>
        <code>/ERC-STG</code>
        <title>Starting Grant</title>
      </category>
    </categories>
