  <rcn>193288</rcn>
  <acronym>I-MOVE-plus</acronym>
  <objective>The I-MOVE+ Consortium includes European Union (EU) Public Health Institutes, SME and Universities. It aims at measuring and comparing the effectiveness (VE) and impact (VI) of influenza and Pneumococcal vaccines and vaccination strategies a in the elderly population in Europe. The goal is to develop a sustainable platform of primary care practices, hospitals and laboratory networks that share validated methods to evaluate post marketing vaccine performances. The objectives are to identify, pilot test, and disseminate in EU the best study designs to measure, on a real time basis, VE (direct effect) and the VI of vaccination programmes (indirect and overall effect) against laboratory confirmed cases of influenza (types/subtypes) and pneumococcal disease (serotypes), and clinical outcomes. Cost effectiveness analysis will be conducted.

Results will allow to understand factors affecting specific VE, the duration of protection of influenza and pneumococcal vaccines, the interaction between vaccines, the role of repeated vaccinations, the occurrence of serotype replacement (pneumococcus); identify vaccine types and brands with low VE; guide the decision of  the WHO committees on  vaccine strain selection (influenza); provide robust benefit indicators (VE and VI) and cost benefit and effectiveness results; guide vaccination strategies (schedules, doses, boosters). This EU member state collaboration will respond to questions that require studies based on large sample sizes and sharing of expertise that cannot be achieved by one country alone. It will allow the best methods to be used and results to benefit to all EU countries whatever their current public health achievements. Results will be shared with international partners.</objective>
  <title>I-MOVE+ Integrated Monitoring of Vaccines Effects in Europe: a platform to measure and compare effectiveness and impact of influenza and pneumococcal vaccines and vaccination strategies in the elderly</title>
      <organization ecContribution="142500" order="23" terminated="false" type="participant">
        <availableLanguages readOnly="true">en</availableLanguages>
        <rcn>1906337</rcn>
        <id>999478883</id>
        <vatNumber>NO983744516MVA</vatNumber>
        <legalName>FOLKEHELSEINSTITUTTET</legalName>
        <shortName>NORWEGIAN INSTITUTE OF PUBLIC HEALTH NIPH</shortName>
        <address>
          <street>LOVISENBERGGATA 8</street>
          <city>OSLO</city>
          <postalCode>0456</postalCode>
          <country>NO</country>
          <postBox>4404 Nydalen</postBox>
          <url>www.fhi.no</url>
        </address>
        <relations>
          <categories>
            <category classification="organizationActivityType" type="relatedOrganizationActivityType">
              <availableLanguages readOnly="true">de,en,es,fr,it,pl</availableLanguages>
              <code>/REC</code>
              <title>Research Organisations</title>
            </category>
          </categories>
          <regions>
            <region type="relatedRegion">
              <name>Norway</name>
              <nutsCode>NO</nutsCode>
              <euCode>NO</euCode>
              <isoCode>NO</isoCode>
              <rcn>392333864</rcn>
            </region>
          </regions>
        </relations>
      </organization>
      <organization ecContribution="142500" order="22" terminated="false" type="participant">
        <availableLanguages readOnly="true">en</availableLanguages>
        <rcn>1907413</rcn>
        <id>999986193</id>
        <vatNumber>FR12197517220</vatNumber>
        <legalName>UNIVERSITE PIERRE ET MARIE CURIE - PARIS 6</legalName>
        <shortName>UPMC</shortName>
        <address>
          <street>Place Jussieu 4</street>
          <city>PARIS</city>
          <postalCode>75252</postalCode>
          <country>FR</country>
          <postBox>N/A</postBox>
          <url>www.upmc.fr</url>
        </address>
        <departmentName>Laboratoire d'Informatique de Paris 6 (LIP6) - NPA</departmentName>
        <relations>
          <categories>
            <category classification="organizationActivityType" type="relatedOrganizationActivityType">
              <availableLanguages readOnly="true">de,en,es,fr,it,pl</availableLanguages>
              <code>/HES</code>
              <title>Higher or Secondary Education Establishments</title>
            </category>
          </categories>
          <regions>
            <region type="relatedRegion">
              <name>France</name>
              <nutsCode>FR</nutsCode>
              <euCode>FR</euCode>
              <isoCode>FR</isoCode>
              <rcn>258902568</rcn>
            </region>
          </regions>
        </relations>
      </organization>
      <organization ecContribution="236250" order="8" terminated="false" type="participant">
        <availableLanguages readOnly="true">en</availableLanguages>
        <rcn>1937135</rcn>
        <id>952691030</id>
        <legalName>ORGANISMO AUTONOMO INSTITUTO DE SALUD PUBLICA Y LABORAL DE NAVARRA</legalName>
        <shortName>ISP NAVARRA</shortName>
        <address>
          <street>CL LEYRE 15</street>
          <city>PAMPLONA</city>
          <postalCode>31003</postalCode>
          <country>ES</country>
        </address>
        <relations>
          <categories>
            <category classification="organizationActivityType" type="relatedOrganizationActivityType">
              <availableLanguages readOnly="true">de,en,es,fr,it,pl</availableLanguages>
              <code>/PUB</code>
              <title>Public bodies (excluding Research Organisations and Secondary or Higher Education Establishments)</title>
            </category>
          </categories>
          <regions>
            <region type="relatedRegion">
              <name>Spain</name>
              <nutsCode>ES</nutsCode>
              <euCode>ES</euCode>
              <isoCode>ES</isoCode>
              <rcn>242387496</rcn>
            </region>
          </regions>
        </relations>
      </organization>
      <organization ecContribution="142500" order="9" terminated="false" type="participant">
        <availableLanguages readOnly="true">en</availableLanguages>
        <rcn>2126558</rcn>
        <id>984052488</id>
        <legalName>Royal College of General Practitioners</legalName>
        <shortName>RCGP</shortName>
        <address>
          <street>Euston Square</street>
          <city>London</city>
          <postalCode>NW1 2FB</postalCode>
          <country>UK</country>
          <postBox>N/A</postBox>
          <url>http://www.rcgp.org.uk/</url>
        </address>
        <relations>
          <categories>
            <category classification="organizationActivityType" type="relatedOrganizationActivityType">
              <availableLanguages readOnly="true">de,en,es,fr,it,pl</availableLanguages>
              <code>/PUB</code>
              <title>Public bodies (excluding Research Organisations and Secondary or Higher Education Establishments)</title>
            </category>
          </categories>
          <regions>
            <region type="relatedRegion">
              <name>United Kingdom</name>
              <nutsCode>UK</nutsCode>
              <euCode>UK</euCode>
              <isoCode>GB</isoCode>
              <rcn>508725800</rcn>
            </region>
          </regions>
        </relations>
      </organization>
      <organization ecContribution="292500" order="19" terminated="false" type="participant">
        <availableLanguages readOnly="true">en</availableLanguages>
        <rcn>2392323</rcn>
        <id>952550962</id>
        <legalName>ORSZAGOS TISZTIFOORVOSI HIVATAL</legalName>
        <shortName>OCMO</shortName>
        <address>
          <street>ALBERT FLORIAN UT 2-6.</street>
          <city>BUDAPEST</city>
          <postalCode>1097</postalCode>
          <country>HU</country>
        </address>
        <relations>
          <categories>
            <category classification="organizationActivityType" type="relatedOrganizationActivityType">
              <availableLanguages readOnly="true">de,en,es,fr,it,pl</availableLanguages>
              <code>/PUB</code>
              <title>Public bodies (excluding Research Organisations and Secondary or Higher Education Establishments)</title>
            </category>
          </categories>
          <regions>
            <region type="relatedRegion">
              <name>Hungary</name>
              <nutsCode>HU</nutsCode>
              <euCode>HU</euCode>
              <isoCode>HU</isoCode>
              <rcn>293243432</rcn>
            </region>
          </regions>
        </relations>
      </organization>
      <organization ecContribution="142500" order="14" terminated="false" type="participant">
        <availableLanguages readOnly="true">en</availableLanguages>
        <rcn>2068371</rcn>
        <id>998294125</id>
        <legalName>STICHTING NEDERLANDS INSTITUUT VOOR ONDERZOEK VAN DE GEZONDHEIDSZORG</legalName>
        <shortName>NIVEL</shortName>
        <address>
          <street>OTTERSTRAAT  118-124</street>
          <city>UTRECHT</city>
          <postalCode>3500 BN</postalCode>
          <country>NL</country>
          <postBox>1568</postBox>
          <url>www.nivel.nl</url>
        </address>
        <relations>
          <categories>
            <category classification="organizationActivityType" type="relatedOrganizationActivityType">
              <availableLanguages readOnly="true">de,en,es,fr,it,pl</availableLanguages>
              <code>/REC</code>
              <title>Research Organisations</title>
            </category>
          </categories>
          <regions>
            <region type="relatedRegion">
              <name>Netherlands</name>
              <nutsCode>NL</nutsCode>
              <euCode>NL</euCode>
              <isoCode>NL</isoCode>
              <rcn>391547432</rcn>
            </region>
          </regions>
        </relations>
      </organization>
      <organization ecContribution="142500" order="18" terminated="false" type="participant">
        <availableLanguages readOnly="true">en</availableLanguages>
        <rcn>1906271</rcn>
        <id>999515549</id>
        <vatNumber>DE165893430</vatNumber>
        <legalName>ROBERT KOCH-INSTITUT</legalName>
        <shortName>RKI</shortName>
        <address>
          <street>Nordufer 20</street>
          <city>Berlin</city>
          <postalCode>13353</postalCode>
          <country>DE</country>
          <url>www.rki.de</url>
        </address>
        <relations>
          <categories>
            <category classification="organizationActivityType" type="relatedOrganizationActivityType">
              <availableLanguages readOnly="true">de,en,es,fr,it,pl</availableLanguages>
              <code>/REC</code>
              <title>Research Organisations</title>
            </category>
          </categories>
          <regions>
            <region type="relatedRegion">
              <name>Germany</name>
              <nutsCode>DE</nutsCode>
              <euCode>DE</euCode>
              <isoCode>DE</isoCode>
              <rcn>221940264</rcn>
            </region>
          </regions>
        </relations>
      </organization>
      <organization ecContribution="586050" order="17" terminated="false" type="participant">
        <availableLanguages readOnly="true">en</availableLanguages>
        <rcn>1906324</rcn>
        <id>999937402</id>
        <vatNumber>DK46837428</vatNumber>
        <legalName>STATENS SERUM INSTITUT</legalName>
        <shortName>SSI</shortName>
        <address>
          <street>ARTILLERIVEJ 5</street>
          <city>KOBENHAVN S</city>
          <postalCode>2300</postalCode>
          <country>DK</country>
          <postBox>N/A</postBox>
          <url>www.ssi.dk</url>
        </address>
        <relations>
          <categories>
            <category classification="organizationActivityType" type="relatedOrganizationActivityType">
              <availableLanguages readOnly="true">de,en,es,fr,it,pl</availableLanguages>
              <code>/REC</code>
              <title>Research Organisations</title>
            </category>
          </categories>
          <regions>
            <region type="relatedRegion">
              <name>Denmark</name>
              <nutsCode>DK</nutsCode>
              <euCode>DK</euCode>
              <isoCode>DK</isoCode>
              <rcn>223513128</rcn>
            </region>
          </regions>
        </relations>
      </organization>
      <organization ecContribution="435000" order="3" terminated="false" type="participant">
        <availableLanguages readOnly="true">en</availableLanguages>
        <rcn>1951893</rcn>
        <id>993521919</id>
        <vatNumber>IE66093541</vatNumber>
        <legalName>HEALTH SERVICE EXECUTIVE HSE</legalName>
        <shortName>HSE</shortName>
        <address>
          <street>LIMETREE AVENUE 2ND FLO OAK HOUSE</street>
          <city>NAAS</city>
          <country>IE</country>
          <url>www.hse.ie</url>
        </address>
        <departmentName>National Ambulance Service - HSE</departmentName>
        <relations>
          <categories>
            <category classification="organizationActivityType" type="relatedOrganizationActivityType">
              <availableLanguages readOnly="true">de,en,es,fr,it,pl</availableLanguages>
              <code>/PUB</code>
              <title>Public bodies (excluding Research Organisations and Secondary or Higher Education Establishments)</title>
            </category>
          </categories>
          <regions>
            <region type="relatedRegion">
              <name>Ireland</name>
              <nutsCode>IE</nutsCode>
              <euCode>IE</euCode>
              <isoCode>IE</isoCode>
              <rcn>305826344</rcn>
            </region>
          </regions>
        </relations>
      </organization>
      <organization ecContribution="292500" order="2" terminated="false" type="participant">
        <availableLanguages readOnly="true">en</availableLanguages>
        <rcn>1907204</rcn>
        <id>999507886</id>
        <vatNumber>ESQ2827015E</vatNumber>
        <legalName>INSTITUTO DE SALUD CARLOS III</legalName>
        <shortName>ISCIII</shortName>
        <address>
          <street>MONFORTE DE LEMOS 5</street>
          <city>MADRID</city>
          <postalCode>28029</postalCode>
          <country>ES</country>
          <postBox>N/A</postBox>
          <url>http://www.isciii.es</url>
        </address>
        <departmentName>ISCIII</departmentName>
        <relations>
          <categories>
            <category classification="organizationActivityType" type="relatedOrganizationActivityType">
              <availableLanguages readOnly="true">de,en,es,fr,it,pl</availableLanguages>
              <code>/REC</code>
              <title>Research Organisations</title>
            </category>
          </categories>
          <regions>
            <region type="relatedRegion">
              <name>Spain</name>
              <nutsCode>ES</nutsCode>
              <euCode>ES</euCode>
              <isoCode>ES</isoCode>
              <rcn>242387496</rcn>
            </region>
          </regions>
        </relations>
      </organization>
      <organization ecContribution="0" order="25" terminated="false" type="participant">
        <availableLanguages readOnly="true">en</availableLanguages>
        <rcn>2392329</rcn>
        <id>949486732</id>
        <legalName>UNIVERSITE DE CORSE PASCAL PAOLI</legalName>
        <shortName>UCPP</shortName>
        <address>
          <street>AVENUE JEAN NICOLI 7</street>
          <city>CORTE</city>
          <postalCode>20250</postalCode>
          <country>FR</country>
        </address>
        <relations>
          <categories>
            <category classification="organizationActivityType" type="relatedOrganizationActivityType">
              <availableLanguages readOnly="true">de,en,es,fr,it,pl</availableLanguages>
              <code>/PUB</code>
              <title>Public bodies (excluding Research Organisations and Secondary or Higher Education Establishments)</title>
            </category>
          </categories>
          <regions>
            <region type="relatedRegion">
              <name>France</name>
              <nutsCode>FR</nutsCode>
              <euCode>FR</euCode>
              <isoCode>FR</isoCode>
              <rcn>258902568</rcn>
            </region>
          </regions>
        </relations>
      </organization>
      <organization ecContribution="90000" order="11" terminated="false" type="participant">
        <availableLanguages readOnly="true">en</availableLanguages>
        <rcn>1906254</rcn>
        <id>999645432</id>
        <vatNumber>FR95267500452</vatNumber>
        <legalName>ASSISTANCE PUBLIQUE - HOPITAUX DE PARIS</legalName>
        <shortName>HSL</shortName>
        <address>
          <street>3 Avenue Victoria</street>
          <city>PARIS</city>
          <postalCode>75004</postalCode>
          <country>FR</country>
          <postBox>N/A</postBox>
          <url>http://www.aphp.fr</url>
        </address>
        <relations>
          <categories>
            <category classification="organizationActivityType" type="relatedOrganizationActivityType">
              <availableLanguages readOnly="true">de,en,es,fr,it,pl</availableLanguages>
              <code>/REC</code>
              <title>Research Organisations</title>
            </category>
          </categories>
          <regions>
            <region type="relatedRegion">
              <name>France</name>
              <nutsCode>FR</nutsCode>
              <euCode>FR</euCode>
              <isoCode>FR</isoCode>
              <rcn>258902568</rcn>
            </region>
          </regions>
        </relations>
      </organization>
      <organization ecContribution="292500" order="20" terminated="false" type="participant">
        <availableLanguages readOnly="true">en</availableLanguages>
        <rcn>1906502</rcn>
        <id>999978821</id>
        <vatNumber>IT03657731000</vatNumber>
        <legalName>ISTITUTO SUPERIORE DI SANITA</legalName>
        <shortName>ISS</shortName>
        <address>
          <street>Viale Regina Elena 299</street>
          <city>ROMA</city>
          <postalCode>00161</postalCode>
          <country>IT</country>
          <postBox>N/A</postBox>
          <url>http://www.iss.it</url>
        </address>
        <relations>
          <categories>
            <category classification="organizationActivityType" type="relatedOrganizationActivityType">
              <availableLanguages readOnly="true">de,en,es,fr,it,pl</availableLanguages>
              <code>/REC</code>
              <title>Research Organisations</title>
            </category>
          </categories>
          <regions>
            <region type="relatedRegion">
              <name>Italy</name>
              <nutsCode>IT</nutsCode>
              <euCode>IT</euCode>
              <isoCode>IT</isoCode>
              <rcn>309758504</rcn>
            </region>
          </regions>
        </relations>
      </organization>
      <organization ecContribution="0" order="21" terminated="true" type="participant">
        <availableLanguages readOnly="true">en</availableLanguages>
        <rcn>2104478</rcn>
        <id>998905904</id>
        <legalName>INSTITUT DE VEILLE SANITAIRE</legalName>
        <shortName>INVS</shortName>
        <address>
          <street>RUE DU VAL D OSNE 12</street>
          <city>SAINT MAURICE CEDEX</city>
          <postalCode>94415</postalCode>
          <country>FR</country>
        </address>
        <relations>
          <categories>
            <category classification="organizationActivityType" type="relatedOrganizationActivityType">
              <availableLanguages readOnly="true">de,en,es,fr,it,pl</availableLanguages>
              <code>/PUB</code>
              <title>Public bodies (excluding Research Organisations and Secondary or Higher Education Establishments)</title>
            </category>
          </categories>
          <regions>
            <region type="relatedRegion">
              <name>France</name>
              <nutsCode>FR</nutsCode>
              <euCode>FR</euCode>
              <isoCode>FR</isoCode>
              <rcn>258902568</rcn>
            </region>
          </regions>
        </relations>
      </organization>
      <organization ecContribution="292500" order="6" terminated="false" type="participant">
        <availableLanguages readOnly="true">en</availableLanguages>
        <rcn>1908920</rcn>
        <id>998403735</id>
        <legalName>NARODOWY INSTYTUT ZDROWIA PUBLICZNEGO-PANSTWOWY ZAKLAD HIGIENY</legalName>
        <shortName>NIZP-PZH</shortName>
        <address>
          <street>CHOCIMSKA 24</street>
          <city>WARSZAWA</city>
          <postalCode>00791</postalCode>
          <country>PL</country>
          <url>www.pzh.gov.pl</url>
        </address>
        <relations>
          <categories>
            <category classification="organizationActivityType" type="relatedOrganizationActivityType">
              <availableLanguages readOnly="true">de,en,es,fr,it,pl</availableLanguages>
              <code>/REC</code>
              <title>Research Organisations</title>
            </category>
          </categories>
          <regions>
            <region type="relatedRegion">
              <name>Poland</name>
              <nutsCode>PL</nutsCode>
              <euCode>PL</euCode>
              <isoCode>PL</isoCode>
              <rcn>425101864</rcn>
            </region>
          </regions>
        </relations>
      </organization>
      <organization ecContribution="567300" order="12" terminated="false" type="participant">
        <availableLanguages readOnly="true">en</availableLanguages>
        <rcn>1906495</rcn>
        <id>986454887</id>
        <legalName>Department of Health england</legalName>
        <shortName>DH</shortName>
        <address>
          <street>Quarry House, Quarry Hill</street>
          <city>Leeds</city>
          <postalCode>LS2 7UE</postalCode>
          <country>UK</country>
          <postBox>N/A</postBox>
          <url>www.dh.gov.uk</url>
        </address>
        <departmentName>Department of Health</departmentName>
        <departmentName> Information and Group Operations Direc</departmentName>
        <relations>
          <categories>
            <category classification="organizationActivityType" type="relatedOrganizationActivityType">
              <availableLanguages readOnly="true">de,en,es,fr,it,pl</availableLanguages>
              <code>/REC</code>
              <title>Research Organisations</title>
            </category>
          </categories>
          <regions>
            <region type="relatedRegion">
              <name>United Kingdom</name>
              <nutsCode>UK</nutsCode>
              <euCode>UK</euCode>
              <isoCode>GB</isoCode>
              <rcn>508725800</rcn>
            </region>
          </regions>
        </relations>
      </organization>
      <organization ecContribution="1628227" order="1" terminated="false" type="coordinator">
        <availableLanguages readOnly="true">en</availableLanguages>
        <rcn>2392305</rcn>
        <id>952870383</id>
        <legalName>EPICONCEPT</legalName>
        <shortName>EPICONCEPT</shortName>
        <address>
          <street>RUE DE CHARENTON 47</street>
          <city>PARIS</city>
          <postalCode>75012</postalCode>
          <country>FR</country>
        </address>
        <relations>
          <categories>
            <category classification="organizationActivityType" type="relatedOrganizationActivityType">
              <availableLanguages readOnly="true">de,en,es,fr,it,pl</availableLanguages>
              <code>/PRC</code>
              <title>Private for-profit entities (excluding Higher or Secondary Education Establishments)</title>
            </category>
          </categories>
          <regions>
            <region type="relatedRegion">
              <name>France</name>
              <nutsCode>FR</nutsCode>
              <euCode>FR</euCode>
              <isoCode>FR</isoCode>
              <rcn>258902568</rcn>
            </region>
          </regions>
        </relations>
      </organization>
      <organization ecContribution="142320.75" order="4" terminated="false" type="participant">
        <availableLanguages readOnly="true">en</availableLanguages>
        <rcn>2392308</rcn>
        <id>952878143</id>
        <legalName>NHS NATIONAL SERVICES SCOTLAND</legalName>
        <shortName>NHSNSS</shortName>
        <address>
          <street>SOUTH GYLE CRESCENT 1</street>
          <city>EDINBURGH</city>
          <postalCode>EH12 9EB</postalCode>
          <country>UK</country>
        </address>
        <relations>
          <categories>
            <category classification="organizationActivityType" type="relatedOrganizationActivityType">
              <availableLanguages readOnly="true">de,en,es,fr,it,pl</availableLanguages>
              <code>/PUB</code>
              <title>Public bodies (excluding Research Organisations and Secondary or Higher Education Establishments)</title>
            </category>
          </categories>
          <regions>
            <region type="relatedRegion">
              <name>United Kingdom</name>
              <nutsCode>UK</nutsCode>
              <euCode>UK</euCode>
              <isoCode>GB</isoCode>
              <rcn>508725800</rcn>
            </region>
          </regions>
        </relations>
      </organization>
      <organization ecContribution="448650" order="16" terminated="false" type="participant">
        <availableLanguages readOnly="true">en</availableLanguages>
        <rcn>1905690</rcn>
        <id>996697893</id>
        <vatNumber>FI22295006</vatNumber>
        <legalName>TERVEYDEN JA HYVINVOINNIN LAITOS</legalName>
        <shortName>THL</shortName>
        <address>
          <street>MANNERHEIMINTIE  166</street>
          <city>HELSINKI</city>
          <postalCode>00271</postalCode>
          <country>FI</country>
          <postBox>30</postBox>
          <url>www.thl.fi</url>
        </address>
        <departmentName>Administrative services</departmentName>
        <relations>
          <categories>
            <category classification="organizationActivityType" type="relatedOrganizationActivityType">
              <availableLanguages readOnly="true">de,en,es,fr,it,pl</availableLanguages>
              <code>/REC</code>
              <title>Research Organisations</title>
            </category>
          </categories>
          <regions>
            <region type="relatedRegion">
              <name>Finland</name>
              <nutsCode>FI</nutsCode>
              <euCode>FI</euCode>
              <isoCode>FI</isoCode>
              <rcn>256543272</rcn>
            </region>
          </regions>
        </relations>
      </organization>
      <organization ecContribution="510000" order="24" terminated="false" type="participant">
        <availableLanguages readOnly="true">en</availableLanguages>
        <rcn>1905799</rcn>
        <id>999991431</id>
        <vatNumber>NL821772302B01</vatNumber>
        <legalName>RIJKSINSTITUUT VOOR VOLKSGEZONDHEID EN MILIEU</legalName>
        <shortName>RIVM</shortName>
        <address>
          <street>Antonie Van Leeuwenhoeklaan  9</street>
          <city>BILTHOVEN</city>
          <postalCode>3721 MA</postalCode>
          <country>NL</country>
          <postBox>1</postBox>
          <url>www.rivm.nl</url>
        </address>
        <relations>
          <categories>
            <category classification="organizationActivityType" type="relatedOrganizationActivityType">
              <availableLanguages readOnly="true">de,en,es,fr,it,pl</availableLanguages>
              <code>/REC</code>
              <title>Research Organisations</title>
            </category>
          </categories>
          <regions>
            <region type="relatedRegion">
              <name>Netherlands</name>
              <nutsCode>NL</nutsCode>
              <euCode>NL</euCode>
              <isoCode>NL</isoCode>
              <rcn>391547432</rcn>
            </region>
          </regions>
        </relations>
      </organization>
      <organization ecContribution="60000" order="10" terminated="false" type="participant">
        <availableLanguages readOnly="true">en</availableLanguages>
        <rcn>1909088</rcn>
        <id>999609348</id>
        <vatNumber>FR80263400160</vatNumber>
        <legalName>CENTRE HOSPITALIER UNIVERSITAIRE MONTPELLIER</legalName>
        <shortName>CHUM</shortName>
        <address>
          <street>AVENUE DU DOYEN GASTON GIRAUD 191</street>
          <city>MONTPELLIER</city>
          <postalCode>34000</postalCode>
          <country>FR</country>
          <postBox>N/A</postBox>
          <url>www.chu-montpellier.fr</url>
        </address>
        <departmentName>Research Department</departmentName>
        <relations>
          <categories>
            <category classification="organizationActivityType" type="relatedOrganizationActivityType">
              <availableLanguages readOnly="true">de,en,es,fr,it,pl</availableLanguages>
              <code>/REC</code>
              <title>Research Organisations</title>
            </category>
          </categories>
          <regions>
            <region type="relatedRegion">
              <name>France</name>
              <nutsCode>FR</nutsCode>
              <euCode>FR</euCode>
              <isoCode>FR</isoCode>
              <rcn>258902568</rcn>
            </region>
          </regions>
        </relations>
      </organization>
      <organization ecContribution="367500" order="7" terminated="false" type="participant">
        <availableLanguages readOnly="true">en</availableLanguages>
        <rcn>1909661</rcn>
        <id>998308190</id>
        <vatNumber>PT501427511</vatNumber>
        <legalName>INSTITUTO NACIONAL DE SAUDE DR. RICARDO JORGE</legalName>
        <shortName>INSA</shortName>
        <address>
          <street>AVENIDA PADRE CRUZ</street>
          <city>LISBOA</city>
          <postalCode>1600 560</postalCode>
          <country>PT</country>
          <postBox>N/A</postBox>
          <url>http://www.insa.pt</url>
        </address>
        <relations>
          <categories>
            <category classification="organizationActivityType" type="relatedOrganizationActivityType">
              <availableLanguages readOnly="true">de,en,es,fr,it,pl</availableLanguages>
              <code>/REC</code>
              <title>Research Organisations</title>
            </category>
          </categories>
          <regions>
            <region type="relatedRegion">
              <name>Portugal</name>
              <nutsCode>PT</nutsCode>
              <euCode>PT</euCode>
              <isoCode>PT</isoCode>
              <rcn>427199016</rcn>
            </region>
          </regions>
        </relations>
      </organization>
      <organization ecContribution="217500" order="13" terminated="false" type="participant">
        <availableLanguages readOnly="true">en</availableLanguages>
        <rcn>1906333</rcn>
        <id>998128255</id>
        <legalName>HRVATSKI ZAVOD ZA JAVNO ZDRAVSTVO</legalName>
        <shortName>CIPH</shortName>
        <address>
          <street>ROCKEFELLEROVA 7</street>
          <city>ZAGREB</city>
          <postalCode>10000</postalCode>
          <country>HR</country>
          <url>www.hzjz.hr</url>
        </address>
        <relations>
          <categories>
            <category classification="organizationActivityType" type="relatedOrganizationActivityType">
              <availableLanguages readOnly="true">de,en,es,fr,it,pl</availableLanguages>
              <code>/PUB</code>
              <title>Public bodies (excluding Research Organisations and Secondary or Higher Education Establishments)</title>
            </category>
          </categories>
          <regions>
            <region type="relatedRegion">
              <name>Croatia</name>
              <nutsCode>HR</nutsCode>
              <euCode>HR</euCode>
              <isoCode>HR</isoCode>
              <rcn>292457000</rcn>
            </region>
          </regions>
        </relations>
      </organization>
      <organization ecContribution="0" order="21" terminated="false" type="participant">
        <availableLanguages readOnly="true">en</availableLanguages>
        <rcn>2652650</rcn>
        <id>917843489</id>
        <vatNumber>FR53130022338</vatNumber>
        <legalName>AGENCE NATIONALE DE SANTE PUBLIQUE</legalName>
        <shortName>SpFrance</shortName>
        <address>
          <street>12 RUE DU VAL D'OSNE</street>
          <city>SAINT MAURICE</city>
          <postalCode>94415</postalCode>
          <country>FR</country>
          <url>www.santepubliquefrance.fr</url>
        </address>
        <relations>
          <categories>
            <category classification="organizationActivityType" type="relatedOrganizationActivityType">
              <availableLanguages readOnly="true">de,en,es,fr,it,pl</availableLanguages>
              <code>/PUB</code>
              <title>Public bodies (excluding Research Organisations and Secondary or Higher Education Establishments)</title>
            </category>
          </categories>
          <regions>
            <region type="relatedRegion">
              <name>France</name>
              <nutsCode>FR</nutsCode>
              <euCode>FR</euCode>
              <isoCode>FR</isoCode>
              <rcn>258902568</rcn>
            </region>
          </regions>
        </relations>
      </organization>
      <organization ecContribution="292500" order="5" terminated="false" type="participant">
        <availableLanguages readOnly="true">en</availableLanguages>
        <rcn>1909165</rcn>
        <id>998521784</id>
        <vatNumber>RO15203810</vatNumber>
        <legalName>INSTITUTUL NATIONAL DE CERCETARE CANTACUZINO</legalName>
        <shortName>INCDMIC</shortName>
        <address>
          <street>SPLAIUL INDEPENDENTEI 103 SECTOR 5</street>
          <city>BUCURESTI</city>
          <postalCode>050096</postalCode>
          <country>RO</country>
          <postBox>1-525</postBox>
          <url>www.cantacuzino.ro</url>
        </address>
        <relations>
          <categories>
            <category classification="organizationActivityType" type="relatedOrganizationActivityType">
              <availableLanguages readOnly="true">de,en,es,fr,it,pl</availableLanguages>
              <code>/REC</code>
              <title>Research Organisations</title>
            </category>
          </categories>
          <regions>
            <region type="relatedRegion">
              <name>Romania</name>
              <nutsCode>RO</nutsCode>
              <euCode>RO</euCode>
              <isoCode>RO</isoCode>
              <rcn>459442728</rcn>
            </region>
          </regions>
        </relations>
      </organization>
      <organization ecContribution="18931" order="15" terminated="false" type="participant">
        <availableLanguages readOnly="true">en</availableLanguages>
        <rcn>1905557</rcn>
        <id>999974941</id>
        <vatNumber>GB592950700</vatNumber>
        <legalName>THE UNIVERSITY OF EDINBURGH</legalName>
        <shortName>UEDIN</shortName>
        <address>
          <street>OLD COLLEGE, SOUTH BRIDGE</street>
          <city>EDINBURGH</city>
          <postalCode>EH8 9YL</postalCode>
          <country>UK</country>
          <postBox>N/A</postBox>
          <url>www.ed.ac.uk</url>
        </address>
        <departmentName>Edinburgh Research and Innovation</departmentName>
        <relations>
          <categories>
            <category classification="organizationActivityType" type="relatedOrganizationActivityType">
              <availableLanguages readOnly="true">de,en,es,fr,it,pl</availableLanguages>
              <code>/HES</code>
              <title>Higher or Secondary Education Establishments</title>
            </category>
          </categories>
          <regions>
            <region type="relatedRegion">
              <name>United Kingdom</name>
              <nutsCode>UK</nutsCode>
              <euCode>UK</euCode>
              <isoCode>GB</isoCode>
              <rcn>508725800</rcn>
            </region>
          </regions>
        </relations>
      </organization>
    <categories>
      <category classification="projectFundingSchemeCategory" type="relatedProjectFundingSchemeCategory">
        <availableLanguages readOnly="true">en</availableLanguages>
        <code>/RIA</code>
        <title>Research and Innovation action</title>
      </category>
    </categories>
