  <rcn>193457</rcn>
  <acronym>ADALAM</acronym>
  <objective>Miniaturization, advanced high performance materials and functional surface structures are all drivers behind key enabling technologies in high added value production. It is in such areas that ultrashort pulse lasers have enabled completely new machining concepts, where the big advantages of laser machining are combined with a quasi non-thermal and therefore mild process, which can be used to machine any material with high precision.
An important obstacle however that hinders the full exploitation of the unique process characteristics, is the lack of a smart / adaptive machining technology. The laser process in principle is very accurate, but small deviations, e.g. in the materials to be processed, can compromise the accuracy to a very large extend. Therefore feedback systems are needed to keep the process accurate.

Within this project the goal is to develop an adaptive laser micromachining system, based on ultrashort pulsed laser ablation and a novel depth measurement sensor, together with advanced data analysis software and automated system calibration routines. The sensor can be used inline with the laser ablation process, enabling adaptive processes by fast and accurate 3D surface measurements.
 
The integrated sensor can be used to:
    • Measure the surface topography while machining a part, in order to adapt the micromachining process, leading to highly increased machining accuracies and no defects.
    • Measure the surface topography before machining, to scan for existing surface defects that can be removed in an automatically generated machining process.
    • Measure complex shaped objects prior to machining, to precisely align the machining pattern to the workpiece.
    • Quickly validate results after machining.

Therefore, the main objective of this project is to develop a sensor based adaptive micro machining system using ultra short pulsed lasers for zero failure manufacturing.</objective>
  <title>Sensor based adaptive laser micromachining using ultrashort pulse lasers for zero-failure manufacturing</title>
      <organization ecContribution="746250" order="2" terminated="false" type="participant">
        <availableLanguages readOnly="true">en</availableLanguages>
        <rcn>2398775</rcn>
        <id>998501511</id>
        <legalName>Lightmotif B.V.</legalName>
        <shortName>Lightmotif</shortName>
        <address>
          <street>PANTHEON 12</street>
          <city>ENSCHEDE</city>
          <postalCode>7521 PR</postalCode>
          <country>NL</country>
          <url>www.lightmotif.nl</url>
        </address>
        <departmentName>none</departmentName>
        <relations>
          <categories>
            <category classification="organizationActivityType" type="relatedOrganizationActivityType">
              <availableLanguages readOnly="true">de,en,es,fr,it,pl</availableLanguages>
              <code>/PRC</code>
              <title>Private for-profit entities (excluding Higher or Secondary Education Establishments)</title>
            </category>
          </categories>
          <regions>
            <region type="relatedRegion">
              <name>Netherlands</name>
              <nutsCode>NL</nutsCode>
              <euCode>NL</euCode>
              <isoCode>NL</isoCode>
              <rcn>391547432</rcn>
            </region>
          </regions>
        </relations>
      </organization>
      <organization ecContribution="310001.25" order="4" terminated="false" type="participant">
        <availableLanguages readOnly="true">en</availableLanguages>
        <rcn>2155259</rcn>
        <id>985086023</id>
        <vatNumber>DE133785236</vatNumber>
        <legalName>Sill Optics GmbH &amp; Co. KG</legalName>
        <shortName>SILL</shortName>
        <address>
          <street>Johann-Höllfritsch-Strasse  13</street>
          <city>Wendelstein</city>
          <postalCode>90530</postalCode>
          <country>DE</country>
          <postBox>1127</postBox>
          <url>www.silloptics.de</url>
        </address>
        <relations>
          <categories>
            <category classification="organizationActivityType" type="relatedOrganizationActivityType">
              <availableLanguages readOnly="true">de,en,es,fr,it,pl</availableLanguages>
              <code>/PRC</code>
              <title>Private for-profit entities (excluding Higher or Secondary Education Establishments)</title>
            </category>
          </categories>
          <regions>
            <region type="relatedRegion">
              <name>Germany</name>
              <nutsCode>DE</nutsCode>
              <euCode>DE</euCode>
              <isoCode>DE</isoCode>
              <rcn>221940264</rcn>
            </region>
          </regions>
        </relations>
      </organization>
      <organization ecContribution="117500" order="8" terminated="false" type="participant">
        <availableLanguages readOnly="true">en</availableLanguages>
        <rcn>2073345</rcn>
        <id>985822253</id>
        <legalName>AB SANDVIK COROMANT</legalName>
        <shortName>SC</shortName>
        <address>
          <street>MOSSVAEGEN 10</street>
          <city>SANDVIKEN</city>
          <postalCode>81181</postalCode>
          <country>SE</country>
          <url>http://www.coromant.sandvik.com/</url>
        </address>
        <relations>
          <categories>
            <category classification="organizationActivityType" type="relatedOrganizationActivityType">
              <availableLanguages readOnly="true">de,en,es,fr,it,pl</availableLanguages>
              <code>/PRC</code>
              <title>Private for-profit entities (excluding Higher or Secondary Education Establishments)</title>
            </category>
          </categories>
          <regions>
            <region type="relatedRegion">
              <name>Sweden</name>
              <nutsCode>SE</nutsCode>
              <euCode>SE</euCode>
              <isoCode>SE</isoCode>
              <rcn>473598504</rcn>
            </region>
          </regions>
        </relations>
      </organization>
      <organization ecContribution="432256.25" order="3" terminated="false" type="participant">
        <availableLanguages readOnly="true">en</availableLanguages>
        <rcn>1905912</rcn>
        <id>999984059</id>
        <vatNumber>DE129515865</vatNumber>
        <legalName>FRAUNHOFER GESELLSCHAFT ZUR FOERDERUNG DER ANGEWANDTEN FORSCHUNG E.V.</legalName>
        <shortName>Fraunhofer</shortName>
        <address>
          <street>HANSASTRASSE 27C</street>
          <city>MUNCHEN</city>
          <postalCode>80686</postalCode>
          <country>DE</country>
          <postBox>000</postBox>
          <url>www.fraunhofer.de</url>
        </address>
        <departmentName>Integrated Project Management</departmentName>
        <relations>
          <categories>
            <category classification="organizationActivityType" type="relatedOrganizationActivityType">
              <availableLanguages readOnly="true">de,en,es,fr,it,pl</availableLanguages>
              <code>/REC</code>
              <title>Research Organisations</title>
            </category>
          </categories>
          <regions>
            <region type="relatedRegion">
              <name>Germany</name>
              <nutsCode>DE</nutsCode>
              <euCode>DE</euCode>
              <isoCode>DE</isoCode>
              <rcn>221940264</rcn>
            </region>
          </regions>
        </relations>
      </organization>
      <organization ecContribution="0" order="10" terminated="false" type="participant">
        <availableLanguages readOnly="true">en</availableLanguages>
        <rcn>1951313</rcn>
        <id>999597029</id>
        <legalName>LUMENTUM SWITZERLAND AG</legalName>
        <shortName>TBWP</shortName>
        <address>
          <street>RUTISTRASSE 12</street>
          <city>SCHLIEREN</city>
          <postalCode>8952</postalCode>
          <country>CH</country>
          <url>www.time-bandwidth.com</url>
        </address>
        <departmentName>n/a</departmentName>
        <relations>
          <categories>
            <category classification="organizationActivityType" type="relatedOrganizationActivityType">
              <availableLanguages readOnly="true">de,en,es,fr,it,pl</availableLanguages>
              <code>/PRC</code>
              <title>Private for-profit entities (excluding Higher or Secondary Education Establishments)</title>
            </category>
          </categories>
          <regions>
            <region type="relatedRegion">
              <name>Switzerland</name>
              <nutsCode>CH</nutsCode>
              <euCode>CH</euCode>
              <isoCode>CH</isoCode>
              <rcn>205949480</rcn>
            </region>
          </regions>
        </relations>
      </organization>
      <organization ecContribution="156750" order="9" terminated="false" type="participant">
        <availableLanguages readOnly="true">en</availableLanguages>
        <rcn>2111000</rcn>
        <id>999500417</id>
        <vatNumber>ESA48228399</vatNumber>
        <legalName>CONSULTORES DE AUTOMATIZACION YROBOTICA SA</legalName>
        <shortName>CARSA</shortName>
        <address>
          <street>CARRETERA ASUA LA AVANZADA 6</street>
          <city>GETXO BIZKAIA</city>
          <postalCode>48930</postalCode>
          <country>ES</country>
          <url>www.carsa.es</url>
        </address>
        <departmentName>Financial Department</departmentName>
        <relations>
          <categories>
            <category classification="organizationActivityType" type="relatedOrganizationActivityType">
              <availableLanguages readOnly="true">de,en,es,fr,it,pl</availableLanguages>
              <code>/PRC</code>
              <title>Private for-profit entities (excluding Higher or Secondary Education Establishments)</title>
            </category>
          </categories>
          <regions>
            <region type="relatedRegion">
              <name>Spain</name>
              <nutsCode>ES</nutsCode>
              <euCode>ES</euCode>
              <isoCode>ES</isoCode>
              <rcn>242387496</rcn>
            </region>
          </regions>
        </relations>
      </organization>
      <organization ecContribution="407750" order="1" terminated="false" type="coordinator">
        <availableLanguages readOnly="true">en</availableLanguages>
        <rcn>2398774</rcn>
        <id>973065783</id>
        <legalName>UNIMETRIK SA</legalName>
        <shortName>Unimetrik</shortName>
        <address>
          <street>SAN BLAS 11 - POL IND DE GIJAIN</street>
          <city>LEGUTIANO</city>
          <postalCode>01170</postalCode>
          <country>ES</country>
        </address>
        <departmentName>Unimetrik</departmentName>
        <relations>
          <categories>
            <category classification="organizationActivityType" type="relatedOrganizationActivityType">
              <availableLanguages readOnly="true">de,en,es,fr,it,pl</availableLanguages>
              <code>/PRC</code>
              <title>Private for-profit entities (excluding Higher or Secondary Education Establishments)</title>
            </category>
          </categories>
          <regions>
            <region type="relatedRegion">
              <name>Spain</name>
              <nutsCode>ES</nutsCode>
              <euCode>ES</euCode>
              <isoCode>ES</isoCode>
              <rcn>242387496</rcn>
            </region>
          </regions>
        </relations>
      </organization>
      <organization ecContribution="623867.5" order="5" terminated="false" type="participant">
        <availableLanguages readOnly="true">en</availableLanguages>
        <rcn>2398778</rcn>
        <id>998281709</id>
        <legalName>DEMCON ADVANCED MECHATRONICS BV</legalName>
        <shortName>DEMCON</shortName>
        <address>
          <street>INSTITUTENWEG 25</street>
          <city>ENSCHEDE</city>
          <postalCode>7521 PH</postalCode>
          <country>NL</country>
          <url>www.demcon.nl</url>
        </address>
        <departmentName>Finance</departmentName>
        <relations>
          <categories>
            <category classification="organizationActivityType" type="relatedOrganizationActivityType">
              <availableLanguages readOnly="true">de,en,es,fr,it,pl</availableLanguages>
              <code>/PRC</code>
              <title>Private for-profit entities (excluding Higher or Secondary Education Establishments)</title>
            </category>
          </categories>
          <regions>
            <region type="relatedRegion">
              <name>Netherlands</name>
              <nutsCode>NL</nutsCode>
              <euCode>NL</euCode>
              <isoCode>NL</isoCode>
              <rcn>391547432</rcn>
            </region>
          </regions>
        </relations>
      </organization>
      <organization ecContribution="369843.75" order="11" terminated="false" type="participant">
        <availableLanguages readOnly="true">en</availableLanguages>
        <rcn>2398784</rcn>
        <id>961020323</id>
        <legalName>DEMCON FOCAL BV</legalName>
        <shortName>Focal Optical Systems &amp; Machine Vision</shortName>
        <address>
          <street>INSTITUTENWEG 25 A</street>
          <city>ENSCHEDE</city>
          <postalCode>7521 PH</postalCode>
          <country>NL</country>
        </address>
        <relations>
          <categories>
            <category classification="organizationActivityType" type="relatedOrganizationActivityType">
              <availableLanguages readOnly="true">de,en,es,fr,it,pl</availableLanguages>
              <code>/PRC</code>
              <title>Private for-profit entities (excluding Higher or Secondary Education Establishments)</title>
            </category>
          </categories>
          <regions>
            <region type="relatedRegion">
              <name>Netherlands</name>
              <nutsCode>NL</nutsCode>
              <euCode>NL</euCode>
              <isoCode>NL</isoCode>
              <rcn>391547432</rcn>
            </region>
          </regions>
        </relations>
      </organization>
      <organization ecContribution="212916.25" order="7" terminated="false" type="participant">
        <availableLanguages readOnly="true">en</availableLanguages>
        <rcn>2398780</rcn>
        <id>986591463</id>
        <legalName>XYCARB CERAMICS BV</legalName>
        <shortName>XYCARB CERAMICS BV</shortName>
        <address>
          <street>ZUIDDIJK 4</street>
          <city>HELMOND</city>
          <postalCode>5705 CS</postalCode>
          <country>NL</country>
          <url>www.xycarb.nl</url>
        </address>
        <relations>
          <categories>
            <category classification="organizationActivityType" type="relatedOrganizationActivityType">
              <availableLanguages readOnly="true">de,en,es,fr,it,pl</availableLanguages>
              <code>/PRC</code>
              <title>Private for-profit entities (excluding Higher or Secondary Education Establishments)</title>
            </category>
          </categories>
          <regions>
            <region type="relatedRegion">
              <name>Netherlands</name>
              <nutsCode>NL</nutsCode>
              <euCode>NL</euCode>
              <isoCode>NL</isoCode>
              <rcn>391547432</rcn>
            </region>
          </regions>
        </relations>
      </organization>
      <organization ecContribution="387500" order="6" terminated="false" type="participant">
        <availableLanguages readOnly="true">en</availableLanguages>
        <rcn>1905916</rcn>
        <id>998424590</id>
        <vatNumber>ESB61991261</vatNumber>
        <legalName>DATAPIXEL SL</legalName>
        <shortName>DATAPIXEL SL</shortName>
        <address>
          <street>CARRETERA ASUA 6</street>
          <city>GETXO</city>
          <postalCode>48930</postalCode>
          <country>ES</country>
          <postBox>000</postBox>
          <url>www.datapixel.com</url>
        </address>
        <departmentName>R&amp;D</departmentName>
        <relations>
          <categories>
            <category classification="organizationActivityType" type="relatedOrganizationActivityType">
              <availableLanguages readOnly="true">de,en,es,fr,it,pl</availableLanguages>
              <code>/PRC</code>
              <title>Private for-profit entities (excluding Higher or Secondary Education Establishments)</title>
            </category>
          </categories>
          <regions>
            <region type="relatedRegion">
              <name>Spain</name>
              <nutsCode>ES</nutsCode>
              <euCode>ES</euCode>
              <isoCode>ES</isoCode>
              <rcn>242387496</rcn>
            </region>
          </regions>
        </relations>
      </organization>
    <categories>
      <category classification="projectFundingSchemeCategory" type="relatedProjectFundingSchemeCategory">
        <availableLanguages readOnly="true">en</availableLanguages>
        <code>/RIA</code>
        <title>Research and Innovation action</title>
      </category>
    </categories>
