  <rcn>193287</rcn>
  <acronym>EU-CaRE</acronym>
  <objective>Cardiovascular diseases (CVD) cause over 4 million deaths in Europe each year and mass disability: within the coming decades the disability-adjusted life years (DALYs) estimate is expected to rise from a loss of 85 million DALYs in 1990 to a loss of  150 million DALYs globally in 2020. Moreover, patient numbers are expected to rise rapidly in the next decades, due to an ageing society such that the burden of CVD for both patients and the healthcare sector will further rise.

Cardiac rehabilitation (CR) is recognised as an effective approach for risk reduction and long term care of patients facing cardiovascular diseases (CVD). However, knowledge on CR in the elderly is limited, while tailoring of CR programmes to the elderly is needed. The reasons for this relates to the following aspects: 1) the elderly account for the majority of cardiac admissions and procedures, yet studies on cardiac rehabilitation have traditionally focused on younger patients , 2) many older patients who would derive benefit from CR interventions, do not participate, 3) there is a lack of commitment and adherence to CR within in the older population with only a minority completing the full programme  and 4) a cardiovascular event in elderly patients could be a trigger for disability and dependence. Knowledge is lacking on effective approaches for this specific target group and moreover the specific challenges related to the target group must be addressed.

With the ambition to achieve a breakthrough in cardiac care,  the main objective of EU-CaRE is thus to obtain the evidence base to improve, tailor and optimise CR programmes regarding sustainable effectiveness, cost-effectiveness and participation level in the elderly. This is achieved through an comparative effectiveness analysis of current conventional cardiac rehabilitation programmes (CR), as well as new innovative mobile telemonitoring guided cardiac rehabilitation (mCR). As such, the project addresses the objectives of call PHC 17.</objective>
  <title>A EUropean study on effectiveness and sustainability of current Cardiac Rehabilitation programmes in the Elderly</title>
      <organization ecContribution="656066.25" order="2" terminated="false" type="participant">
        <availableLanguages readOnly="true">en</availableLanguages>
        <rcn>1909013</rcn>
        <id>999654744</id>
        <vatNumber>DK30167686</vatNumber>
        <legalName>REGION HOVEDSTADEN</legalName>
        <shortName>CRD</shortName>
        <address>
          <street>KONGENS VAENGE 2</street>
          <city>HILLEROD</city>
          <postalCode>3400</postalCode>
          <country>DK</country>
          <postBox>N/A</postBox>
          <url>www.regionh.dk</url>
        </address>
        <departmentName>Office of Accounting and Budget</departmentName>
        <relations>
          <categories>
            <category classification="organizationActivityType" type="relatedOrganizationActivityType">
              <availableLanguages readOnly="true">de,en,es,fr,it,pl</availableLanguages>
              <code>/PUB</code>
              <title>Public bodies (excluding Research Organisations and Secondary or Higher Education Establishments)</title>
            </category>
          </categories>
          <regions>
            <region type="relatedRegion">
              <name>Denmark</name>
              <nutsCode>DK</nutsCode>
              <euCode>DK</euCode>
              <isoCode>DK</isoCode>
              <rcn>223513128</rcn>
            </region>
          </regions>
        </relations>
      </organization>
      <organization ecContribution="392034.55" order="11" terminated="false" type="participant">
        <availableLanguages readOnly="true">en</availableLanguages>
        <rcn>1906228</rcn>
        <id>999992110</id>
        <vatNumber>NL002968721B01</vatNumber>
        <legalName>STICHTING KATHOLIEKE UNIVERSITEIT</legalName>
        <shortName>RU</shortName>
        <address>
          <street>GEERT GROOTEPLEIN NOORD 9</street>
          <city>NIJMEGEN</city>
          <postalCode>6525 EZ</postalCode>
          <country>NL</country>
          <postBox>N/A</postBox>
          <url>www.radboudumc.nl</url>
        </address>
        <departmentName>Technology Transfer</departmentName>
        <relations>
          <categories>
            <category classification="organizationActivityType" type="relatedOrganizationActivityType">
              <availableLanguages readOnly="true">de,en,es,fr,it,pl</availableLanguages>
              <code>/HES</code>
              <title>Higher or Secondary Education Establishments</title>
            </category>
          </categories>
          <regions>
            <region type="relatedRegion">
              <name>Netherlands</name>
              <nutsCode>NL</nutsCode>
              <euCode>NL</euCode>
              <isoCode>NL</isoCode>
              <rcn>391547432</rcn>
            </region>
          </regions>
        </relations>
      </organization>
      <organization ecContribution="587901.25" order="3" terminated="false" type="participant">
        <availableLanguages readOnly="true">en</availableLanguages>
        <rcn>1906254</rcn>
        <id>999645432</id>
        <vatNumber>FR95267500452</vatNumber>
        <legalName>ASSISTANCE PUBLIQUE - HOPITAUX DE PARIS</legalName>
        <shortName>HSL</shortName>
        <address>
          <street>3 Avenue Victoria</street>
          <city>PARIS</city>
          <postalCode>75004</postalCode>
          <country>FR</country>
          <postBox>N/A</postBox>
          <url>http://www.aphp.fr</url>
        </address>
        <relations>
          <categories>
            <category classification="organizationActivityType" type="relatedOrganizationActivityType">
              <availableLanguages readOnly="true">de,en,es,fr,it,pl</availableLanguages>
              <code>/REC</code>
              <title>Research Organisations</title>
            </category>
          </categories>
          <regions>
            <region type="relatedRegion">
              <name>France</name>
              <nutsCode>FR</nutsCode>
              <euCode>FR</euCode>
              <isoCode>FR</isoCode>
              <rcn>258902568</rcn>
            </region>
          </regions>
        </relations>
      </organization>
      <organization ecContribution="0" order="4" terminated="false" type="participant">
        <availableLanguages readOnly="true">en</availableLanguages>
        <rcn>1905696</rcn>
        <id>999976493</id>
        <vatNumber>CHE115250351</vatNumber>
        <legalName>UNIVERSITAET BERN</legalName>
        <shortName>BERN</shortName>
        <address>
          <street>HOCHSCHULSTRASSE 6</street>
          <city>BERN</city>
          <postalCode>3012</postalCode>
          <country>CH</country>
          <postBox>000</postBox>
          <url>http://www.unibe.ch</url>
        </address>
        <departmentName>Communication and Distributed Systems</departmentName>
        <relations>
          <categories>
            <category classification="organizationActivityType" type="relatedOrganizationActivityType">
              <availableLanguages readOnly="true">de,en,es,fr,it,pl</availableLanguages>
              <code>/HES</code>
              <title>Higher or Secondary Education Establishments</title>
            </category>
          </categories>
          <regions>
            <region type="relatedRegion">
              <name>Switzerland</name>
              <nutsCode>CH</nutsCode>
              <euCode>CH</euCode>
              <isoCode>CH</isoCode>
              <rcn>205949480</rcn>
            </region>
          </regions>
        </relations>
      </organization>
      <organization ecContribution="237835" order="10" terminated="false" type="participant">
        <availableLanguages readOnly="true">en</availableLanguages>
        <rcn>2391628</rcn>
        <id>989743866</id>
        <vatNumber>NL817990069B01</vatNumber>
        <legalName>MOBIHEALTH BV</legalName>
        <shortName>MobiHealth</shortName>
        <address>
          <street>DOKTER STOLTEWEG 96</street>
          <city>ZWOLLE</city>
          <postalCode>8025</postalCode>
          <country>NL</country>
        </address>
        <relations>
          <categories>
            <category classification="organizationActivityType" type="relatedOrganizationActivityType">
              <availableLanguages readOnly="true">de,en,es,fr,it,pl</availableLanguages>
              <code>/PRC</code>
              <title>Private for-profit entities (excluding Higher or Secondary Education Establishments)</title>
            </category>
          </categories>
          <regions>
            <region type="relatedRegion">
              <name>Netherlands</name>
              <nutsCode>NL</nutsCode>
              <euCode>NL</euCode>
              <isoCode>NL</isoCode>
              <rcn>391547432</rcn>
            </region>
          </regions>
        </relations>
      </organization>
      <organization ecContribution="537374.12" order="6" terminated="false" type="participant">
        <availableLanguages readOnly="true">en</availableLanguages>
        <rcn>1911881</rcn>
        <id>974720409</id>
        <vatNumber>ESQ6550006H</vatNumber>
        <legalName>SERVIZO GALEGO DE SAUDE</legalName>
        <shortName>SERGAS</shortName>
        <address>
          <street>Edificio Administrativo San Lázaro</street>
          <city>Santiago de Compostela</city>
          <postalCode>15703</postalCode>
          <country>ES</country>
          <postBox>N/A</postBox>
          <url>www.sergas.es</url>
        </address>
        <relations>
          <categories>
            <category classification="organizationActivityType" type="relatedOrganizationActivityType">
              <availableLanguages readOnly="true">de,en,es,fr,it,pl</availableLanguages>
              <code>/PUB</code>
              <title>Public bodies (excluding Research Organisations and Secondary or Higher Education Establishments)</title>
            </category>
          </categories>
          <regions>
            <region type="relatedRegion">
              <name>Spain</name>
              <nutsCode>ES</nutsCode>
              <euCode>ES</euCode>
              <isoCode>ES</isoCode>
              <rcn>242387496</rcn>
            </region>
          </regions>
        </relations>
      </organization>
      <organization ecContribution="457057.5" order="5" terminated="false" type="participant">
        <availableLanguages readOnly="true">en</availableLanguages>
        <rcn>1919132</rcn>
        <id>951340111</id>
        <vatNumber>DE210126666</vatNumber>
        <legalName>STIFTUNG INSTITUT FUR HERZINFARKTFORSCHUNG LUDWIGSHAFEN</legalName>
        <shortName>IHF</shortName>
        <address>
          <street>BREMSERSTRASSE 79</street>
          <city>LUDWIGSHAFEN</city>
          <postalCode>67063</postalCode>
          <country>DE</country>
          <url>www.stiftung-ihf.de</url>
        </address>
        <relations>
          <categories>
            <category classification="organizationActivityType" type="relatedOrganizationActivityType">
              <availableLanguages readOnly="true">de,en,es,fr,it,pl</availableLanguages>
              <code>/REC</code>
              <title>Research Organisations</title>
            </category>
          </categories>
          <regions>
            <region type="relatedRegion">
              <name>Germany</name>
              <nutsCode>DE</nutsCode>
              <euCode>DE</euCode>
              <isoCode>DE</isoCode>
              <rcn>221940264</rcn>
            </region>
          </regions>
        </relations>
      </organization>
      <organization ecContribution="1337240" order="8" terminated="false" type="participant">
        <availableLanguages readOnly="true">en</availableLanguages>
        <rcn>2391626</rcn>
        <id>947553328</id>
        <vatNumber>NL804906166B01</vatNumber>
        <legalName>DIAGRAM BV</legalName>
        <shortName>Diagram</shortName>
        <address>
          <street>DOKTER STOLTEWEG 96</street>
          <city>ZWOLLE</city>
          <postalCode>8025</postalCode>
          <country>NL</country>
        </address>
        <relations>
          <categories>
            <category classification="organizationActivityType" type="relatedOrganizationActivityType">
              <availableLanguages readOnly="true">de,en,es,fr,it,pl</availableLanguages>
              <code>/PRC</code>
              <title>Private for-profit entities (excluding Higher or Secondary Education Establishments)</title>
            </category>
          </categories>
          <regions>
            <region type="relatedRegion">
              <name>Netherlands</name>
              <nutsCode>NL</nutsCode>
              <euCode>NL</euCode>
              <isoCode>NL</isoCode>
              <rcn>391547432</rcn>
            </region>
          </regions>
        </relations>
      </organization>
      <organization ecContribution="968795" order="1" terminated="false" type="coordinator">
        <availableLanguages readOnly="true">en</availableLanguages>
        <rcn>2391619</rcn>
        <id>951077726</id>
        <vatNumber>NL807170306B01</vatNumber>
        <legalName>STICHTING ISALA KLINIEKEN</legalName>
        <shortName>Isala klinieken</shortName>
        <address>
          <street>DOKTER VAN HEESWEG 2</street>
          <city>ZWOLLE</city>
          <postalCode>8025</postalCode>
          <country>NL</country>
        </address>
        <relations>
          <categories>
            <category classification="organizationActivityType" type="relatedOrganizationActivityType">
              <availableLanguages readOnly="true">de,en,es,fr,it,pl</availableLanguages>
              <code>/OTH</code>
              <title>Other</title>
            </category>
          </categories>
          <regions>
            <region type="relatedRegion">
              <name>Netherlands</name>
              <nutsCode>NL</nutsCode>
              <euCode>NL</euCode>
              <isoCode>NL</isoCode>
              <rcn>391547432</rcn>
            </region>
          </regions>
        </relations>
      </organization>
      <organization ecContribution="393888.13" order="7" terminated="false" type="participant">
        <availableLanguages readOnly="true">en</availableLanguages>
        <rcn>1915468</rcn>
        <id>999607117</id>
        <vatNumber>IT01874240342</vatNumber>
        <legalName>AZIENDA OSPEDALIERO-UNIVERSITARIA DI PARMA</legalName>
        <shortName>AOU PR</shortName>
        <address>
          <street>VIA GRAMSCI 14</street>
          <city>PARMA</city>
          <postalCode>43100</postalCode>
          <country>IT</country>
          <postBox>000</postBox>
        </address>
        <relations>
          <categories>
            <category classification="organizationActivityType" type="relatedOrganizationActivityType">
              <availableLanguages readOnly="true">de,en,es,fr,it,pl</availableLanguages>
              <code>/PUB</code>
              <title>Public bodies (excluding Research Organisations and Secondary or Higher Education Establishments)</title>
            </category>
          </categories>
          <regions>
            <region type="relatedRegion">
              <name>Italy</name>
              <nutsCode>IT</nutsCode>
              <euCode>IT</euCode>
              <isoCode>IT</isoCode>
              <rcn>309758504</rcn>
            </region>
          </regions>
        </relations>
      </organization>
      <organization ecContribution="24856.7" order="9" terminated="true" type="participant">
        <availableLanguages readOnly="true">en</availableLanguages>
        <rcn>1905616</rcn>
        <id>999987745</id>
        <vatNumber>IT02133771002</vatNumber>
        <legalName>UNIVERSITA DEGLI STUDI DI ROMA LA SAPIENZA</legalName>
        <shortName>UNIROMA1</shortName>
        <address>
          <street>Piazzale Aldo Moro  5</street>
          <city>ROMA</city>
          <postalCode>00185</postalCode>
          <country>IT</country>
          <url>www.uniroma1.it</url>
        </address>
        <departmentName>Dipartimento di Ingegneria informatica</departmentName>
        <departmentName> automatica e gestion</departmentName>
        <relations>
          <categories>
            <category classification="organizationActivityType" type="relatedOrganizationActivityType">
              <availableLanguages readOnly="true">de,en,es,fr,it,pl</availableLanguages>
              <code>/HES</code>
              <title>Higher or Secondary Education Establishments</title>
            </category>
          </categories>
          <regions>
            <region type="relatedRegion">
              <name>Italy</name>
              <nutsCode>IT</nutsCode>
              <euCode>IT</euCode>
              <isoCode>IT</isoCode>
              <rcn>309758504</rcn>
            </region>
          </regions>
        </relations>
      </organization>
    <categories>
      <category classification="projectFundingSchemeCategory" type="relatedProjectFundingSchemeCategory">
        <availableLanguages readOnly="true">en</availableLanguages>
        <code>/RIA</code>
        <title>Research and Innovation action</title>
      </category>
    </categories>
