  <rcn>193240</rcn>
  <acronym>ULTRADIAN</acronym>
  <objective>We propose to revolutionize current endocrine diagnostics by replacing conventional, time-consuming single-analyte hormone assays with ambulatory dynamic endocrine diagnostics. Disorders of the adrenal and pituitary endocrine systems are not only accompanied by changes in absolute hormone levels, but also secretion patterns. The rapid circadian (24 hour) and ultradian (&lt; 24 hour) cycling of hormone levels poses diagnostic challenges since random measurements do not always detect abnormalities. Furthermore, monitoring of treatment of endocrine diseases are often severely limited by lack of multiple measurements at different time points, which is impractical in an out-patient setting.

To overcome these hurdles academic and commercial partners propose to: 

• Develop a novel microdialysate sampling and analysis system for adrenal and pituitary hormonome profiling

• Validate the method in healthy vs. six populations with endocrine disorders 

• Promote the system for demonstration in routine clinical practice by dissemination of results to relevant European stakeholders
 
The portable fraction collector for subcutaneous microdialysate combined with state-or-the-art ultrasensitive assays by liquid chromatography tandem mass spectroscopy (LCMS/MS) and multiplex proximity extension assays (Proseek), will allow collection of 10 minute fractions for up to 72 hours while the person tends to daily life activities. LCMSMS and Proseek assays can generate a timeline of “hormonomes” covering the 24 hour cycle without losing sensitivity and specificity, producing not only hormone levels, but also secretion patterns for diagnostics and monitoring purposes.

ULTRADIAN will deliver an ambulatory diagnostic system with unprecedented sensitivity and specificity for simplified diagnostics and monitoring of endocrine conditions, economisation of health care, and new products and markets for the European diagnostic sector.</objective>
  <title>Dynamic hormone diagnostics</title>
      <organization ecContribution="437500" order="5" terminated="false" type="participant">
        <availableLanguages readOnly="true">en</availableLanguages>
        <rcn>2391752</rcn>
        <id>937957991</id>
        <vatNumber>GB578323907</vatNumber>
        <legalName>DESIGNWORKS WINDSOR LTD</legalName>
        <shortName>Designworks</shortName>
        <address>
          <street>Unit 2 the Windsor Business Centre, Vansittart estate</street>
          <city>Windsor</city>
          <postalCode>SL4 1SP</postalCode>
          <country>UK</country>
        </address>
        <relations>
          <categories>
            <category classification="organizationActivityType" type="relatedOrganizationActivityType">
              <availableLanguages readOnly="true">de,en,es,fr,it,pl</availableLanguages>
              <code>/PRC</code>
              <title>Private for-profit entities (excluding Higher or Secondary Education Establishments)</title>
            </category>
          </categories>
          <regions>
            <region type="relatedRegion">
              <name>United Kingdom</name>
              <nutsCode>UK</nutsCode>
              <euCode>UK</euCode>
              <isoCode>GB</isoCode>
              <rcn>508725800</rcn>
            </region>
          </regions>
        </relations>
      </organization>
      <organization ecContribution="713281" order="6" terminated="false" type="participant">
        <availableLanguages readOnly="true">en</availableLanguages>
        <rcn>2391753</rcn>
        <id>937222149</id>
        <legalName>PERIFEREIAKO GENIKO NOSOKOMEIO ATHINON EVAGGELISMOS</legalName>
        <shortName>Evaggelismos</shortName>
        <address>
          <street>YPSILANTOU 45-47</street>
          <city>ATHINA</city>
          <postalCode>10676</postalCode>
          <country>EL</country>
        </address>
        <relations>
          <categories>
            <category classification="organizationActivityType" type="relatedOrganizationActivityType">
              <availableLanguages readOnly="true">de,en,es,fr,it,pl</availableLanguages>
              <code>/PUB</code>
              <title>Public bodies (excluding Research Organisations and Secondary or Higher Education Establishments)</title>
            </category>
          </categories>
          <regions>
            <region type="relatedRegion">
              <name>Greece</name>
              <nutsCode>GR</nutsCode>
              <euCode>EL</euCode>
              <isoCode>GR</isoCode>
              <rcn>240552488</rcn>
            </region>
          </regions>
        </relations>
      </organization>
      <organization ecContribution="938307" order="3" terminated="false" type="participant">
        <availableLanguages readOnly="true">en</availableLanguages>
        <rcn>1906240</rcn>
        <id>999978530</id>
        <vatNumber>SE202100297301</vatNumber>
        <legalName>KAROLINSKA INSTITUTET</legalName>
        <shortName>KI</shortName>
        <address>
          <street>Nobels Vag 5</street>
          <city>STOCKHOLM</city>
          <postalCode>17177</postalCode>
          <country>SE</country>
          <postBox>N/A</postBox>
          <url>www.ki.se</url>
        </address>
        <departmentName>Institute of Environmental Medicine</departmentName>
        <relations>
          <categories>
            <category classification="organizationActivityType" type="relatedOrganizationActivityType">
              <availableLanguages readOnly="true">de,en,es,fr,it,pl</availableLanguages>
              <code>/HES</code>
              <title>Higher or Secondary Education Establishments</title>
            </category>
          </categories>
          <regions>
            <region type="relatedRegion">
              <name>Sweden</name>
              <nutsCode>SE</nutsCode>
              <euCode>SE</euCode>
              <isoCode>SE</isoCode>
              <rcn>473598504</rcn>
            </region>
          </regions>
        </relations>
      </organization>
      <organization ecContribution="1221521" order="2" terminated="false" type="participant">
        <availableLanguages readOnly="true">en</availableLanguages>
        <rcn>1907078</rcn>
        <id>999974262</id>
        <vatNumber>GB991261800</vatNumber>
        <legalName>UNIVERSITY OF BRISTOL</legalName>
        <shortName>UNIVBRIS</shortName>
        <address>
          <street>TYNDALL AVENUE SENATE HOUSE</street>
          <city>BRISTOL</city>
          <postalCode>BS8 1TH</postalCode>
          <country>UK</country>
          <postBox>000</postBox>
          <url>www.bristol.ac.uk</url>
        </address>
        <departmentName>Finance Services</departmentName>
        <relations>
          <categories>
            <category classification="organizationActivityType" type="relatedOrganizationActivityType">
              <availableLanguages readOnly="true">de,en,es,fr,it,pl</availableLanguages>
              <code>/HES</code>
              <title>Higher or Secondary Education Establishments</title>
            </category>
          </categories>
          <regions>
            <region type="relatedRegion">
              <name>United Kingdom</name>
              <nutsCode>UK</nutsCode>
              <euCode>UK</euCode>
              <isoCode>GB</isoCode>
              <rcn>508725800</rcn>
            </region>
          </regions>
        </relations>
      </organization>
      <organization ecContribution="0" order="4" terminated="true" type="participant">
        <availableLanguages readOnly="true">en</availableLanguages>
        <rcn>1941785</rcn>
        <id>999426600</id>
        <vatNumber>SE556663699801</vatNumber>
        <legalName>OLINK  BIOSCIENCE AB</legalName>
        <shortName>OLINK AB</shortName>
        <address>
          <street>CHEMISTRY BMC - BOX 599</street>
          <city>UPPSALA</city>
          <postalCode>751 24</postalCode>
          <country>SE</country>
          <postBox>599</postBox>
          <url>www.olink.com</url>
        </address>
        <relations>
          <categories>
            <category classification="organizationActivityType" type="relatedOrganizationActivityType">
              <availableLanguages readOnly="true">de,en,es,fr,it,pl</availableLanguages>
              <code>/PRC</code>
              <title>Private for-profit entities (excluding Higher or Secondary Education Establishments)</title>
            </category>
          </categories>
          <regions>
            <region type="relatedRegion">
              <name>Sweden</name>
              <nutsCode>SE</nutsCode>
              <euCode>SE</euCode>
              <isoCode>SE</isoCode>
              <rcn>473598504</rcn>
            </region>
          </regions>
        </relations>
      </organization>
      <organization ecContribution="686725" order="7" terminated="false" type="participant">
        <availableLanguages readOnly="true">en</availableLanguages>
        <rcn>2981979</rcn>
        <id>919441273</id>
        <vatNumber>SE559046863201</vatNumber>
        <legalName>OLINK PROTEOMICS AB</legalName>
        <shortName>OLINK</shortName>
        <address>
          <street>UPPSALA SCIENCE PARK</street>
          <city>UPPSALA</city>
          <postalCode>751 83</postalCode>
          <country>SE</country>
        </address>
        <relations>
          <categories>
            <category classification="organizationActivityType" type="relatedOrganizationActivityType">
              <availableLanguages readOnly="true">de,en,es,fr,it,pl</availableLanguages>
              <code>/PRC</code>
              <title>Private for-profit entities (excluding Higher or Secondary Education Establishments)</title>
            </category>
          </categories>
          <regions>
            <region type="relatedRegion">
              <name>Sweden</name>
              <nutsCode>SE</nutsCode>
              <euCode>SE</euCode>
              <isoCode>SE</isoCode>
              <rcn>473598504</rcn>
            </region>
          </regions>
        </relations>
      </organization>
      <organization ecContribution="2002047" order="1" terminated="false" type="coordinator">
        <availableLanguages readOnly="true">en</availableLanguages>
        <rcn>1906559</rcn>
        <id>999974456</id>
        <vatNumber>NO874789542MVA</vatNumber>
        <legalName>UNIVERSITETET I BERGEN</legalName>
        <shortName>UiB</shortName>
        <address>
          <street>MUSEPLASSEN 1</street>
          <city>BERGEN</city>
          <postalCode>5020</postalCode>
          <country>NO</country>
          <postBox>N/A</postBox>
          <url>www.uib.no</url>
        </address>
        <departmentName>Department of Research Management</departmentName>
        <relations>
          <categories>
            <category classification="organizationActivityType" type="relatedOrganizationActivityType">
              <availableLanguages readOnly="true">de,en,es,fr,it,pl</availableLanguages>
              <code>/HES</code>
              <title>Higher or Secondary Education Establishments</title>
            </category>
          </categories>
          <regions>
            <region type="relatedRegion">
              <name>Norway</name>
              <nutsCode>NO</nutsCode>
              <euCode>NO</euCode>
              <isoCode>NO</isoCode>
              <rcn>392333864</rcn>
            </region>
          </regions>
        </relations>
      </organization>
    <categories>
      <category classification="projectFundingSchemeCategory" type="relatedProjectFundingSchemeCategory">
        <availableLanguages readOnly="true">en</availableLanguages>
        <code>/RIA</code>
        <title>Research and Innovation action</title>
      </category>
    </categories>
