  <rcn>193254</rcn>
  <acronym>MMTech</acronym>
  <objective>This project will focus on the development of technologies and methodologies which have the potential to save costs and time across the whole life cycle of the aircraft (design, production, maintenance, overhaul, repair and retrofit), including for certification aspects. Moreover it will also target the integration of additional functions or materials in structural components of the aircraft, the increased use of automation.
The first proposed step is the introduction of the γ-TiAl alloy, a well known promising advanced material for aerospace applications and a revolutionary manufacturing technology. Its specific stiffness and strength, as compared to its low weight, potentially leads to large weight savings (50%), and therefore lower mechanical loads on thermomechanical stressed parts, compared to the common Ni based superalloys. The integration of new material and new manufacturing technology will positively impact several aspects of the manufacturing and maintenance chain, starting from the design, the production, the repair).
The aim of this project is twofold:
- On one side the work will be focused on the development and integration at industrial of a IPR protected gas atomization process for producing TiAl powders, whose properties must be highly stable from batch to batch. Thanks to the stability of the chemical and granulometric properties of the powders, the application of the Rapid Manufacturing technique to the production of TiAl components will be economically affordable. While this technique is by now well-known, its main drawback resides in the scarce quality of the starting powders.
- The other main drawback for the wide industrial application of TiAl components is the integrated optimisation of all the machining steps, that means the setting up of machine tool characteristics and parameters, cutting tool geometry, substrate and coating materials, advanced lubrication technologies.</objective>
  <title>New aerospace advanced cost effective materials and rapid manufacturingtechnologies</title>
      <organization ecContribution="784000" order="1" terminated="false" type="coordinator">
        <availableLanguages readOnly="true">en</availableLanguages>
        <rcn>1906163</rcn>
        <id>999976881</id>
        <vatNumber>GB648238808</vatNumber>
        <legalName>THE UNIVERSITY OF SHEFFIELD</legalName>
        <shortName>USFD</shortName>
        <address>
          <street>FIRTH COURT WESTERN BANK</street>
          <city>SHEFFIELD</city>
          <postalCode>S10 2TN</postalCode>
          <country>UK</country>
          <url>www.shef.ac.uk</url>
        </address>
        <departmentName>Research Finance</departmentName>
        <relations>
          <categories>
            <category classification="organizationActivityType" type="relatedOrganizationActivityType">
              <availableLanguages readOnly="true">de,en,es,fr,it,pl</availableLanguages>
              <code>/HES</code>
              <title>Higher or Secondary Education Establishments</title>
            </category>
          </categories>
          <regions>
            <region type="relatedRegion">
              <name>United Kingdom</name>
              <nutsCode>UK</nutsCode>
              <euCode>UK</euCode>
              <isoCode>GB</isoCode>
              <rcn>508725800</rcn>
            </region>
          </regions>
        </relations>
      </organization>
      <organization ecContribution="400000" order="13" terminated="false" type="participant">
        <availableLanguages readOnly="true">en</availableLanguages>
        <rcn>1905566</rcn>
        <id>999993468</id>
        <vatNumber>GB649926678</vatNumber>
        <legalName>IMPERIAL COLLEGE OF SCIENCE TECHNOLOGY AND MEDICINE</legalName>
        <shortName>Imperial</shortName>
        <address>
          <street>SOUTH KENSINGTON CAMPUS EXHIBITION ROAD</street>
          <city>LONDON</city>
          <postalCode>SW7 2AZ</postalCode>
          <country>UK</country>
          <postBox>N/A</postBox>
          <url>http://www.imperial.ac.uk/</url>
        </address>
        <departmentName>Level 2</departmentName>
        <departmentName>Faculty Building</departmentName>
        <relations>
          <categories>
            <category classification="organizationActivityType" type="relatedOrganizationActivityType">
              <availableLanguages readOnly="true">de,en,es,fr,it,pl</availableLanguages>
              <code>/HES</code>
              <title>Higher or Secondary Education Establishments</title>
            </category>
          </categories>
          <regions>
            <region type="relatedRegion">
              <name>United Kingdom</name>
              <nutsCode>UK</nutsCode>
              <euCode>UK</euCode>
              <isoCode>GB</isoCode>
              <rcn>508725800</rcn>
            </region>
          </regions>
        </relations>
      </organization>
      <organization ecContribution="420625" order="5" terminated="false" type="participant">
        <availableLanguages readOnly="true">en</availableLanguages>
        <rcn>2000264</rcn>
        <id>990670022</id>
        <vatNumber>IT10125250018</vatNumber>
        <legalName>DIAD GROUP SRL</legalName>
        <shortName>DIG</shortName>
        <address>
          <street>VIA NICOLA FABRIZI 136</street>
          <city>TORINO</city>
          <postalCode>10145</postalCode>
          <country>IT</country>
          <url>http://www.diadgroup.com</url>
        </address>
        <relations>
          <categories>
            <category classification="organizationActivityType" type="relatedOrganizationActivityType">
              <availableLanguages readOnly="true">de,en,es,fr,it,pl</availableLanguages>
              <code>/PRC</code>
              <title>Private for-profit entities (excluding Higher or Secondary Education Establishments)</title>
            </category>
          </categories>
          <regions>
            <region type="relatedRegion">
              <name>Italy</name>
              <nutsCode>IT</nutsCode>
              <euCode>IT</euCode>
              <isoCode>IT</isoCode>
              <rcn>309758504</rcn>
            </region>
          </regions>
        </relations>
      </organization>
      <organization ecContribution="300000" order="11" terminated="false" type="participant">
        <availableLanguages readOnly="true">en</availableLanguages>
        <rcn>1911673</rcn>
        <id>999855146</id>
        <vatNumber>ESF20045241</vatNumber>
        <legalName>MONDRAGON GOI ESKOLA POLITEKNIKOA JOSE MARIA ARIZMENDIARRIETA S COOP</legalName>
        <shortName>MONDRAGON</shortName>
        <address>
          <street>LORAMENDI 4</street>
          <city>ARRASATE</city>
          <postalCode>20500</postalCode>
          <country>ES</country>
          <postBox>000</postBox>
          <url>www.eps.mondragon.edu</url>
        </address>
        <relations>
          <categories>
            <category classification="organizationActivityType" type="relatedOrganizationActivityType">
              <availableLanguages readOnly="true">de,en,es,fr,it,pl</availableLanguages>
              <code>/HES</code>
              <title>Higher or Secondary Education Establishments</title>
            </category>
          </categories>
          <regions>
            <region type="relatedRegion">
              <name>Spain</name>
              <nutsCode>ES</nutsCode>
              <euCode>ES</euCode>
              <isoCode>ES</isoCode>
              <rcn>242387496</rcn>
            </region>
          </regions>
        </relations>
      </organization>
      <organization ecContribution="571500" order="9" terminated="false" type="participant">
        <availableLanguages readOnly="true">en</availableLanguages>
        <rcn>1919721</rcn>
        <id>998647787</id>
        <vatNumber>IT03028050262</vatNumber>
        <legalName>MBN NANOMATERIALIA SPA</legalName>
        <shortName>MBN</shortName>
        <address>
          <street>VIA BORTOLAN 42</street>
          <city>CARBONERA</city>
          <postalCode>31030</postalCode>
          <country>IT</country>
          <url>www.mbn.it</url>
        </address>
        <relations>
          <categories>
            <category classification="organizationActivityType" type="relatedOrganizationActivityType">
              <availableLanguages readOnly="true">de,en,es,fr,it,pl</availableLanguages>
              <code>/PRC</code>
              <title>Private for-profit entities (excluding Higher or Secondary Education Establishments)</title>
            </category>
          </categories>
          <regions>
            <region type="relatedRegion">
              <name>Italy</name>
              <nutsCode>IT</nutsCode>
              <euCode>IT</euCode>
              <isoCode>IT</isoCode>
              <rcn>309758504</rcn>
            </region>
          </regions>
        </relations>
      </organization>
      <organization ecContribution="436000" order="7" terminated="false" type="participant">
        <availableLanguages readOnly="true">en</availableLanguages>
        <rcn>1906162</rcn>
        <id>999511669</id>
        <vatNumber>IT00815570965</vatNumber>
        <legalName>CE.S.I. CENTRO STUDI INDUSTRIALI SRL</legalName>
        <shortName>CESI</shortName>
        <address>
          <street>Via Tintoretto  10</street>
          <city>COLOGNO MONZESE</city>
          <postalCode>20093</postalCode>
          <country>IT</country>
          <url>www.cesi.net</url>
        </address>
        <relations>
          <categories>
            <category classification="organizationActivityType" type="relatedOrganizationActivityType">
              <availableLanguages readOnly="true">de,en,es,fr,it,pl</availableLanguages>
              <code>/PRC</code>
              <title>Private for-profit entities (excluding Higher or Secondary Education Establishments)</title>
            </category>
          </categories>
          <regions>
            <region type="relatedRegion">
              <name>Italy</name>
              <nutsCode>IT</nutsCode>
              <euCode>IT</euCode>
              <isoCode>IT</isoCode>
              <rcn>309758504</rcn>
            </region>
          </regions>
        </relations>
      </organization>
      <organization ecContribution="360000" order="12" terminated="false" type="participant">
        <availableLanguages readOnly="true">en</availableLanguages>
        <rcn>1939222</rcn>
        <id>990071920</id>
        <vatNumber>IT03736080015</vatNumber>
        <legalName>PRIMA INDUSTRIE SPA</legalName>
        <shortName>PRIMA</shortName>
        <address>
          <street>VIA ANTONELLI 32</street>
          <city>COLLEGNO</city>
          <postalCode>10093</postalCode>
          <country>IT</country>
          <url>www.primaindustrie.com</url>
        </address>
        <departmentName>R&amp;D</departmentName>
        <relations>
          <categories>
            <category classification="organizationActivityType" type="relatedOrganizationActivityType">
              <availableLanguages readOnly="true">de,en,es,fr,it,pl</availableLanguages>
              <code>/PRC</code>
              <title>Private for-profit entities (excluding Higher or Secondary Education Establishments)</title>
            </category>
          </categories>
          <regions>
            <region type="relatedRegion">
              <name>Italy</name>
              <nutsCode>IT</nutsCode>
              <euCode>IT</euCode>
              <isoCode>IT</isoCode>
              <rcn>309758504</rcn>
            </region>
          </regions>
        </relations>
      </organization>
      <organization ecContribution="425000" order="8" terminated="false" type="participant">
        <availableLanguages readOnly="true">en</availableLanguages>
        <rcn>1939246</rcn>
        <id>999546007</id>
        <vatNumber>ESF20147773</vatNumber>
        <legalName>IDEKO S COOP</legalName>
        <shortName>IDK</shortName>
        <address>
          <street>CALLE ARRIAGA 2</street>
          <city>ELGOIBAR</city>
          <postalCode>20870</postalCode>
          <country>ES</country>
          <postBox>000</postBox>
          <url>www.ideko.es</url>
        </address>
        <relations>
          <categories>
            <category classification="organizationActivityType" type="relatedOrganizationActivityType">
              <availableLanguages readOnly="true">de,en,es,fr,it,pl</availableLanguages>
              <code>/REC</code>
              <title>Research Organisations</title>
            </category>
          </categories>
          <regions>
            <region type="relatedRegion">
              <name>Spain</name>
              <nutsCode>ES</nutsCode>
              <euCode>ES</euCode>
              <isoCode>ES</isoCode>
              <rcn>242387496</rcn>
            </region>
          </regions>
        </relations>
      </organization>
      <organization ecContribution="400000" order="6" terminated="false" type="participant">
        <availableLanguages readOnly="true">en</availableLanguages>
        <rcn>2391868</rcn>
        <id>952417490</id>
        <legalName>EFESTO</legalName>
        <shortName>Efesto</shortName>
        <address>
          <street>55 AVENUE MARCEAU</street>
          <city>PARIS</city>
          <postalCode>75116</postalCode>
          <country>FR</country>
        </address>
        <relations>
          <categories>
            <category classification="organizationActivityType" type="relatedOrganizationActivityType">
              <availableLanguages readOnly="true">de,en,es,fr,it,pl</availableLanguages>
              <code>/PRC</code>
              <title>Private for-profit entities (excluding Higher or Secondary Education Establishments)</title>
            </category>
          </categories>
          <regions>
            <region type="relatedRegion">
              <name>France</name>
              <nutsCode>FR</nutsCode>
              <euCode>FR</euCode>
              <isoCode>FR</isoCode>
              <rcn>258902568</rcn>
            </region>
          </regions>
        </relations>
      </organization>
      <organization ecContribution="305375" order="2" terminated="false" type="participant">
        <availableLanguages readOnly="true">en</availableLanguages>
        <rcn>1930587</rcn>
        <id>999802572</id>
        <vatNumber>GB927514417</vatNumber>
        <legalName>ADVANCED MANUFACTURING (SHEFFIELD)LIMITED</legalName>
        <shortName>AML</shortName>
        <address>
          <street>CLUB MILL ROAD</street>
          <city>SHEFFIELD</city>
          <postalCode>S6 2FH</postalCode>
          <country>UK</country>
          <postBox>000</postBox>
        </address>
        <relations>
          <categories>
            <category classification="organizationActivityType" type="relatedOrganizationActivityType">
              <availableLanguages readOnly="true">de,en,es,fr,it,pl</availableLanguages>
              <code>/PRC</code>
              <title>Private for-profit entities (excluding Higher or Secondary Education Establishments)</title>
            </category>
          </categories>
          <regions>
            <region type="relatedRegion">
              <name>United Kingdom</name>
              <nutsCode>UK</nutsCode>
              <euCode>UK</euCode>
              <isoCode>GB</isoCode>
              <rcn>508725800</rcn>
            </region>
          </regions>
        </relations>
      </organization>
      <organization ecContribution="495000" order="3" terminated="false" type="participant">
        <availableLanguages readOnly="true">en</availableLanguages>
        <rcn>1906161</rcn>
        <id>999424951</id>
        <vatNumber>FR78499667004</vatNumber>
        <legalName>TEKS SARL</legalName>
        <shortName>TEKS</shortName>
        <address>
          <street>RUE DU PRAYA, LES TOITS BLANCS 23</street>
          <city>MONTGENEVRE</city>
          <postalCode>05100</postalCode>
          <country>FR</country>
          <url>http://www.teks.eu.com</url>
        </address>
        <relations>
          <categories>
            <category classification="organizationActivityType" type="relatedOrganizationActivityType">
              <availableLanguages readOnly="true">de,en,es,fr,it,pl</availableLanguages>
              <code>/PRC</code>
              <title>Private for-profit entities (excluding Higher or Secondary Education Establishments)</title>
            </category>
          </categories>
          <regions>
            <region type="relatedRegion">
              <name>France</name>
              <nutsCode>FR</nutsCode>
              <euCode>FR</euCode>
              <isoCode>FR</isoCode>
              <rcn>258902568</rcn>
            </region>
          </regions>
        </relations>
      </organization>
      <organization ecContribution="421750" order="10" terminated="false" type="participant">
        <availableLanguages readOnly="true">en</availableLanguages>
        <rcn>2096286</rcn>
        <id>999475391</id>
        <vatNumber>IT05787820017</vatNumber>
        <legalName>FIDIA SPA</legalName>
        <shortName>FIDIA SPA</shortName>
        <address>
          <street>CORSO LOMBARDIA 11</street>
          <city>SAN MAURO TORINESE</city>
          <postalCode>10099</postalCode>
          <country>IT</country>
          <url>www.fidia.com</url>
        </address>
        <departmentName>Research Dept.</departmentName>
        <relations>
          <categories>
            <category classification="organizationActivityType" type="relatedOrganizationActivityType">
              <availableLanguages readOnly="true">de,en,es,fr,it,pl</availableLanguages>
              <code>/PRC</code>
              <title>Private for-profit entities (excluding Higher or Secondary Education Establishments)</title>
            </category>
          </categories>
          <regions>
            <region type="relatedRegion">
              <name>Italy</name>
              <nutsCode>IT</nutsCode>
              <euCode>IT</euCode>
              <isoCode>IT</isoCode>
              <rcn>309758504</rcn>
            </region>
          </regions>
        </relations>
      </organization>
      <organization ecContribution="388750" order="4" terminated="false" type="participant">
        <availableLanguages readOnly="true">en</availableLanguages>
        <rcn>1906107</rcn>
        <id>999974068</id>
        <vatNumber>GB261339762</vatNumber>
        <legalName>UNIVERSITY OF STRATHCLYDE</legalName>
        <shortName>USTRATH</shortName>
        <address>
          <street>Richmond Street 16</street>
          <city>GLASGOW</city>
          <postalCode>G1 1XQ</postalCode>
          <country>UK</country>
          <postBox>N/A</postBox>
          <url>www.strath.ac.uk</url>
        </address>
        <departmentName>Research and Knowledge Exchange Services</departmentName>
        <relations>
          <categories>
            <category classification="organizationActivityType" type="relatedOrganizationActivityType">
              <availableLanguages readOnly="true">de,en,es,fr,it,pl</availableLanguages>
              <code>/HES</code>
              <title>Higher or Secondary Education Establishments</title>
            </category>
          </categories>
          <regions>
            <region type="relatedRegion">
              <name>United Kingdom</name>
              <nutsCode>UK</nutsCode>
              <euCode>UK</euCode>
              <isoCode>GB</isoCode>
              <rcn>508725800</rcn>
            </region>
          </regions>
        </relations>
      </organization>
    <categories>
      <category classification="projectFundingSchemeCategory" type="relatedProjectFundingSchemeCategory">
        <availableLanguages readOnly="true">en</availableLanguages>
        <code>/RIA</code>
        <title>Research and Innovation action</title>
      </category>
    </categories>
