  <rcn>193379</rcn>
  <acronym>RCMS</acronym>
  <objective>Container terminals serve thousands of ships, store billions of TEUs, compete to serve the next vessel, and introduction of larger ships will result in new challenges. While advances have been made in terminal automation (Automated Ground Vehicle (AGV), gate control, yard cranes, etc.), with current technologies terminals are limited by their ability to maintain growth and quality of service. To address these trends and demands the Robotic Container Management System (RCMS) has been developed. As a contribution to its implementation, Project main objectives are:
A. To develop a detailed simulation model for RCMS to be evaluated in 2 Terminals (Gdansk and Koper) plus a set of generic simulation tools to be used in all terminals;
B. To assess and compare RCMS performance with other state-of-the-art container handling technologies for 2 Terminals (Gdansk and Koper) with different features;
C. To assess and compare RCMS performance with other state-of-the-art container handling technologies for 2 ports (Gdansk and Koper), with focus on comparison between RCMS solution and port surface extension;
D. To assess impact of RCMS in a simulated transport network in terms of efficiency, reliability, capacity, performance indicators (travel times, average speed, etc.) and impacts (noise and air pollution) in the Port of La Spezia.
Main results will be: a well-defined RCMS control logic; a dynamic physical AGV model to test AGV behavior; definition of operational procedures for RCMS; a generic simulation tool enabling testing of RCMS for various sites by non-simulation experts; an efficient entire terminal design with RCMS; a set of validated and quantified benefits of RCMS compared to commonly used handling systems; a set of Key Performances Indicators of the transport network using RCMS. Consortium is made by leading industries, SMEs, Research/Academic Centers and 3 ports/terminals as End-users. Project duration is 21 months and estimated eligible costs are 4 million €.</objective>
  <title>Rethinking Container Management Systems</title>
      <organization ecContribution="1778609.28" order="6" terminated="false" type="participant">
        <availableLanguages readOnly="true">en</availableLanguages>
        <rcn>1905824</rcn>
        <id>999969315</id>
        <vatNumber>IL520027194</vatNumber>
        <legalName>ISRAEL AEROSPACE INDUSTRIES LTD.</legalName>
        <shortName>IAI</shortName>
        <address>
          <street>BEN GURION INTERNATIONAL AIRPORT</street>
          <city>LOD</city>
          <postalCode>70100</postalCode>
          <country>IL</country>
          <url>www.iai.co.il</url>
        </address>
        <relations>
          <categories>
            <category classification="organizationActivityType" type="relatedOrganizationActivityType">
              <availableLanguages readOnly="true">de,en,es,fr,it,pl</availableLanguages>
              <code>/PRC</code>
              <title>Private for-profit entities (excluding Higher or Secondary Education Establishments)</title>
            </category>
          </categories>
          <regions>
            <region type="relatedRegion">
              <name>Israel</name>
              <nutsCode>IL</nutsCode>
              <euCode>IL</euCode>
              <isoCode>IL</isoCode>
              <rcn>307661352</rcn>
            </region>
          </regions>
        </relations>
      </organization>
      <organization ecContribution="93187.5" order="9" terminated="false" type="participant">
        <availableLanguages readOnly="true">en</availableLanguages>
        <rcn>2397019</rcn>
        <id>937093915</id>
        <vatNumber>PL5832555159</vatNumber>
        <legalName>GDANSKI TERMINAL KONTENEROWY SPOLKA AKCYJNA</legalName>
        <shortName>GTK</shortName>
        <address>
          <street>UL NA ZASPE 3</street>
          <city>GDANSK</city>
          <postalCode>80546</postalCode>
          <country>PL</country>
        </address>
        <relations>
          <categories>
            <category classification="organizationActivityType" type="relatedOrganizationActivityType">
              <availableLanguages readOnly="true">de,en,es,fr,it,pl</availableLanguages>
              <code>/PRC</code>
              <title>Private for-profit entities (excluding Higher or Secondary Education Establishments)</title>
            </category>
          </categories>
          <regions>
            <region type="relatedRegion">
              <name>Poland</name>
              <nutsCode>PL</nutsCode>
              <euCode>PL</euCode>
              <isoCode>PL</isoCode>
              <rcn>425101864</rcn>
            </region>
          </regions>
        </relations>
      </organization>
      <organization ecContribution="0" order="5" terminated="true" type="participant">
        <availableLanguages readOnly="true">en</availableLanguages>
        <rcn>2121851</rcn>
        <id>983170467</id>
        <vatNumber>IT00070690110</vatNumber>
        <legalName>AUTORITA' PORTUALE DELLA SPEZIA</legalName>
        <shortName>SPPA</shortName>
        <address>
          <street>VIA DEL MOLO 1</street>
          <city>LA SPEZIA</city>
          <postalCode>19126</postalCode>
          <country>IT</country>
          <url>www.porto.laspezia.it</url>
        </address>
        <relations>
          <categories>
            <category classification="organizationActivityType" type="relatedOrganizationActivityType">
              <availableLanguages readOnly="true">de,en,es,fr,it,pl</availableLanguages>
              <code>/PUB</code>
              <title>Public bodies (excluding Research Organisations and Secondary or Higher Education Establishments)</title>
            </category>
          </categories>
          <regions>
            <region type="relatedRegion">
              <name>Italy</name>
              <nutsCode>IT</nutsCode>
              <euCode>IT</euCode>
              <isoCode>IT</isoCode>
              <rcn>309758504</rcn>
            </region>
          </regions>
        </relations>
      </organization>
      <organization ecContribution="128062.5" order="7" terminated="false" type="participant">
        <availableLanguages readOnly="true">en</availableLanguages>
        <rcn>2397017</rcn>
        <id>938166832</id>
        <vatNumber>ESA62485180</vatNumber>
        <legalName>COMPASS INGENIERIA Y SISTEMAS SA</legalName>
        <shortName>COMPASSIS</shortName>
        <address>
          <street>CARRER DE TUSET 8 7 2</street>
          <city>BARCELONA</city>
          <postalCode>08006</postalCode>
          <country>ES</country>
        </address>
        <relations>
          <categories>
            <category classification="organizationActivityType" type="relatedOrganizationActivityType">
              <availableLanguages readOnly="true">de,en,es,fr,it,pl</availableLanguages>
              <code>/PRC</code>
              <title>Private for-profit entities (excluding Higher or Secondary Education Establishments)</title>
            </category>
          </categories>
          <regions>
            <region type="relatedRegion">
              <name>Spain</name>
              <nutsCode>ES</nutsCode>
              <euCode>ES</euCode>
              <isoCode>ES</isoCode>
              <rcn>242387496</rcn>
            </region>
          </regions>
        </relations>
      </organization>
      <organization ecContribution="376950" order="8" terminated="false" type="participant">
        <availableLanguages readOnly="true">en</availableLanguages>
        <rcn>2397018</rcn>
        <id>972190455</id>
        <vatNumber>DE118573659</vatNumber>
        <legalName>SELLHORN INGENIEURGESELLSCHAFT MBH</legalName>
        <shortName>Sellhorn</shortName>
        <address>
          <street>TEILFELD 5</street>
          <city>HAMBURG</city>
          <postalCode>20459</postalCode>
          <country>DE</country>
        </address>
        <relations>
          <categories>
            <category classification="organizationActivityType" type="relatedOrganizationActivityType">
              <availableLanguages readOnly="true">de,en,es,fr,it,pl</availableLanguages>
              <code>/PRC</code>
              <title>Private for-profit entities (excluding Higher or Secondary Education Establishments)</title>
            </category>
          </categories>
          <regions>
            <region type="relatedRegion">
              <name>Germany</name>
              <nutsCode>DE</nutsCode>
              <euCode>DE</euCode>
              <isoCode>DE</isoCode>
              <rcn>221940264</rcn>
            </region>
          </regions>
        </relations>
      </organization>
      <organization ecContribution="112870.64" order="10" terminated="false" type="participant">
        <availableLanguages readOnly="true">en</availableLanguages>
        <rcn>2113124</rcn>
        <id>999770368</id>
        <legalName>LUKA KOPER, PORT AND LOGISTIC SYSTEM, D.D.</legalName>
        <shortName>LUKA KOPER</shortName>
        <address>
          <street>Vojkovo nabrezje, 38</street>
          <city>KOPER</city>
          <postalCode>6000</postalCode>
          <country>SI</country>
          <url>www.luka-kp.si</url>
        </address>
        <relations>
          <categories>
            <category classification="organizationActivityType" type="relatedOrganizationActivityType">
              <availableLanguages readOnly="true">de,en,es,fr,it,pl</availableLanguages>
              <code>/PRC</code>
              <title>Private for-profit entities (excluding Higher or Secondary Education Establishments)</title>
            </category>
          </categories>
          <regions>
            <region type="relatedRegion">
              <name>Slovenia</name>
              <nutsCode>SI</nutsCode>
              <euCode>SI</euCode>
              <isoCode>SI</isoCode>
              <rcn>474647080</rcn>
            </region>
          </regions>
        </relations>
      </organization>
      <organization ecContribution="431073.88" order="1" terminated="false" type="coordinator">
        <availableLanguages readOnly="true">en</availableLanguages>
        <rcn>2397011</rcn>
        <id>946059916</id>
        <vatNumber>IT07869320965</vatNumber>
        <legalName>CIRCLE SRL</legalName>
        <shortName>CIRCLE</shortName>
        <address>
          <street>VIA MONCENISIO 75</street>
          <city>ROZZANO MI</city>
          <postalCode>20089</postalCode>
          <country>IT</country>
        </address>
        <relations>
          <categories>
            <category classification="organizationActivityType" type="relatedOrganizationActivityType">
              <availableLanguages readOnly="true">de,en,es,fr,it,pl</availableLanguages>
              <code>/PRC</code>
              <title>Private for-profit entities (excluding Higher or Secondary Education Establishments)</title>
            </category>
          </categories>
          <regions>
            <region type="relatedRegion">
              <name>Italy</name>
              <nutsCode>IT</nutsCode>
              <euCode>IT</euCode>
              <isoCode>IT</isoCode>
              <rcn>309758504</rcn>
            </region>
          </regions>
        </relations>
      </organization>
      <organization ecContribution="104625" order="2" terminated="false" type="participant">
        <availableLanguages readOnly="true">en</availableLanguages>
        <rcn>1906609</rcn>
        <id>999658721</id>
        <vatNumber>ESQ5850006G</vatNumber>
        <legalName>CENTRE INTERNACIONAL DE METODES NUMERICS EN ENGINYERIA</legalName>
        <shortName>CIMNE</shortName>
        <address>
          <street>C GRAN CAPITAN, EDIFICI C1, CAMPUS NORD UPC SN</street>
          <city>BARCELONA</city>
          <postalCode>08034</postalCode>
          <country>ES</country>
          <url>www.cimne.com</url>
        </address>
        <relations>
          <categories>
            <category classification="organizationActivityType" type="relatedOrganizationActivityType">
              <availableLanguages readOnly="true">de,en,es,fr,it,pl</availableLanguages>
              <code>/REC</code>
              <title>Research Organisations</title>
            </category>
          </categories>
          <regions>
            <region type="relatedRegion">
              <name>Spain</name>
              <nutsCode>ES</nutsCode>
              <euCode>ES</euCode>
              <isoCode>ES</isoCode>
              <rcn>242387496</rcn>
            </region>
          </regions>
        </relations>
      </organization>
      <organization ecContribution="446651.11" order="3" terminated="false" type="participant">
        <availableLanguages readOnly="true">en</availableLanguages>
        <rcn>1908657</rcn>
        <id>999976687</id>
        <vatNumber>IT00754150100</vatNumber>
        <legalName>UNIVERSITA DEGLI STUDI DI GENOVA</legalName>
        <shortName>UNIGE</shortName>
        <address>
          <street>VIA BALBI 5</street>
          <city>GENOVA</city>
          <postalCode>16126</postalCode>
          <country>IT</country>
          <postBox>N/A</postBox>
          <url>www.unige.it</url>
        </address>
        <departmentName>Dpt of Electrical</departmentName>
        <departmentName> Electronic</departmentName>
        <departmentName> Telecommunications</departmentName>
        <departmentName> Engineeri</departmentName>
        <relations>
          <categories>
            <category classification="organizationActivityType" type="relatedOrganizationActivityType">
              <availableLanguages readOnly="true">de,en,es,fr,it,pl</availableLanguages>
              <code>/HES</code>
              <title>Higher or Secondary Education Establishments</title>
            </category>
          </categories>
          <regions>
            <region type="relatedRegion">
              <name>Italy</name>
              <nutsCode>IT</nutsCode>
              <euCode>IT</euCode>
              <isoCode>IT</isoCode>
              <rcn>309758504</rcn>
            </region>
          </regions>
        </relations>
      </organization>
      <organization ecContribution="649611.75" order="4" terminated="false" type="participant">
        <availableLanguages readOnly="true">en</availableLanguages>
        <rcn>2397014</rcn>
        <id>943684774</id>
        <vatNumber>DE811135888</vatNumber>
        <legalName>HHLA INTERNATIONAL GMBH</legalName>
        <shortName>HPC</shortName>
        <address>
          <street>CONTAINER TERMINAL ALTENWERDER AM BALLINKAI 1</street>
          <city>HAMBURG</city>
          <postalCode>21129</postalCode>
          <country>DE</country>
        </address>
        <relations>
          <categories>
            <category classification="organizationActivityType" type="relatedOrganizationActivityType">
              <availableLanguages readOnly="true">de,en,es,fr,it,pl</availableLanguages>
              <code>/PRC</code>
              <title>Private for-profit entities (excluding Higher or Secondary Education Establishments)</title>
            </category>
          </categories>
          <regions>
            <region type="relatedRegion">
              <name>Germany</name>
              <nutsCode>DE</nutsCode>
              <euCode>DE</euCode>
              <isoCode>DE</isoCode>
              <rcn>221940264</rcn>
            </region>
          </regions>
        </relations>
      </organization>
      <organization ecContribution="61312.5" order="5" terminated="false" type="participant">
        <availableLanguages readOnly="true">en</availableLanguages>
        <rcn>3098414</rcn>
        <id>912347081</id>
        <vatNumber>IT01447450113</vatNumber>
        <legalName>AUTORITA DI SISTEMA PORTUALE DEL MAR LIGURE ORIENTALE</legalName>
        <shortName>SPPA</shortName>
        <address>
          <street>VIA DEL MOLO 1</street>
          <city>LA SPEZIA</city>
          <postalCode>19126</postalCode>
          <country>IT</country>
        </address>
        <relations>
          <categories>
            <category classification="organizationActivityType" type="relatedOrganizationActivityType">
              <availableLanguages readOnly="true">de,en,es,fr,it,pl</availableLanguages>
              <code>/PUB</code>
              <title>Public bodies (excluding Research Organisations and Secondary or Higher Education Establishments)</title>
            </category>
          </categories>
          <regions>
            <region type="relatedRegion">
              <name>Italy</name>
              <nutsCode>IT</nutsCode>
              <euCode>IT</euCode>
              <isoCode>IT</isoCode>
              <rcn>309758504</rcn>
            </region>
          </regions>
        </relations>
      </organization>
    <categories>
      <category classification="projectFundingSchemeCategory" type="relatedProjectFundingSchemeCategory">
        <availableLanguages readOnly="true">en</availableLanguages>
        <code>/RIA</code>
        <title>Research and Innovation action</title>
      </category>
    </categories>
