  <rcn>193516</rcn>
  <acronym>BLOC</acronym>
  <objective>Boundary layer theory is a large component of fluid dynamics. It is ubiquitous in Oceanography, where boundary layer currents, such as the Gulf Stream, play an important role in the global circulation. Comprehending the underlying mechanisms in the formation of boundary layers is therefore crucial for applications. However, the  treatment of boundary layers in ocean dynamics  remains poorly understood at a theoretical level, due to the variety and complexity of the forces at stake. 

The goal of this project is to develop several  tools to bridge the gap between the mathematical state of the art and the physical reality of oceanic motion. There are four points on which we will mainly focus: degeneracy issues, including the treatment Stewartson boundary layers near the equator; rough boundaries (meaning boundaries with small amplitude and high frequency variations); the inclusion of the advection term in the construction of stationary boundary layers; and the linear and nonlinear stability of the boundary layers. We will address separately  Ekman layers and western boundary layers, since they are ruled by equations whose mathematical behaviour is very different. 

This project will allow us to have a better understanding of small scale phenomena in fluid mechanics, and in particular of the inviscid limit of incompressible fluids. 

The team will be composed of the PI, two PhD students and three two-year postdocs over the whole period. We will also rely on the historical expertise of the host institution on fluid mechanics and asymptotic methods.</objective>
  <title>Mathematical study of Boundary Layers in Oceanic Motions</title>
      <organization ecContribution="0" order="1" terminated="true" type="coordinator">
        <availableLanguages readOnly="true">en</availableLanguages>
        <rcn>1907413</rcn>
        <id>999986193</id>
        <vatNumber>FR12197517220</vatNumber>
        <legalName>UNIVERSITE PIERRE ET MARIE CURIE - PARIS 6</legalName>
        <shortName>UPMC</shortName>
        <address>
          <street>Place Jussieu 4</street>
          <city>PARIS</city>
          <postalCode>75252</postalCode>
          <country>FR</country>
          <postBox>N/A</postBox>
          <url>www.upmc.fr</url>
        </address>
        <departmentName>Laboratoire d'Informatique de Paris 6 (LIP6) - NPA</departmentName>
        <relations>
          <categories>
            <category classification="organizationActivityType" type="relatedOrganizationActivityType">
              <availableLanguages readOnly="true">de,en,es,fr,it,pl</availableLanguages>
              <code>/HES</code>
              <title>Higher or Secondary Education Establishments</title>
            </category>
          </categories>
          <regions>
            <region type="relatedRegion">
              <name>France</name>
              <nutsCode>FR</nutsCode>
              <euCode>FR</euCode>
              <isoCode>FR</isoCode>
              <rcn>258902568</rcn>
            </region>
          </regions>
        </relations>
      </organization>
      <organization ecContribution="1267500" order="1" terminated="false" type="coordinator">
        <availableLanguages readOnly="true">en</availableLanguages>
        <rcn>1945394</rcn>
        <id>909875521</id>
        <vatNumber>FR90130023385</vatNumber>
        <legalName>SORBONNE UNIVERSITE</legalName>
        <shortName>SU</shortName>
        <address>
          <street>21 RUE DE L'ECOLE DE MEDECINE</street>
          <city>PARIS</city>
          <postalCode>75006</postalCode>
          <country>FR</country>
        </address>
        <relations>
          <categories>
            <category classification="organizationActivityType" type="relatedOrganizationActivityType">
              <availableLanguages readOnly="true">de,en,es,fr,it,pl</availableLanguages>
              <code>/HES</code>
              <title>Higher or Secondary Education Establishments</title>
            </category>
          </categories>
          <regions>
            <region type="relatedRegion">
              <name>France</name>
              <nutsCode>FR</nutsCode>
              <euCode>FR</euCode>
              <isoCode>FR</isoCode>
              <rcn>258902568</rcn>
            </region>
          </regions>
        </relations>
      </organization>
    <categories>
      <category classification="projectFundingSchemeCategory" type="relatedProjectFundingSchemeCategory">
        <availableLanguages readOnly="true">en</availableLanguages>
        <code>/ERC-STG</code>
        <title>Starting Grant</title>
      </category>
    </categories>
