  <rcn>193353</rcn>
  <acronym>BONVOYAGE</acronym>
  <objective>BONVOYAGE will design, develop and test a platform optimizing multimodal door-to-door transport of passengers and goods. The platform integrates travel information, planning and ticketing services, by automatically analysing non-real-time data from heterogeneous databases (on road, railway and urban transport systems); real-time measured data (traffic, weather forecasts); user profiles; user feedback.
The platform is supported by an innovative information-centric communication network that collects and distributes all the data required. The highly heterogeneous, distributed and mobile nature of data, coming from data-centers, sensors, vehicles, goods and people on the move, calls for an innovative networking paradigm. Current networks (e.g. Internet) limit themselves to “just” providing communication channels between hosts. Our paradigm, called Internames, allows communications among entities identified by names, without the constraint of a static binding to a particular location.
The request of a “user” (be it a person or a parcel) to travel from source to destination is managed by the platform with several tools: Metadata Handler collects and elaborates data related to the request and generates a corresponding Context; User Profiler creates a personalized profile, conveying requirements including Quality of Experience parameters and special needs; Multi-Objective Optimizer develops personalized travel instructions, optimal for the Context and User Profile. The user may give feedback, before accepting the travel itinerary. If a trip is not available at request time, the user is notified if it becomes available later on. An Actuator triggers the necessary services. A Tariff Scheme Designer exploits platform data to define multi-part tariff schemes.
BONVOYAGE will trial and demonstrate the platform and communication network in integrated, large-scale, real life application scenarios, incorporated into the normal business operations of our transport operator partners.</objective>
  <title>From Bilbao to Oslo, intermodal mobility solutions and interfaces for people and goods, supported by an innovative communication network</title>
      <organization ecContribution="177500" order="9" terminated="false" type="participant">
        <availableLanguages readOnly="true">en</availableLanguages>
        <rcn>1923405</rcn>
        <id>999661340</id>
        <vatNumber>NO971032081MVA</vatNumber>
        <legalName>STATENS VEGVESEN</legalName>
        <shortName>NPRA</shortName>
        <address>
          <street>BRYNSENGFARET 6A</street>
          <city>OSLO</city>
          <postalCode>0667</postalCode>
          <country>NO</country>
          <postBox>8142 DEP</postBox>
        </address>
        <departmentName>ITS/TMT</departmentName>
        <relations>
          <categories>
            <category classification="organizationActivityType" type="relatedOrganizationActivityType">
              <availableLanguages readOnly="true">de,en,es,fr,it,pl</availableLanguages>
              <code>/PUB</code>
              <title>Public bodies (excluding Research Organisations and Secondary or Higher Education Establishments)</title>
            </category>
          </categories>
          <regions>
            <region type="relatedRegion">
              <name>Norway</name>
              <nutsCode>NO</nutsCode>
              <euCode>NO</euCode>
              <isoCode>NO</isoCode>
              <rcn>392333864</rcn>
            </region>
          </regions>
        </relations>
      </organization>
      <organization ecContribution="680750" order="10" terminated="false" type="participant">
        <availableLanguages readOnly="true">en</availableLanguages>
        <rcn>1905793</rcn>
        <id>999980761</id>
        <vatNumber>NO948007029MVA</vatNumber>
        <legalName>STIFTELSEN SINTEF</legalName>
        <shortName>STIFTELS_SINTEF</shortName>
        <address>
          <street>STRINDVEIEN 4</street>
          <city>TRONDHEIM</city>
          <postalCode>7034</postalCode>
          <country>NO</country>
          <postBox>P.O. Box 4760 Torgard</postBox>
          <url>www.sintef.no</url>
        </address>
        <departmentName>Technology and Society</departmentName>
        <departmentName>Dep. of Industrial Management</departmentName>
        <relations>
          <categories>
            <category classification="organizationActivityType" type="relatedOrganizationActivityType">
              <availableLanguages readOnly="true">de,en,es,fr,it,pl</availableLanguages>
              <code>/REC</code>
              <title>Research Organisations</title>
            </category>
          </categories>
          <regions>
            <region type="relatedRegion">
              <name>Norway</name>
              <nutsCode>NO</nutsCode>
              <euCode>NO</euCode>
              <isoCode>NO</isoCode>
              <rcn>392333864</rcn>
            </region>
          </regions>
        </relations>
      </organization>
      <organization ecContribution="535000" order="4" terminated="false" type="participant">
        <availableLanguages readOnly="true">en</availableLanguages>
        <rcn>1905694</rcn>
        <id>999992401</id>
        <vatNumber>FR43775685019</vatNumber>
        <legalName>COMMISSARIAT A L ENERGIE ATOMIQUE ET AUX ENERGIES ALTERNATIVES</legalName>
        <shortName>CEA</shortName>
        <address>
          <street>RUE LEBLANC  25</street>
          <city>PARIS 15</city>
          <postalCode>75015</postalCode>
          <country>FR</country>
          <postBox>N/A</postBox>
          <url>www.cea.fr</url>
        </address>
        <departmentName>LETI-DTSI</departmentName>
        <relations>
          <categories>
            <category classification="organizationActivityType" type="relatedOrganizationActivityType">
              <availableLanguages readOnly="true">de,en,es,fr,it,pl</availableLanguages>
              <code>/REC</code>
              <title>Research Organisations</title>
            </category>
          </categories>
          <regions>
            <region type="relatedRegion">
              <name>France</name>
              <nutsCode>FR</nutsCode>
              <euCode>FR</euCode>
              <isoCode>FR</isoCode>
              <rcn>258902568</rcn>
            </region>
          </regions>
        </relations>
      </organization>
      <organization ecContribution="400000" order="11" terminated="false" type="participant">
        <availableLanguages readOnly="true">en</availableLanguages>
        <rcn>1910623</rcn>
        <id>999949624</id>
        <vatNumber>IT05403151003</vatNumber>
        <legalName>TRENITALIA SPA</legalName>
        <shortName>TRI</shortName>
        <address>
          <street>PIAZZA DELLA CROCE ROSSA 1</street>
          <city>ROMA</city>
          <postalCode>00161</postalCode>
          <country>IT</country>
          <url>www.trenitalia.com</url>
        </address>
        <relations>
          <categories>
            <category classification="organizationActivityType" type="relatedOrganizationActivityType">
              <availableLanguages readOnly="true">de,en,es,fr,it,pl</availableLanguages>
              <code>/PRC</code>
              <title>Private for-profit entities (excluding Higher or Secondary Education Establishments)</title>
            </category>
          </categories>
          <regions>
            <region type="relatedRegion">
              <name>Italy</name>
              <nutsCode>IT</nutsCode>
              <euCode>IT</euCode>
              <isoCode>IT</isoCode>
              <rcn>309758504</rcn>
            </region>
          </regions>
        </relations>
      </organization>
      <organization ecContribution="401750" order="7" terminated="false" type="participant">
        <availableLanguages readOnly="true">en</availableLanguages>
        <rcn>1913587</rcn>
        <id>999655229</id>
        <vatNumber>IT08882901005</vatNumber>
        <legalName>CONSORZIO PER LA RICERCA NELL' AUTOMATICA E NELLE TELECOMUNICAZIONI C.R.A.T.</legalName>
        <shortName>CRAT</shortName>
        <address>
          <street>VIA GIOVANNI NICOTERA 43</street>
          <city>ROMA</city>
          <postalCode>00195</postalCode>
          <country>IT</country>
          <url>http://infocom.uniroma1.it/crat/</url>
        </address>
        <departmentName>Dipartimento di Ingegneria Informatica</departmentName>
        <departmentName> Automatica e Gestion</departmentName>
        <relations>
          <categories>
            <category classification="organizationActivityType" type="relatedOrganizationActivityType">
              <availableLanguages readOnly="true">de,en,es,fr,it,pl</availableLanguages>
              <code>/REC</code>
              <title>Research Organisations</title>
            </category>
          </categories>
          <regions>
            <region type="relatedRegion">
              <name>Italy</name>
              <nutsCode>IT</nutsCode>
              <euCode>IT</euCode>
              <isoCode>IT</isoCode>
              <rcn>309758504</rcn>
            </region>
          </regions>
        </relations>
      </organization>
      <organization ecContribution="373750" order="2" terminated="false" type="participant">
        <availableLanguages readOnly="true">en</availableLanguages>
        <rcn>1905779</rcn>
        <id>999993856</id>
        <vatNumber>ESA28240752</vatNumber>
        <legalName>ATOS SPAIN SA</legalName>
        <shortName>ATOS SPAIN SA</shortName>
        <address>
          <street>CALLE DE ALBARRACIN 25</street>
          <city>MADRID</city>
          <postalCode>28037</postalCode>
          <country>ES</country>
          <postBox>000</postBox>
          <url>www.atos.net</url>
        </address>
        <departmentName>Research and Innovation</departmentName>
        <relations>
          <categories>
            <category classification="organizationActivityType" type="relatedOrganizationActivityType">
              <availableLanguages readOnly="true">de,en,es,fr,it,pl</availableLanguages>
              <code>/PRC</code>
              <title>Private for-profit entities (excluding Higher or Secondary Education Establishments)</title>
            </category>
          </categories>
          <regions>
            <region type="relatedRegion">
              <name>Spain</name>
              <nutsCode>ES</nutsCode>
              <euCode>ES</euCode>
              <isoCode>ES</isoCode>
              <rcn>242387496</rcn>
            </region>
          </regions>
        </relations>
      </organization>
      <organization ecContribution="135000" order="5" terminated="false" type="participant">
        <availableLanguages readOnly="true">en</availableLanguages>
        <rcn>1916263</rcn>
        <id>997580302</id>
        <legalName>AYUNTAMIENTO DE BILBAO</legalName>
        <shortName>BILBAO</shortName>
        <address>
          <street>URIBITARTE 18-4 DCHA</street>
          <city>BILBAO</city>
          <postalCode>48001</postalCode>
          <country>ES</country>
          <url>www.bilbao.net</url>
        </address>
        <departmentName>Traffic and Transports</departmentName>
        <relations>
          <categories>
            <category classification="organizationActivityType" type="relatedOrganizationActivityType">
              <availableLanguages readOnly="true">de,en,es,fr,it,pl</availableLanguages>
              <code>/PUB</code>
              <title>Public bodies (excluding Research Organisations and Secondary or Higher Education Establishments)</title>
            </category>
          </categories>
          <regions>
            <region type="relatedRegion">
              <name>Spain</name>
              <nutsCode>ES</nutsCode>
              <euCode>ES</euCode>
              <isoCode>ES</isoCode>
              <rcn>242387496</rcn>
            </region>
          </regions>
        </relations>
      </organization>
      <organization ecContribution="171500" order="6" terminated="false" type="participant">
        <availableLanguages readOnly="true">en</availableLanguages>
        <rcn>2396681</rcn>
        <id>997297062</id>
        <vatNumber>ESG01387414</vatNumber>
        <legalName>ASOCIACION CLUSTER DE MOVILIDAD Y LOGISTICA DE EUSKADI</legalName>
        <shortName>MLC Euskadi</shortName>
        <address>
          <street>AV TOLOSA 75</street>
          <city>GIPUZKOA</city>
          <postalCode>20018</postalCode>
          <country>ES</country>
        </address>
        <relations>
          <categories>
            <category classification="organizationActivityType" type="relatedOrganizationActivityType">
              <availableLanguages readOnly="true">de,en,es,fr,it,pl</availableLanguages>
              <code>/OTH</code>
              <title>Other</title>
            </category>
          </categories>
          <regions>
            <region type="relatedRegion">
              <name>Spain</name>
              <nutsCode>ES</nutsCode>
              <euCode>ES</euCode>
              <isoCode>ES</isoCode>
              <rcn>242387496</rcn>
            </region>
          </regions>
        </relations>
      </organization>
      <organization ecContribution="766000" order="1" terminated="false" type="coordinator">
        <availableLanguages readOnly="true">en</availableLanguages>
        <rcn>1907210</rcn>
        <id>999649603</id>
        <vatNumber>IT01938560347</vatNumber>
        <legalName>CONSORZIO NAZIONALE INTERUNIVERSITARIO PER LE TELECOMUNICAZIONI</legalName>
        <shortName>CNIT</shortName>
        <address>
          <street>VIALE G. P. USBERTI 181A</street>
          <city>PARMA</city>
          <postalCode>43124</postalCode>
          <country>IT</country>
          <url>www.cnit.it</url>
        </address>
        <relations>
          <categories>
            <category classification="organizationActivityType" type="relatedOrganizationActivityType">
              <availableLanguages readOnly="true">de,en,es,fr,it,pl</availableLanguages>
              <code>/HES</code>
              <title>Higher or Secondary Education Establishments</title>
            </category>
          </categories>
          <regions>
            <region type="relatedRegion">
              <name>Italy</name>
              <nutsCode>IT</nutsCode>
              <euCode>IT</euCode>
              <isoCode>IT</isoCode>
              <rcn>309758504</rcn>
            </region>
          </regions>
        </relations>
      </organization>
      <organization ecContribution="277500" order="8" terminated="false" type="participant">
        <availableLanguages readOnly="true">en</availableLanguages>
        <rcn>2161055</rcn>
        <id>997688263</id>
        <vatNumber>ATU58180729</vatNumber>
        <legalName>FLUIDTIME DATA SERVICES GMBH</legalName>
        <shortName>FLUIDTIME DATA SERVICES GMBH</shortName>
        <address>
          <street>NEUBAUGASSE 12-14/25</street>
          <city>VIENNA</city>
          <postalCode>1070</postalCode>
          <country>AT</country>
          <url>http://www.fluidtime.com</url>
        </address>
        <departmentName>FLUIDTIME Data Services GmbH</departmentName>
        <relations>
          <categories>
            <category classification="organizationActivityType" type="relatedOrganizationActivityType">
              <availableLanguages readOnly="true">de,en,es,fr,it,pl</availableLanguages>
              <code>/PRC</code>
              <title>Private for-profit entities (excluding Higher or Secondary Education Establishments)</title>
            </category>
          </categories>
          <regions>
            <region type="relatedRegion">
              <name>Austria</name>
              <nutsCode>AT</nutsCode>
              <euCode>AT</euCode>
              <isoCode>AT</isoCode>
              <rcn>175540776</rcn>
            </region>
          </regions>
        </relations>
      </organization>
      <organization ecContribution="81250" order="3" terminated="false" type="participant">
        <availableLanguages readOnly="true">en</availableLanguages>
        <rcn>2396678</rcn>
        <id>997628414</id>
        <vatNumber>ESA20006607</vatNumber>
        <legalName>TRANSPORTES AZKAR S.A.</legalName>
        <shortName>TRANSPORTES AZKAR S.A.</shortName>
        <address>
          <street>CL HIRIBARREN  32</street>
          <city>LAZCANO</city>
          <postalCode>20210</postalCode>
          <country>ES</country>
        </address>
        <relations>
          <categories>
            <category classification="organizationActivityType" type="relatedOrganizationActivityType">
              <availableLanguages readOnly="true">de,en,es,fr,it,pl</availableLanguages>
              <code>/PRC</code>
              <title>Private for-profit entities (excluding Higher or Secondary Education Establishments)</title>
            </category>
          </categories>
          <regions>
            <region type="relatedRegion">
              <name>Spain</name>
              <nutsCode>ES</nutsCode>
              <euCode>ES</euCode>
              <isoCode>ES</isoCode>
              <rcn>242387496</rcn>
            </region>
          </regions>
        </relations>
      </organization>
    <categories>
      <category classification="projectFundingSchemeCategory" type="relatedProjectFundingSchemeCategory">
        <availableLanguages readOnly="true">en</availableLanguages>
        <code>/RIA</code>
        <title>Research and Innovation action</title>
      </category>
    </categories>
