  <rcn>193290</rcn>
  <acronym>TREASURE</acronym>
  <objective>Research and development activities are proposed for the benefit of sustainable pork chains based on European local pig breeds and their production systems. Workprogramme is planned to respond to consumer demands for quality and healthiness of pork products with regional identity and societal demands for environment preservation and development of local agro-economy. Description and evaluation of local pig breeds, with an emphasis on untapped ones will be performed using novel genomic tools. Performance of local pig breeds will be evaluated in contrasted agro-geo-climatic conditions and production systems (indoor, outdoor, organic). Focus will be on pig feeding and management strategies and on the use of locally available feeding resources. Intrinsic quality of traditional and new regional high quality pork products and attitudes of consumers from various market areas will be assessed; in particular the motives for the choice and willingness to pay such products. Marketing strategies will be adressed in particular short chain distribution channels. All activities will be driven from the perspective of sustainability (environmental impact, animal welfare, product quality, consumer acceptability and market potential). The activities will engage innovative approaches to answer socio-economic demands of regional pork chains involving partners from different sectors. The ambition is to enhance existing and create new networks between academia and non-academia partners, within and between regions and to tackle the value chain for regional high quality pork products, focusing on diverse and so far untapped pig breeds, their production systems and pork products. Cross-fertilising interactions between research, local agriculture, businesses and end-users will be achieved with partners from these complementary sectors in all research and development activities.</objective>
  <title>DIVERSITY OF LOCAL PIG BREEDS AND PRODUCTION SYSTEMS FOR HIGH QUALITY TRADITIONAL PRODUCTS AND SUSTAINABLE PORK CHAINS</title>
      <organization ecContribution="453357.8" order="1" terminated="false" type="coordinator">
        <availableLanguages readOnly="true">en</availableLanguages>
        <rcn>1910784</rcn>
        <id>999466273</id>
        <vatNumber>SI23887729</vatNumber>
        <legalName>KMETIJSKI INSTITUT SLOVENIJE - AGRICULTURAL INSTITUTE OF SLOVENIA</legalName>
        <shortName>KIS</shortName>
        <address>
          <street>Hacquetova ulica 17</street>
          <city>LJUBLJANA</city>
          <postalCode>1000</postalCode>
          <country>SI</country>
          <url>www.kis.si</url>
        </address>
        <relations>
          <categories>
            <category classification="organizationActivityType" type="relatedOrganizationActivityType">
              <availableLanguages readOnly="true">de,en,es,fr,it,pl</availableLanguages>
              <code>/REC</code>
              <title>Research Organisations</title>
            </category>
          </categories>
          <regions>
            <region type="relatedRegion">
              <name>Slovenia</name>
              <nutsCode>SI</nutsCode>
              <euCode>SI</euCode>
              <isoCode>SI</isoCode>
              <rcn>474647080</rcn>
            </region>
          </regions>
        </relations>
      </organization>
      <organization ecContribution="50298.75" order="18" terminated="false" type="participant">
        <availableLanguages readOnly="true">en</availableLanguages>
        <rcn>2392379</rcn>
        <id>959062475</id>
        <vatNumber>RS100014262</vatNumber>
        <legalName>INSTITUT ZA STOCARSTVO BEOGRAD-ZEMUN</legalName>
        <shortName>IAH</shortName>
        <address>
          <street>AUTOPUT 16</street>
          <city>BEOGRAD</city>
          <postalCode>11080</postalCode>
          <country>RS</country>
        </address>
        <relations>
          <categories>
            <category classification="organizationActivityType" type="relatedOrganizationActivityType">
              <availableLanguages readOnly="true">de,en,es,fr,it,pl</availableLanguages>
              <code>/PRC</code>
              <title>Private for-profit entities (excluding Higher or Secondary Education Establishments)</title>
            </category>
          </categories>
          <regions>
            <region type="relatedRegion">
              <name>Serbia</name>
              <nutsCode>RS</nutsCode>
              <euCode>RS</euCode>
              <isoCode>RS</isoCode>
              <rcn>460491304</rcn>
            </region>
          </regions>
        </relations>
      </organization>
      <organization ecContribution="195424.61" order="22" terminated="false" type="participant">
        <availableLanguages readOnly="true">en</availableLanguages>
        <rcn>2159184</rcn>
        <id>986340815</id>
        <vatNumber>ESG64068463</vatNumber>
        <legalName>CENTRE DE RECERCA EN ECONOMIA I DESENVOLUPAMENT AGROALIMENTARI-UPC-IRTA</legalName>
        <shortName>CREDA</shortName>
        <address>
          <street>PARC MEDITERRANI DE LA TECNOLOGIA EDIFICI ESAB C/ESTEVE TERRRADES 8</street>
          <city>CASTELLDEFELS</city>
          <postalCode>08860</postalCode>
          <country>ES</country>
          <url>www.creda.es</url>
        </address>
        <relations>
          <categories>
            <category classification="organizationActivityType" type="relatedOrganizationActivityType">
              <availableLanguages readOnly="true">de,en,es,fr,it,pl</availableLanguages>
              <code>/REC</code>
              <title>Research Organisations</title>
            </category>
          </categories>
          <regions>
            <region type="relatedRegion">
              <name>Spain</name>
              <nutsCode>ES</nutsCode>
              <euCode>ES</euCode>
              <isoCode>ES</isoCode>
              <rcn>242387496</rcn>
            </region>
          </regions>
        </relations>
      </organization>
      <organization ecContribution="111760.95" order="12" terminated="true" type="participant">
        <availableLanguages readOnly="true">en</availableLanguages>
        <rcn>2392373</rcn>
        <id>938914023</id>
        <vatNumber>IT03496570718</vatNumber>
        <legalName>CENTRI REGIONALI PER LE TECNOLOGIEAGROALIMENTARI SCARL</legalName>
        <shortName>CERTA</shortName>
        <address>
          <street>VIA GRAMSCI 89/91</street>
          <city>FOGGIA</city>
          <postalCode>71122</postalCode>
          <country>IT</country>
        </address>
        <relations>
          <categories>
            <category classification="organizationActivityType" type="relatedOrganizationActivityType">
              <availableLanguages readOnly="true">de,en,es,fr,it,pl</availableLanguages>
              <code>/OTH</code>
              <title>Other</title>
            </category>
          </categories>
          <regions>
            <region type="relatedRegion">
              <name>Italy</name>
              <nutsCode>IT</nutsCode>
              <euCode>IT</euCode>
              <isoCode>IT</isoCode>
              <rcn>309758504</rcn>
            </region>
          </regions>
        </relations>
      </organization>
      <organization ecContribution="228468.75" order="11" terminated="false" type="participant">
        <availableLanguages readOnly="true">en</availableLanguages>
        <rcn>1905657</rcn>
        <id>999895789</id>
        <vatNumber>IT01279680480</vatNumber>
        <legalName>UNIVERSITA DEGLI STUDI DI FIRENZE</legalName>
        <shortName>UNIFI</shortName>
        <address>
          <street>Piazza San Marco  4</street>
          <city>Florence</city>
          <postalCode>50121</postalCode>
          <country>IT</country>
          <postBox>N/A</postBox>
          <url>http://www.unifi.it</url>
        </address>
        <relations>
          <categories>
            <category classification="organizationActivityType" type="relatedOrganizationActivityType">
              <availableLanguages readOnly="true">de,en,es,fr,it,pl</availableLanguages>
              <code>/HES</code>
              <title>Higher or Secondary Education Establishments</title>
            </category>
          </categories>
          <regions>
            <region type="relatedRegion">
              <name>Italy</name>
              <nutsCode>IT</nutsCode>
              <euCode>IT</euCode>
              <isoCode>IT</isoCode>
              <rcn>309758504</rcn>
            </region>
          </regions>
        </relations>
      </organization>
      <organization ecContribution="89000" order="17" terminated="false" type="participant">
        <availableLanguages readOnly="true">en</availableLanguages>
        <rcn>1910503</rcn>
        <id>998269196</id>
        <vatNumber>PT501201920</vatNumber>
        <legalName>UNIVERSIDADE DE EVORA</legalName>
        <shortName>UEvora</shortName>
        <address>
          <street>LARGO DOS COLEGIAIS 2</street>
          <city>EVORA</city>
          <postalCode>7000 803</postalCode>
          <country>PT</country>
          <postBox>000</postBox>
          <url>www.uevora.pt</url>
        </address>
        <relations>
          <categories>
            <category classification="organizationActivityType" type="relatedOrganizationActivityType">
              <availableLanguages readOnly="true">de,en,es,fr,it,pl</availableLanguages>
              <code>/HES</code>
              <title>Higher or Secondary Education Establishments</title>
            </category>
          </categories>
          <regions>
            <region type="relatedRegion">
              <name>Portugal</name>
              <nutsCode>PT</nutsCode>
              <euCode>PT</euCode>
              <isoCode>PT</isoCode>
              <rcn>427199016</rcn>
            </region>
          </regions>
        </relations>
      </organization>
      <organization ecContribution="177050" order="6" terminated="false" type="participant">
        <availableLanguages readOnly="true">en</availableLanguages>
        <rcn>2392367</rcn>
        <id>938423785</id>
        <vatNumber>DE146787977</vatNumber>
        <legalName>BAEUERLICHE ERZEUGERGEMEINSCHAFT SCHWABISCH HALL WV</legalName>
        <shortName>BESH</shortName>
        <address>
          <street>HALLER STRASSE 20</street>
          <city>WOLPERTSHAUSEN</city>
          <postalCode>74549</postalCode>
          <country>DE</country>
        </address>
        <relations>
          <categories>
            <category classification="organizationActivityType" type="relatedOrganizationActivityType">
              <availableLanguages readOnly="true">de,en,es,fr,it,pl</availableLanguages>
              <code>/PRC</code>
              <title>Private for-profit entities (excluding Higher or Secondary Education Establishments)</title>
            </category>
          </categories>
          <regions>
            <region type="relatedRegion">
              <name>Germany</name>
              <nutsCode>DE</nutsCode>
              <euCode>DE</euCode>
              <isoCode>DE</isoCode>
              <rcn>221940264</rcn>
            </region>
          </regions>
        </relations>
      </organization>
      <organization ecContribution="77001" order="16" terminated="false" type="participant">
        <availableLanguages readOnly="true">en</availableLanguages>
        <rcn>2130294</rcn>
        <id>998454563</id>
        <vatNumber>PT503761877</vatNumber>
        <legalName>INSTITUTO POLITECNICO DE VIANA DE CASTELO</legalName>
        <shortName>IPVC</shortName>
        <address>
          <street>Praça General Barbosa</street>
          <city>Viana do Castelo</city>
          <postalCode>4900</postalCode>
          <country>PT</country>
          <url>www.ipvc.pt</url>
        </address>
        <relations>
          <categories>
            <category classification="organizationActivityType" type="relatedOrganizationActivityType">
              <availableLanguages readOnly="true">de,en,es,fr,it,pl</availableLanguages>
              <code>/HES</code>
              <title>Higher or Secondary Education Establishments</title>
            </category>
          </categories>
          <regions>
            <region type="relatedRegion">
              <name>Portugal</name>
              <nutsCode>PT</nutsCode>
              <euCode>PT</euCode>
              <isoCode>PT</isoCode>
              <rcn>427199016</rcn>
            </region>
          </regions>
        </relations>
      </organization>
      <organization ecContribution="242453.25" order="20" terminated="false" type="participant">
        <availableLanguages readOnly="true">en</availableLanguages>
        <rcn>1906755</rcn>
        <id>999462587</id>
        <vatNumber>ESQ2821013F</vatNumber>
        <legalName>INSTITUTO NACIONAL DE INVESTIGACION Y TECNOLOGIA AGRARIA Y ALIMENTARIA OA MP</legalName>
        <shortName>INIA</shortName>
        <address>
          <street>Carretera de la Coruna Km7.5</street>
          <city>MADRID</city>
          <postalCode>28040</postalCode>
          <country>ES</country>
          <url>www.inia.es</url>
        </address>
        <relations>
          <categories>
            <category classification="organizationActivityType" type="relatedOrganizationActivityType">
              <availableLanguages readOnly="true">de,en,es,fr,it,pl</availableLanguages>
              <code>/REC</code>
              <title>Research Organisations</title>
            </category>
          </categories>
          <regions>
            <region type="relatedRegion">
              <name>Spain</name>
              <nutsCode>ES</nutsCode>
              <euCode>ES</euCode>
              <isoCode>ES</isoCode>
              <rcn>242387496</rcn>
            </region>
          </regions>
        </relations>
      </organization>
      <organization ecContribution="25000" order="9" terminated="false" type="participant">
        <availableLanguages readOnly="true">en</availableLanguages>
        <rcn>1910156</rcn>
        <id>997594173</id>
        <vatNumber>IT02270290907</vatNumber>
        <legalName>AGRIS SARDEGNA - AGENZIA PER LA RICERCA IN AGRICOLTURA</legalName>
        <shortName>AGRIS SARDEGNA</shortName>
        <address>
          <street>LOCALITA BONASSAI SS 291 KM 18 6</street>
          <city>SASSARI</city>
          <postalCode>07100</postalCode>
          <country>IT</country>
          <postBox>000</postBox>
          <url>http://www.sardegnaagricoltura.it/innovazionericerca/agris/</url>
        </address>
        <relations>
          <categories>
            <category classification="organizationActivityType" type="relatedOrganizationActivityType">
              <availableLanguages readOnly="true">de,en,es,fr,it,pl</availableLanguages>
              <code>/REC</code>
              <title>Research Organisations</title>
            </category>
          </categories>
          <regions>
            <region type="relatedRegion">
              <name>Italy</name>
              <nutsCode>IT</nutsCode>
              <euCode>IT</euCode>
              <isoCode>IT</isoCode>
              <rcn>309758504</rcn>
            </region>
          </regions>
        </relations>
      </organization>
      <organization ecContribution="56412.5" order="8" terminated="false" type="participant">
        <availableLanguages readOnly="true">en</availableLanguages>
        <rcn>2392369</rcn>
        <id>986129355</id>
        <vatNumber>HR98816779821</vatNumber>
        <legalName>SVEUCILISTE JOSIPA JURJA STROSSMAYERA U OSIJEKU POLJOPRIVREDNI FAKULTET U OSIJEKU</legalName>
        <shortName>PFOS</shortName>
        <address>
          <street>VLADIMIRA PRELOGA 1</street>
          <city>OSIJEK</city>
          <postalCode>31000</postalCode>
          <country>HR</country>
        </address>
        <relations>
          <categories>
            <category classification="organizationActivityType" type="relatedOrganizationActivityType">
              <availableLanguages readOnly="true">de,en,es,fr,it,pl</availableLanguages>
              <code>/HES</code>
              <title>Higher or Secondary Education Establishments</title>
            </category>
          </categories>
          <regions>
            <region type="relatedRegion">
              <name>Croatia</name>
              <nutsCode>HR</nutsCode>
              <euCode>HR</euCode>
              <isoCode>HR</isoCode>
              <rcn>292457000</rcn>
            </region>
          </regions>
        </relations>
      </organization>
      <organization ecContribution="25000" order="25" terminated="false" type="participant">
        <availableLanguages readOnly="true">en</availableLanguages>
        <rcn>2392386</rcn>
        <id>939577018</id>
        <vatNumber>ESG06053334</vatNumber>
        <legalName>ASOCIACION ESPANOLA DE CRIADORES DE CERDO IBERICO</legalName>
        <shortName>AECERIBER</shortName>
        <address>
          <street>CALLE SAN FRANCISCO 51 1 DERECHA</street>
          <city>ZAFRA BADAJOZ</city>
          <postalCode>06300</postalCode>
          <country>ES</country>
        </address>
        <relations>
          <categories>
            <category classification="organizationActivityType" type="relatedOrganizationActivityType">
              <availableLanguages readOnly="true">de,en,es,fr,it,pl</availableLanguages>
              <code>/OTH</code>
              <title>Other</title>
            </category>
          </categories>
          <regions>
            <region type="relatedRegion">
              <name>Spain</name>
              <nutsCode>ES</nutsCode>
              <euCode>ES</euCode>
              <isoCode>ES</isoCode>
              <rcn>242387496</rcn>
            </region>
          </regions>
        </relations>
      </organization>
      <organization ecContribution="158455" order="21" terminated="false" type="participant">
        <availableLanguages readOnly="true">en</availableLanguages>
        <rcn>1905575</rcn>
        <id>999991722</id>
        <vatNumber>ESQ2818002D</vatNumber>
        <legalName>AGENCIA ESTATAL CONSEJO SUPERIOR DEINVESTIGACIONES CIENTIFICAS</legalName>
        <shortName>CSIC</shortName>
        <address>
          <street>CALLE SERRANO 117</street>
          <city>MADRID</city>
          <postalCode>28006</postalCode>
          <country>ES</country>
          <postBox>000</postBox>
          <url>http://www.csic.es</url>
        </address>
        <departmentName>Deputy Vice-Presidency for Programming</departmentName>
        <relations>
          <categories>
            <category classification="organizationActivityType" type="relatedOrganizationActivityType">
              <availableLanguages readOnly="true">de,en,es,fr,it,pl</availableLanguages>
              <code>/REC</code>
              <title>Research Organisations</title>
            </category>
          </categories>
          <regions>
            <region type="relatedRegion">
              <name>Spain</name>
              <nutsCode>ES</nutsCode>
              <euCode>ES</euCode>
              <isoCode>ES</isoCode>
              <rcn>242387496</rcn>
            </region>
          </regions>
        </relations>
      </organization>
      <organization ecContribution="48037.5" order="23" terminated="false" type="participant">
        <availableLanguages readOnly="true">en</availableLanguages>
        <rcn>2385988</rcn>
        <id>949729523</id>
        <vatNumber>ESS0600428G</vatNumber>
        <legalName>CENTRO DE INVESTIGACIONES CIENTIFICAS Y TECNOLOGICAS DE EXTREMADURA</legalName>
        <shortName>CICYTEX</shortName>
        <address>
          <street>AUTOVIA A5 KM 372 FINCA LA ORDEN GUADAJIRA</street>
          <city>LOBON BADAJOZ</city>
          <postalCode>06187</postalCode>
          <country>ES</country>
        </address>
        <relations>
          <categories>
            <category classification="organizationActivityType" type="relatedOrganizationActivityType">
              <availableLanguages readOnly="true">de,en,es,fr,it,pl</availableLanguages>
              <code>/REC</code>
              <title>Research Organisations</title>
            </category>
          </categories>
          <regions>
            <region type="relatedRegion">
              <name>Spain</name>
              <nutsCode>ES</nutsCode>
              <euCode>ES</euCode>
              <isoCode>ES</isoCode>
              <rcn>242387496</rcn>
            </region>
          </regions>
        </relations>
      </organization>
      <organization ecContribution="82935" order="15" terminated="false" type="participant">
        <availableLanguages readOnly="true">en</availableLanguages>
        <rcn>1911043</rcn>
        <id>972782446</id>
        <vatNumber>LT100005579315</vatNumber>
        <legalName>LIETUVOS SVEIKATOS MOKSLU UNIVERSITETAS</legalName>
        <shortName>LSMU</shortName>
        <address>
          <street>A MICKEVICIAUS GATVE 9</street>
          <city>KAUNAS</city>
          <postalCode>44307</postalCode>
          <country>LT</country>
          <url>www.lsmuni.lt</url>
        </address>
        <departmentName>Behavioral Medicine Institute</departmentName>
        <relations>
          <categories>
            <category classification="organizationActivityType" type="relatedOrganizationActivityType">
              <availableLanguages readOnly="true">de,en,es,fr,it,pl</availableLanguages>
              <code>/HES</code>
              <title>Higher or Secondary Education Establishments</title>
            </category>
          </categories>
          <regions>
            <region type="relatedRegion">
              <name>Lithuania</name>
              <nutsCode>LT</nutsCode>
              <euCode>LT</euCode>
              <isoCode>LT</isoCode>
              <rcn>360090152</rcn>
            </region>
          </regions>
        </relations>
      </organization>
      <organization ecContribution="330654.14" order="24" terminated="false" type="participant">
        <availableLanguages readOnly="true">en</availableLanguages>
        <rcn>1912450</rcn>
        <id>999506819</id>
        <vatNumber>ESQ5855049B</vatNumber>
        <legalName>INSTITUT DE RECERCA I TECNOLOGIA AGROALIMENTARIES</legalName>
        <shortName>INSTITUTE FOR FOOD AND AGRICULTURE RESEARCH AND TECHNOLOGY</shortName>
        <address>
          <street>CTRA C-59 KM 12 TORRE MARIMON</street>
          <city>CALDES DE MONTBUI BARCELONA</city>
          <postalCode>08140</postalCode>
          <country>ES</country>
          <postBox>000</postBox>
          <url>www.irta.es</url>
        </address>
        <departmentName>CORPORATE SERVICES</departmentName>
        <relations>
          <categories>
            <category classification="organizationActivityType" type="relatedOrganizationActivityType">
              <availableLanguages readOnly="true">de,en,es,fr,it,pl</availableLanguages>
              <code>/REC</code>
              <title>Research Organisations</title>
            </category>
          </categories>
          <regions>
            <region type="relatedRegion">
              <name>Spain</name>
              <nutsCode>ES</nutsCode>
              <euCode>ES</euCode>
              <isoCode>ES</isoCode>
              <rcn>242387496</rcn>
            </region>
          </regions>
        </relations>
      </organization>
      <organization ecContribution="98503.75" order="7" terminated="false" type="participant">
        <availableLanguages readOnly="true">en</availableLanguages>
        <rcn>2115052</rcn>
        <id>999534561</id>
        <vatNumber>HR76023745044</vatNumber>
        <legalName>SVEUCILISTE U ZAGREBU AGRONOMSKI FAKULTET</legalName>
        <shortName>FAZ</shortName>
        <address>
          <street>SVETOSIMUNSKA CESTA 25</street>
          <city>ZAGREB</city>
          <postalCode>10000</postalCode>
          <country>HR</country>
          <url>www.agr.hr</url>
        </address>
        <relations>
          <categories>
            <category classification="organizationActivityType" type="relatedOrganizationActivityType">
              <availableLanguages readOnly="true">de,en,es,fr,it,pl</availableLanguages>
              <code>/HES</code>
              <title>Higher or Secondary Education Establishments</title>
            </category>
          </categories>
          <regions>
            <region type="relatedRegion">
              <name>Croatia</name>
              <nutsCode>HR</nutsCode>
              <euCode>HR</euCode>
              <isoCode>HR</isoCode>
              <rcn>292457000</rcn>
            </region>
          </regions>
        </relations>
      </organization>
      <organization ecContribution="264423.75" order="13" terminated="false" type="participant">
        <availableLanguages readOnly="true">en</availableLanguages>
        <rcn>1905805</rcn>
        <id>999993953</id>
        <vatNumber>IT01131710376</vatNumber>
        <legalName>ALMA MATER STUDIORUM - UNIVERSITA DI BOLOGNA</legalName>
        <shortName>UNIBO</shortName>
        <address>
          <street>VIA ZAMBONI 33</street>
          <city>BOLOGNA</city>
          <postalCode>40126</postalCode>
          <country>IT</country>
          <url>www.unibo.it</url>
        </address>
        <departmentName>Centro di Ricerca sui Sistemi Elettronici "Ercole De Castro"</departmentName>
        <relations>
          <categories>
            <category classification="organizationActivityType" type="relatedOrganizationActivityType">
              <availableLanguages readOnly="true">de,en,es,fr,it,pl</availableLanguages>
              <code>/HES</code>
              <title>Higher or Secondary Education Establishments</title>
            </category>
          </categories>
          <regions>
            <region type="relatedRegion">
              <name>Italy</name>
              <nutsCode>IT</nutsCode>
              <euCode>IT</euCode>
              <isoCode>IT</isoCode>
              <rcn>309758504</rcn>
            </region>
          </regions>
        </relations>
      </organization>
      <organization ecContribution="24965" order="14" terminated="false" type="participant">
        <availableLanguages readOnly="true">en</availableLanguages>
        <rcn>1913754</rcn>
        <id>968496113</id>
        <vatNumber>IT00166540344</vatNumber>
        <legalName>STAZIONE SPERIMENTALE PER L'INDUSTRIA DELLE CONSERVE ALIMENTARI</legalName>
        <shortName>SSICA</shortName>
        <address>
          <street>VIALE FAUSTINO TANARA 31/A</street>
          <city>PARMA</city>
          <postalCode>43100</postalCode>
          <country>IT</country>
          <url>www.ssica.it</url>
        </address>
        <relations>
          <categories>
            <category classification="organizationActivityType" type="relatedOrganizationActivityType">
              <availableLanguages readOnly="true">de,en,es,fr,it,pl</availableLanguages>
              <code>/REC</code>
              <title>Research Organisations</title>
            </category>
          </categories>
          <regions>
            <region type="relatedRegion">
              <name>Italy</name>
              <nutsCode>IT</nutsCode>
              <euCode>IT</euCode>
              <isoCode>IT</isoCode>
              <rcn>309758504</rcn>
            </region>
          </regions>
        </relations>
      </organization>
      <organization ecContribution="35000" order="3" terminated="false" type="participant">
        <availableLanguages readOnly="true">en</availableLanguages>
        <rcn>2392364</rcn>
        <id>938706055</id>
        <vatNumber>SI70711798</vatNumber>
        <legalName>KMETIJSKO GOZDARSKA ZBORNICA SLOVENIJE, KMETIJSKO GOZDARSKI ZAVOD NOVO MESTO</legalName>
        <shortName>KGZS-NM</shortName>
        <address>
          <street>SMIHELSKA CESTA 14</street>
          <city>NOVO MESTO</city>
          <postalCode>8000</postalCode>
          <country>SI</country>
        </address>
        <relations>
          <categories>
            <category classification="organizationActivityType" type="relatedOrganizationActivityType">
              <availableLanguages readOnly="true">de,en,es,fr,it,pl</availableLanguages>
              <code>/PUB</code>
              <title>Public bodies (excluding Research Organisations and Secondary or Higher Education Establishments)</title>
            </category>
          </categories>
          <regions>
            <region type="relatedRegion">
              <name>Slovenia</name>
              <nutsCode>SI</nutsCode>
              <euCode>SI</euCode>
              <isoCode>SI</isoCode>
              <rcn>474647080</rcn>
            </region>
          </regions>
        </relations>
      </organization>
      <organization ecContribution="46497.5" order="19" terminated="false" type="participant">
        <availableLanguages readOnly="true">en</availableLanguages>
        <rcn>1908023</rcn>
        <id>999824688</id>
        <vatNumber>CS100198802</vatNumber>
        <legalName>FACULTY OF AGRICULTURE - UNIVERSITY OF BELGRADE</legalName>
        <shortName>UOB</shortName>
        <address>
          <street>Nemanjina  6</street>
          <city>BELGRADE</city>
          <postalCode>11080</postalCode>
          <country>RS</country>
          <postBox>14</postBox>
          <url>www.agrif.bg.ac.rs</url>
        </address>
        <relations>
          <categories>
            <category classification="organizationActivityType" type="relatedOrganizationActivityType">
              <availableLanguages readOnly="true">de,en,es,fr,it,pl</availableLanguages>
              <code>/HES</code>
              <title>Higher or Secondary Education Establishments</title>
            </category>
          </categories>
          <regions>
            <region type="relatedRegion">
              <name>Serbia</name>
              <nutsCode>RS</nutsCode>
              <euCode>RS</euCode>
              <isoCode>RS</isoCode>
              <rcn>460491304</rcn>
            </region>
          </regions>
        </relations>
      </organization>
      <organization ecContribution="25000" order="10" terminated="false" type="participant">
        <availableLanguages readOnly="true">en</availableLanguages>
        <rcn>2392371</rcn>
        <id>951299274</id>
        <vatNumber>IT01028581005</vatNumber>
        <legalName>ASSOCIAZIONE NAZIONALE ALLEVATORI SUINI</legalName>
        <shortName>ANAS</shortName>
        <address>
          <street>VIA LAZZARO SPALLANZANI 4</street>
          <city>ROMA</city>
          <postalCode>00161</postalCode>
          <country>IT</country>
        </address>
        <relations>
          <categories>
            <category classification="organizationActivityType" type="relatedOrganizationActivityType">
              <availableLanguages readOnly="true">de,en,es,fr,it,pl</availableLanguages>
              <code>/OTH</code>
              <title>Other</title>
            </category>
          </categories>
          <regions>
            <region type="relatedRegion">
              <name>Italy</name>
              <nutsCode>IT</nutsCode>
              <euCode>IT</euCode>
              <isoCode>IT</isoCode>
              <rcn>309758504</rcn>
            </region>
          </regions>
        </relations>
      </organization>
      <organization ecContribution="353417.5" order="5" terminated="false" type="participant">
        <availableLanguages readOnly="true">en</availableLanguages>
        <rcn>1906233</rcn>
        <id>999993274</id>
        <vatNumber>FR57180070039</vatNumber>
        <legalName>INSTITUT NATIONAL DE LA RECHERCHE AGRONOMIQUE</legalName>
        <shortName>INRA</shortName>
        <address>
          <street>Rue De L'Universite  147</street>
          <city>PARIS CEDEX 07</city>
          <postalCode>75338</postalCode>
          <country>FR</country>
          <url>www.inra.fr</url>
        </address>
        <departmentName>INRA</departmentName>
        <departmentName> Centre de Versailles grignon</departmentName>
        <relations>
          <categories>
            <category classification="organizationActivityType" type="relatedOrganizationActivityType">
              <availableLanguages readOnly="true">de,en,es,fr,it,pl</availableLanguages>
              <code>/REC</code>
              <title>Research Organisations</title>
            </category>
          </categories>
          <regions>
            <region type="relatedRegion">
              <name>France</name>
              <nutsCode>FR</nutsCode>
              <euCode>FR</euCode>
              <isoCode>FR</isoCode>
              <rcn>258902568</rcn>
            </region>
          </regions>
        </relations>
      </organization>
      <organization ecContribution="102870" order="4" terminated="false" type="participant">
        <availableLanguages readOnly="true">en</availableLanguages>
        <rcn>1907692</rcn>
        <id>984804238</id>
        <vatNumber>FR13775681323</vatNumber>
        <legalName>IFIP-INSTITUT DU PORC ASSOCIATION</legalName>
        <shortName>IFIP</shortName>
        <address>
          <street>RUE LESPAGNOL 5</street>
          <city>PARIS</city>
          <postalCode>75020</postalCode>
          <country>FR</country>
          <postBox>000</postBox>
          <url>http://www.ifip.asso.fr</url>
        </address>
        <relations>
          <categories>
            <category classification="organizationActivityType" type="relatedOrganizationActivityType">
              <availableLanguages readOnly="true">de,en,es,fr,it,pl</availableLanguages>
              <code>/REC</code>
              <title>Research Organisations</title>
            </category>
          </categories>
          <regions>
            <region type="relatedRegion">
              <name>France</name>
              <nutsCode>FR</nutsCode>
              <euCode>FR</euCode>
              <isoCode>FR</isoCode>
              <rcn>258902568</rcn>
            </region>
          </regions>
        </relations>
      </organization>
      <organization ecContribution="94000" order="2" terminated="false" type="participant">
        <availableLanguages readOnly="true">en</availableLanguages>
        <rcn>1905736</rcn>
        <id>999923240</id>
        <vatNumber>SI54162513</vatNumber>
        <legalName>UNIVERZA V LJUBLJANI</legalName>
        <shortName>UL</shortName>
        <address>
          <street>KONGRESNI TRG  12</street>
          <city>LJUBLJANA</city>
          <postalCode>1000</postalCode>
          <country>SI</country>
          <postBox>362</postBox>
          <url>http://www.uni-lj.si</url>
        </address>
        <departmentName>Faculty of Electrical Engineering</departmentName>
        <departmentName>Laboratory for telecommun</departmentName>
        <relations>
          <categories>
            <category classification="organizationActivityType" type="relatedOrganizationActivityType">
              <availableLanguages readOnly="true">de,en,es,fr,it,pl</availableLanguages>
              <code>/HES</code>
              <title>Higher or Secondary Education Establishments</title>
            </category>
          </categories>
          <regions>
            <region type="relatedRegion">
              <name>Slovenia</name>
              <nutsCode>SI</nutsCode>
              <euCode>SI</euCode>
              <isoCode>SI</isoCode>
              <rcn>474647080</rcn>
            </region>
          </regions>
        </relations>
      </organization>
    <categories>
      <category classification="projectFundingSchemeCategory" type="relatedProjectFundingSchemeCategory">
        <availableLanguages readOnly="true">en</availableLanguages>
        <code>/RIA</code>
        <title>Research and Innovation action</title>
      </category>
    </categories>
