  <rcn>193459</rcn>
  <acronym>CREMA</acronym>
  <objective>Due to the proliferation of ICT Technologies, manufacturing industry is undergoing substantial transformation in terms of HW but also in terms of Cyber-Physical Production Systems and the SW and services used within production environments. In parallel, the manufacturing processes of the future are changing and need to be highly flexible and dynamic in order to satisfy customer demands for, e.g. large series production, mass customization, or changing orders.
To keep pace with the needs of the manufacturing industry of the future, in Manufacturing 4.0 companies need to flexibly react to these demands and be able to offer production capacities in a rapid way. Thus companies looking for manufacturing capacity need to be supported by the means to find these capacities, configure them, and integrate them into their own manufacturing processes.
To achieve this, one obvious approach is to port successful concepts from the field of Everything-as-a-Service (XaaS) and Cloud computing to manufacturing to mirror agile collaboration through flexible and scalable manufacturing processes: 
• Leasing and releasing manufacturing assets in an on-demand, utility-like fashion.
• Rapid elasticity through scaling leased assets up and down if necessary.
• Pay-per-use through metered service.
Applying these principles, Cloud manufacturing can move manufacturing processes from production-oriented to service-oriented networks by modelling single manufacturing assets as services in a similar way as SaaS or PaaS solutions. By modelling all process steps and manufacturing assets as services it is possible to realize cross-organization manufacturing orchestrations and integrate distributed resources and ultimately manufacture products more efficiently.
While the theoretical foundations for Cloud manufacturing are manifest there are no proven tools and technologies exist in the market - CREMA aims to change this fact by providing Cloud-based Rapid Elastic Manufacturing based on SaaS and Cloud model.</objective>
  <title>Cloud-based Rapid Elastic MAnufacturing</title>
      <organization ecContribution="618445" order="6" terminated="false" type="participant">
        <availableLanguages readOnly="true">en</availableLanguages>
        <rcn>1908489</rcn>
        <id>999979888</id>
        <vatNumber>ATU37675002</vatNumber>
        <legalName>TECHNISCHE UNIVERSITAET WIEN</legalName>
        <shortName>TU WIEN</shortName>
        <address>
          <street>KARLSPLATZ 13</street>
          <city>WIEN</city>
          <postalCode>1040</postalCode>
          <country>AT</country>
          <url>www.tuwien.ac.at</url>
        </address>
        <departmentName>Photonics Institute</departmentName>
        <departmentName> Novel IR solid state lasers group</departmentName>
        <relations>
          <categories>
            <category classification="organizationActivityType" type="relatedOrganizationActivityType">
              <availableLanguages readOnly="true">de,en,es,fr,it,pl</availableLanguages>
              <code>/HES</code>
              <title>Higher or Secondary Education Establishments</title>
            </category>
          </categories>
          <regions>
            <region type="relatedRegion">
              <name>Austria</name>
              <nutsCode>AT</nutsCode>
              <euCode>AT</euCode>
              <isoCode>AT</isoCode>
              <rcn>175540776</rcn>
            </region>
          </regions>
        </relations>
      </organization>
      <organization ecContribution="747061.25" order="11" terminated="false" type="participant">
        <availableLanguages readOnly="true">en</availableLanguages>
        <rcn>2347102</rcn>
        <id>936397940</id>
        <vatNumber>GB203780724</vatNumber>
        <legalName>INFORMATION CATALYST FOR ENTERPRISE LTD</legalName>
        <shortName>ICE</shortName>
        <address>
          <street>St Georges Court, Winnington Avenue</street>
          <city>Northwich</city>
          <postalCode>CW8 4EE</postalCode>
          <country>UK</country>
        </address>
        <relations>
          <categories>
            <category classification="organizationActivityType" type="relatedOrganizationActivityType">
              <availableLanguages readOnly="true">de,en,es,fr,it,pl</availableLanguages>
              <code>/PRC</code>
              <title>Private for-profit entities (excluding Higher or Secondary Education Establishments)</title>
            </category>
          </categories>
          <regions>
            <region type="relatedRegion">
              <name>United Kingdom</name>
              <nutsCode>UK</nutsCode>
              <euCode>UK</euCode>
              <isoCode>GB</isoCode>
              <rcn>508725800</rcn>
            </region>
          </regions>
        </relations>
      </organization>
      <organization ecContribution="658526.25" order="4" terminated="false" type="participant">
        <availableLanguages readOnly="true">en</availableLanguages>
        <rcn>1916706</rcn>
        <id>999607602</id>
        <vatNumber>DE148646973</vatNumber>
        <legalName>DEUTSCHES FORSCHUNGSZENTRUM FUR KUNSTLICHE INTELLIGENZ GMBH</legalName>
        <shortName>DFKI</shortName>
        <address>
          <street>TRIPPSTADTER STRASSE 122</street>
          <city>KAISERSLAUTERN</city>
          <postalCode>67663</postalCode>
          <country>DE</country>
          <postBox>2080</postBox>
          <url>www.dfki.de</url>
        </address>
        <departmentName>DFKI Innovative Factory Systems</departmentName>
        <relations>
          <categories>
            <category classification="organizationActivityType" type="relatedOrganizationActivityType">
              <availableLanguages readOnly="true">de,en,es,fr,it,pl</availableLanguages>
              <code>/REC</code>
              <title>Research Organisations</title>
            </category>
          </categories>
          <regions>
            <region type="relatedRegion">
              <name>Germany</name>
              <nutsCode>DE</nutsCode>
              <euCode>DE</euCode>
              <isoCode>DE</isoCode>
              <rcn>221940264</rcn>
            </region>
          </regions>
        </relations>
      </organization>
      <organization ecContribution="406500" order="3" terminated="false" type="participant">
        <availableLanguages readOnly="true">en</availableLanguages>
        <rcn>2143745</rcn>
        <id>999733605</id>
        <vatNumber>GB785708188</vatNumber>
        <legalName>TECHNOLOGY APPLICATION NETWORK LIMITED</legalName>
        <shortName>TANET</shortName>
        <address>
          <street>WATERTON TECHNOLOGY CENTRE, WATERTON INDUSTRIAL ESTATE</street>
          <city>BRIDGEND</city>
          <postalCode>CF313WT</postalCode>
          <country>UK</country>
          <url>www.tanet.org.uk</url>
        </address>
        <departmentName>Research</departmentName>
        <relations>
          <categories>
            <category classification="organizationActivityType" type="relatedOrganizationActivityType">
              <availableLanguages readOnly="true">de,en,es,fr,it,pl</availableLanguages>
              <code>/OTH</code>
              <title>Other</title>
            </category>
          </categories>
          <regions>
            <region type="relatedRegion">
              <name>United Kingdom</name>
              <nutsCode>UK</nutsCode>
              <euCode>UK</euCode>
              <isoCode>GB</isoCode>
              <rcn>508725800</rcn>
            </region>
          </regions>
        </relations>
      </organization>
      <organization ecContribution="52218" order="12" terminated="true" type="participant">
        <availableLanguages readOnly="true">en</availableLanguages>
        <rcn>2347103</rcn>
        <id>934903267</id>
        <vatNumber>GB797719848</vatNumber>
        <legalName>DOT-NET-IT LIMITED</legalName>
        <shortName>DNIT</shortName>
        <address>
          <street>ONE ST KENELMS COURT STEEL PARK ROAD</street>
          <city>HALESOWEN</city>
          <postalCode>B62 8HD</postalCode>
          <country>UK</country>
        </address>
        <relations>
          <categories>
            <category classification="organizationActivityType" type="relatedOrganizationActivityType">
              <availableLanguages readOnly="true">de,en,es,fr,it,pl</availableLanguages>
              <code>/PRC</code>
              <title>Private for-profit entities (excluding Higher or Secondary Education Establishments)</title>
            </category>
          </categories>
          <regions>
            <region type="relatedRegion">
              <name>United Kingdom</name>
              <nutsCode>UK</nutsCode>
              <euCode>UK</euCode>
              <isoCode>GB</isoCode>
              <rcn>508725800</rcn>
            </region>
          </regions>
        </relations>
      </organization>
      <organization ecContribution="0" order="2" terminated="true" type="participant">
        <availableLanguages readOnly="true">en</availableLanguages>
        <rcn>2132644</rcn>
        <id>999772987</id>
        <vatNumber>NL801523436B01</vatNumber>
        <legalName>TIE NEDERLAND BV</legalName>
        <shortName>TIE</shortName>
        <address>
          <street>DE CORRIDOR 5</street>
          <city>BREUKELEN</city>
          <postalCode>3621 ZA</postalCode>
          <country>NL</country>
        </address>
        <departmentName>RDI Unit</departmentName>
        <relations>
          <categories>
            <category classification="organizationActivityType" type="relatedOrganizationActivityType">
              <availableLanguages readOnly="true">de,en,es,fr,it,pl</availableLanguages>
              <code>/PRC</code>
              <title>Private for-profit entities (excluding Higher or Secondary Education Establishments)</title>
            </category>
          </categories>
          <regions>
            <region type="relatedRegion">
              <name>Netherlands</name>
              <nutsCode>NL</nutsCode>
              <euCode>NL</euCode>
              <isoCode>NL</isoCode>
              <rcn>391547432</rcn>
            </region>
          </regions>
        </relations>
      </organization>
      <organization ecContribution="0" order="8" terminated="true" type="participant">
        <availableLanguages readOnly="true">en</availableLanguages>
        <rcn>2347099</rcn>
        <id>945375484</id>
        <vatNumber>GB174740650</vatNumber>
        <legalName>TENNECO-WALKER (U.K.)LIMITED</legalName>
        <shortName>TCOUK</shortName>
        <address>
          <street>21 HOLBORN VIADUCT</street>
          <city>LONDON</city>
          <postalCode>EC1A2DY</postalCode>
          <country>UK</country>
        </address>
        <relations>
          <categories>
            <category classification="organizationActivityType" type="relatedOrganizationActivityType">
              <availableLanguages readOnly="true">de,en,es,fr,it,pl</availableLanguages>
              <code>/PRC</code>
              <title>Private for-profit entities (excluding Higher or Secondary Education Establishments)</title>
            </category>
          </categories>
          <regions>
            <region type="relatedRegion">
              <name>United Kingdom</name>
              <nutsCode>UK</nutsCode>
              <euCode>UK</euCode>
              <isoCode>GB</isoCode>
              <rcn>508725800</rcn>
            </region>
          </regions>
        </relations>
      </organization>
      <organization ecContribution="1163367" order="1" terminated="false" type="coordinator">
        <availableLanguages readOnly="true">en</availableLanguages>
        <rcn>2347092</rcn>
        <id>972142440</id>
        <vatNumber>DE257809394</vatNumber>
        <legalName>ASCORA GMBH</legalName>
        <shortName>ASC</shortName>
        <address>
          <street>BIRKENALLEE 43</street>
          <city>GANDERKESEE</city>
          <postalCode>27777</postalCode>
          <country>DE</country>
        </address>
        <departmentName>Innovation &amp; Product Development</departmentName>
        <relations>
          <categories>
            <category classification="organizationActivityType" type="relatedOrganizationActivityType">
              <availableLanguages readOnly="true">de,en,es,fr,it,pl</availableLanguages>
              <code>/PRC</code>
              <title>Private for-profit entities (excluding Higher or Secondary Education Establishments)</title>
            </category>
          </categories>
          <regions>
            <region type="relatedRegion">
              <name>Germany</name>
              <nutsCode>DE</nutsCode>
              <euCode>DE</euCode>
              <isoCode>DE</isoCode>
              <rcn>221940264</rcn>
            </region>
          </regions>
        </relations>
      </organization>
      <organization ecContribution="230928.75" order="10" terminated="false" type="participant">
        <availableLanguages readOnly="true">en</availableLanguages>
        <rcn>2094570</rcn>
        <id>985766478</id>
        <vatNumber>ESF20025441</vatNumber>
        <legalName>GOIZPER S. COOP</legalName>
        <shortName>GOIZPER</shortName>
        <address>
          <street>ANTIGUA  4</street>
          <city>ANTZUOLA GIPUZKOA</city>
          <postalCode>20577</postalCode>
          <country>ES</country>
        </address>
        <relations>
          <categories>
            <category classification="organizationActivityType" type="relatedOrganizationActivityType">
              <availableLanguages readOnly="true">de,en,es,fr,it,pl</availableLanguages>
              <code>/PRC</code>
              <title>Private for-profit entities (excluding Higher or Secondary Education Establishments)</title>
            </category>
          </categories>
          <regions>
            <region type="relatedRegion">
              <name>Spain</name>
              <nutsCode>ES</nutsCode>
              <euCode>ES</euCode>
              <isoCode>ES</isoCode>
              <rcn>242387496</rcn>
            </region>
          </regions>
        </relations>
      </organization>
      <organization ecContribution="258888.75" order="13" terminated="false" type="participant">
        <availableLanguages readOnly="true">en</availableLanguages>
        <rcn>1977810</rcn>
        <id>951655458</id>
        <vatNumber>BE0403684997</vatNumber>
        <legalName>TENNECO AUTOMOTIVE EUROPE BVBA</legalName>
        <shortName>TEN</shortName>
        <address>
          <street>INDUSTRIEZONE SCHURHOVENVELD 1037</street>
          <city>SINT TRUIDEN</city>
          <postalCode>3800</postalCode>
          <country>BE</country>
          <url>www.tenneco.com</url>
        </address>
        <relations>
          <categories>
            <category classification="organizationActivityType" type="relatedOrganizationActivityType">
              <availableLanguages readOnly="true">de,en,es,fr,it,pl</availableLanguages>
              <code>/PRC</code>
              <title>Private for-profit entities (excluding Higher or Secondary Education Establishments)</title>
            </category>
          </categories>
          <regions>
            <region type="relatedRegion">
              <name>Belgium</name>
              <nutsCode>BE</nutsCode>
              <euCode>BE</euCode>
              <isoCode>BE</isoCode>
              <rcn>188385832</rcn>
            </region>
          </regions>
        </relations>
      </organization>
      <organization order="9" ecContribution="249375" terminated="false" type="participant">
        <availableLanguages readOnly="true">en</availableLanguages>
        <rcn>2347100</rcn>
        <id>989737949</id>
        <vatNumber>ESF20020574</vatNumber>
        <legalName>FAGOR ARRASATE S COOP</legalName>
        <shortName>FAGOR ARRASATE</shortName>
        <address>
          <street>BARRO SAN ANDRES 20</street>
          <city>ARRASATE MONDRAGON</city>
          <postalCode>20500</postalCode>
          <country>ES</country>
        </address>
        <relations>
          <categories>
            <category classification="organizationActivityType" type="relatedOrganizationActivityType">
              <availableLanguages readOnly="true">de,en,es,fr,it,pl</availableLanguages>
              <code>/PRC</code>
              <title>Private for-profit entities (excluding Higher or Secondary Education Establishments)</title>
            </category>
          </categories>
          <regions>
            <region type="relatedRegion">
              <name>Spain</name>
              <nutsCode>ES</nutsCode>
              <euCode>ES</euCode>
              <isoCode>ES</isoCode>
              <rcn>242387496</rcn>
            </region>
          </regions>
        </relations>
      </organization>
      <organization ecContribution="447076" order="7" terminated="false" type="participant">
        <availableLanguages readOnly="true">en</availableLanguages>
        <rcn>2347098</rcn>
        <id>999689276</id>
        <vatNumber>GB887138872</vatNumber>
        <legalName>UBISENSE LIMITED</legalName>
        <shortName>UBI</shortName>
        <address>
          <street>ST ANDREWS ROAD ST ANDREWS HOUSE</street>
          <city>CAMBRIDGE</city>
          <postalCode>CB4 1DL</postalCode>
          <country>UK</country>
        </address>
        <departmentName>-</departmentName>
        <relations>
          <categories>
            <category classification="organizationActivityType" type="relatedOrganizationActivityType">
              <availableLanguages readOnly="true">de,en,es,fr,it,pl</availableLanguages>
              <code>/PRC</code>
              <title>Private for-profit entities (excluding Higher or Secondary Education Establishments)</title>
            </category>
          </categories>
          <regions>
            <region type="relatedRegion">
              <name>United Kingdom</name>
              <nutsCode>UK</nutsCode>
              <euCode>UK</euCode>
              <isoCode>GB</isoCode>
              <rcn>508725800</rcn>
            </region>
          </regions>
        </relations>
      </organization>
      <organization ecContribution="492334" order="5" terminated="false" type="participant">
        <availableLanguages readOnly="true">en</availableLanguages>
        <rcn>1908646</rcn>
        <id>999581315</id>
        <vatNumber>ESF20079828</vatNumber>
        <legalName>IKERLAN S COOP</legalName>
        <shortName>IKERLAN</shortName>
        <address>
          <street>P JOSE MARIA ARIZMENDIARRIETA 2</street>
          <city>MONDRAGON</city>
          <postalCode>20500</postalCode>
          <country>ES</country>
          <url>www.ikerlan.es</url>
        </address>
        <departmentName>MICROSYSTEMS</departmentName>
        <relations>
          <categories>
            <category classification="organizationActivityType" type="relatedOrganizationActivityType">
              <availableLanguages readOnly="true">de,en,es,fr,it,pl</availableLanguages>
              <code>/REC</code>
              <title>Research Organisations</title>
            </category>
          </categories>
          <regions>
            <region type="relatedRegion">
              <name>Spain</name>
              <nutsCode>ES</nutsCode>
              <euCode>ES</euCode>
              <isoCode>ES</isoCode>
              <rcn>242387496</rcn>
            </region>
          </regions>
        </relations>
      </organization>
    <categories>
      <category classification="projectFundingSchemeCategory" type="relatedProjectFundingSchemeCategory">
        <availableLanguages readOnly="true">en</availableLanguages>
        <code>/RIA</code>
        <title>Research and Innovation action</title>
      </category>
    </categories>
