  <rcn>193216</rcn>
  <acronym>REN-ATHENS</acronym>
  <objective>A diverse team of experts in scientific research and science communication from leading Research Institutes and Educational Organizations located in the Athens Metropolitan area is formed to organize the Researcher's Night activities for the years 2014 and 2015. By adopting the concept “Science invites People”, we propose a large scale REN, in 2014, at NCSR Demokritos, the largest Science Research campus in Attica, and a similar event in 2015, at IME a multiplex where science meets entertainment and exploration, organized by the National Observatory of Athens . 
Based on past experience, we plan activities for an expected attendance of several thousand visitors. Our proposal involves activities from several scientific domains exemplifying in many cases the benefits of Interdisciplinarity. The activities will include the organization of pre-events, as part of the awareness campaign, as well as parallel events at three regions throughout Greece including Rodos, Corinth and Pylos, where parτicipating Institutions have satellite installations, so as to maximize impact and reach. Researcher's Night 2015 events will be linked with another major Researcher's Night event planned to take place in Rome, through the support of the local establishment of the European Space Agency (ESA). 
The purpose of the project is to convey to the general public the ideas that Research is a necessary ingredient for progress, the Researchers are an integral part of the community and their profession is both fun, challenging, interesting and worth pursuing. The presentation of the work of the scientists to the Greek public will showcase the need of scientific and technological breakthroughs leading to inventions and opportunities that benefit society in many ways.


.</objective>
  <title>Researcher's Night: meeting science and your next door scientist</title>
      <organization ecContribution="17600" order="7" terminated="false" type="participant">
        <availableLanguages readOnly="true">en</availableLanguages>
        <rcn>2348435</rcn>
        <id>951384246</id>
        <vatNumber>EL998092469</vatNumber>
        <legalName>EPISTIMI EPIKOINONIA</legalName>
        <shortName>SciCo</shortName>
        <address>
          <street>LEOFOROS KIFISIAS 210</street>
          <city>CHALANDRI</city>
          <postalCode>15231</postalCode>
          <country>EL</country>
        </address>
        <relations>
          <categories>
            <category classification="organizationActivityType" type="relatedOrganizationActivityType">
              <availableLanguages readOnly="true">de,en,es,fr,it,pl</availableLanguages>
              <code>/OTH</code>
              <title>Other</title>
            </category>
          </categories>
          <regions>
            <region type="relatedRegion">
              <name>Greece</name>
              <nutsCode>GR</nutsCode>
              <euCode>EL</euCode>
              <isoCode>GR</isoCode>
              <rcn>240552488</rcn>
            </region>
          </regions>
        </relations>
      </organization>
      <organization ecContribution="9600" order="6" terminated="false" type="participant">
        <availableLanguages readOnly="true">en</availableLanguages>
        <rcn>2348434</rcn>
        <id>985742422</id>
        <vatNumber>EL090165780</vatNumber>
        <legalName>IDRIMA MEIZONOS ELLINISMOU</legalName>
        <shortName>FHW</shortName>
        <address>
          <street>POULOPOULOU 38</street>
          <city>ATHINA</city>
          <postalCode>11851</postalCode>
          <country>EL</country>
        </address>
        <departmentName>COORDINATION DEPARTMENT</departmentName>
        <relations>
          <categories>
            <category classification="organizationActivityType" type="relatedOrganizationActivityType">
              <availableLanguages readOnly="true">de,en,es,fr,it,pl</availableLanguages>
              <code>/REC</code>
              <title>Research Organisations</title>
            </category>
          </categories>
          <regions>
            <region type="relatedRegion">
              <name>Greece</name>
              <nutsCode>GR</nutsCode>
              <euCode>EL</euCode>
              <isoCode>GR</isoCode>
              <rcn>240552488</rcn>
            </region>
          </regions>
        </relations>
      </organization>
      <organization ecContribution="16640" order="3" terminated="false" type="participant">
        <availableLanguages readOnly="true">en</availableLanguages>
        <rcn>1906708</rcn>
        <id>999577532</id>
        <vatNumber>EL999355106</vatNumber>
        <legalName>HELLENIC CENTRE FOR MARINE RESEARCH</legalName>
        <shortName>HCMR</shortName>
        <address>
          <street>LEOFOROS ATHENS SOUNIO 46 7KM</street>
          <city>ATTIKIA ANAVISSOS</city>
          <postalCode>19013</postalCode>
          <country>EL</country>
          <postBox>712</postBox>
          <url>www.hcmr.gr</url>
        </address>
        <departmentName>HELLENIC CENTRE FOR MARINE RESEARCH</departmentName>
        <relations>
          <categories>
            <category classification="organizationActivityType" type="relatedOrganizationActivityType">
              <availableLanguages readOnly="true">de,en,es,fr,it,pl</availableLanguages>
              <code>/REC</code>
              <title>Research Organisations</title>
            </category>
          </categories>
          <regions>
            <region type="relatedRegion">
              <name>Greece</name>
              <nutsCode>GR</nutsCode>
              <euCode>EL</euCode>
              <isoCode>GR</isoCode>
              <rcn>240552488</rcn>
            </region>
          </regions>
        </relations>
      </organization>
      <organization ecContribution="11200" order="5" terminated="false" type="participant">
        <availableLanguages readOnly="true">en</availableLanguages>
        <rcn>1909986</rcn>
        <id>999562788</id>
        <vatNumber>EL999723442</vatNumber>
        <legalName>ATHINA-EREVNITIKO KENTRO KAINOTOMIAS STIS TECHNOLOGIES TIS PLIROFORIAS, TON EPIKOINONION KAI TIS GNOSIS</legalName>
        <shortName>ATHENA RC</shortName>
        <address>
          <street>ARTEMIDOS 6 KAI EPIDAVROU</street>
          <city>MAROUSSI</city>
          <postalCode>151 25</postalCode>
          <country>EL</country>
          <postBox>000</postBox>
          <url>www.athena-innovation.gr</url>
        </address>
        <departmentName>ATHENA RC</departmentName>
        <relations>
          <categories>
            <category classification="organizationActivityType" type="relatedOrganizationActivityType">
              <availableLanguages readOnly="true">de,en,es,fr,it,pl</availableLanguages>
              <code>/REC</code>
              <title>Research Organisations</title>
            </category>
          </categories>
          <regions>
            <region type="relatedRegion">
              <name>Greece</name>
              <nutsCode>GR</nutsCode>
              <euCode>EL</euCode>
              <isoCode>GR</isoCode>
              <rcn>240552488</rcn>
            </region>
          </regions>
        </relations>
      </organization>
      <organization ecContribution="55680" order="1" terminated="false" type="coordinator">
        <availableLanguages readOnly="true">en</availableLanguages>
        <rcn>1905726</rcn>
        <id>999978239</id>
        <vatNumber>EL090085651</vatNumber>
        <legalName>"NATIONAL CENTER FOR SCIENTIFIC RESEARCH ""DEMOKRITOS"""</legalName>
        <shortName>NATIONAL CENTER FOR SCIENTIFIC RESEARCH</shortName>
        <address>
          <street>END OF PATRIARCHOU GRIGORIOU E AND 27 NEAPOLEOS STREET</street>
          <city>AGIA PARASKEVI</city>
          <postalCode>15341</postalCode>
          <country>EL</country>
          <postBox>P.O. Box 60228</postBox>
          <url>www.demokritos.gr</url>
        </address>
        <departmentName>Special Account Department</departmentName>
        <relations>
          <categories>
            <category classification="organizationActivityType" type="relatedOrganizationActivityType">
              <availableLanguages readOnly="true">de,en,es,fr,it,pl</availableLanguages>
              <code>/REC</code>
              <title>Research Organisations</title>
            </category>
          </categories>
          <regions>
            <region type="relatedRegion">
              <name>Greece</name>
              <nutsCode>GR</nutsCode>
              <euCode>EL</euCode>
              <isoCode>GR</isoCode>
              <rcn>240552488</rcn>
            </region>
          </regions>
        </relations>
      </organization>
      <organization ecContribution="38080" order="2" terminated="false" type="participant">
        <availableLanguages readOnly="true">en</availableLanguages>
        <rcn>1919568</rcn>
        <id>999653677</id>
        <vatNumber>EL090050779</vatNumber>
        <legalName>NATIONAL OBSERVATORY OF ATHENS</legalName>
        <shortName>NOA</shortName>
        <address>
          <street>LOFOS NYMFON</street>
          <city>ATHINA</city>
          <postalCode>11810</postalCode>
          <country>EL</country>
          <postBox>000</postBox>
          <url>www.noa.gr</url>
        </address>
        <departmentName>Research special account</departmentName>
        <relations>
          <categories>
            <category classification="organizationActivityType" type="relatedOrganizationActivityType">
              <availableLanguages readOnly="true">de,en,es,fr,it,pl</availableLanguages>
              <code>/REC</code>
              <title>Research Organisations</title>
            </category>
          </categories>
          <regions>
            <region type="relatedRegion">
              <name>Greece</name>
              <nutsCode>GR</nutsCode>
              <euCode>EL</euCode>
              <isoCode>GR</isoCode>
              <rcn>240552488</rcn>
            </region>
          </regions>
        </relations>
      </organization>
      <organization ecContribution="11200" order="4" terminated="false" type="participant">
        <availableLanguages readOnly="true">en</availableLanguages>
        <rcn>1905593</rcn>
        <id>999479853</id>
        <vatNumber>EL090003416</vatNumber>
        <legalName>ETHNIKO IDRYMA EREVNON</legalName>
        <shortName>NHRF (EIE)</shortName>
        <address>
          <street>VAS KONSTANTINOU 48</street>
          <city>ATHINA</city>
          <postalCode>11635</postalCode>
          <country>EL</country>
          <postBox>000</postBox>
          <url>www.eie.gr</url>
        </address>
        <departmentName>NATIONAL DOCUMENTATION CENTRE - EKT/NHRF</departmentName>
        <relations>
          <categories>
            <category classification="organizationActivityType" type="relatedOrganizationActivityType">
              <availableLanguages readOnly="true">de,en,es,fr,it,pl</availableLanguages>
              <code>/REC</code>
              <title>Research Organisations</title>
            </category>
          </categories>
          <regions>
            <region type="relatedRegion">
              <name>Greece</name>
              <nutsCode>GR</nutsCode>
              <euCode>EL</euCode>
              <isoCode>GR</isoCode>
              <rcn>240552488</rcn>
            </region>
          </regions>
        </relations>
      </organization>
    <categories>
      <category classification="projectFundingSchemeCategory" type="relatedProjectFundingSchemeCategory">
        <availableLanguages readOnly="true">en</availableLanguages>
        <code>/CSA</code>
        <title>Coordination and support action</title>
      </category>
    </categories>
