  <rcn>193273</rcn>
  <acronym>MedBioinformatics</acronym>
  <objective>Progress in biomedical research and healthcare requires profiting from the huge amount of data and knowledge that are generated. However, most of the potential users have no means to efficiently exploit this wealth of information. Up to now, many of the efforts done for developing bioinformatics methods and applications have not produced the expected societal impact for different reasons, including: 1) the deficit of integrative approaches that effectively combine different types of data from different sources; and 2) the lack of active involvement of the potential users (from experimental scientists to healthcare professionals) in the process of creating applications that mine, integrate, analyse and display biomedical information in a way that is immediately understandable and useful ('actionable') by the end users. The present project tries to overcome this issue by involving a multidisciplinary team of experienced bioinformaticians, and experimental and clinical scientists in the design and development of demanded bioinformatics applications. The bioinformaticians will develop medical-oriented integrative methods and applications (New Generation Genotype-Phenotype Explorations, Disease Biomarker Browser, Disease Trajectory Comorbidity Browser, Cancer Genome Interpreter, etc.), while the experimental and clinical partners will actively participate in the design and assessment of the applications, as well as in the curation of customized resources.  The experimental and clinical partners belong to two completely different medical specialties (oncology and psychiatry), which have a big impact in citizens’ wellbeing. Moreover, the commonalities existing between the needs of these disparate specialties will facilitate the identification and design of applications likely to satisfy the needs of biomedical professionals in other areas. Finally, the project aims to setup a platform for the sustainable exploitation of the tools developed throughout its execution.</objective>
  <title>Creating medically-driven integrative bioinformatics applications focused on oncology, CNS disorders and their comorbidities (MedBioinformatics)</title>
      <organization ecContribution="891113.5" order="1" terminated="false" type="coordinator">
        <availableLanguages readOnly="true">en</availableLanguages>
        <rcn>1937596</rcn>
        <id>985920320</id>
        <vatNumber>ESS0800471E</vatNumber>
        <legalName>CONSORCIO MAR PARC DE SALUT DE BARCELONA</legalName>
        <shortName>IMIM</shortName>
        <address>
          <street>PASEO MARITIM 25-29</street>
          <city>BARCELONA</city>
          <postalCode>08003</postalCode>
          <country>ES</country>
          <postBox>N/A</postBox>
          <url>www.imim.es</url>
        </address>
        <departmentName>Research Unit on Biomedical Informatics (GRIB)</departmentName>
        <relations>
          <categories>
            <category classification="organizationActivityType" type="relatedOrganizationActivityType">
              <availableLanguages readOnly="true">de,en,es,fr,it,pl</availableLanguages>
              <code>/REC</code>
              <title>Research Organisations</title>
            </category>
          </categories>
          <regions>
            <region type="relatedRegion">
              <name>Spain</name>
              <nutsCode>ES</nutsCode>
              <euCode>ES</euCode>
              <isoCode>ES</isoCode>
              <rcn>242387496</rcn>
            </region>
          </regions>
        </relations>
      </organization>
      <organization ecContribution="565859.76" order="7" terminated="false" type="participant">
        <availableLanguages readOnly="true">en</availableLanguages>
        <rcn>1905555</rcn>
        <id>999867077</id>
        <vatNumber>ESQ5850017D</vatNumber>
        <legalName>UNIVERSIDAD POMPEU FABRA</legalName>
        <shortName>UPF</shortName>
        <address>
          <street>PLACA DE LA MERCE, 10-12</street>
          <city>BARCELONA</city>
          <postalCode>08002</postalCode>
          <country>ES</country>
          <postBox>N/A</postBox>
          <url>www.upf.edu</url>
        </address>
        <departmentName>Research Services</departmentName>
        <relations>
          <categories>
            <category classification="organizationActivityType" type="relatedOrganizationActivityType">
              <availableLanguages readOnly="true">de,en,es,fr,it,pl</availableLanguages>
              <code>/HES</code>
              <title>Higher or Secondary Education Establishments</title>
            </category>
          </categories>
          <regions>
            <region type="relatedRegion">
              <name>Spain</name>
              <nutsCode>ES</nutsCode>
              <euCode>ES</euCode>
              <isoCode>ES</isoCode>
              <rcn>242387496</rcn>
            </region>
          </regions>
        </relations>
      </organization>
      <organization ecContribution="186000" order="8" terminated="false" type="participant">
        <availableLanguages readOnly="true">en</availableLanguages>
        <rcn>1908708</rcn>
        <id>995163935</id>
        <vatNumber>ESG64384969</vatNumber>
        <legalName>FUNDACIO PRIVADA INSTITUT D'INVESTIGACIO ONCOLOGICA DE VALL-HEBRON</legalName>
        <shortName>VHIO</shortName>
        <address>
          <street>CALLE NAZARET 115-117</street>
          <city>BARCELONA</city>
          <postalCode>08035</postalCode>
          <country>ES</country>
          <postBox>000</postBox>
          <url>http://www.vhio.net</url>
        </address>
        <relations>
          <categories>
            <category classification="organizationActivityType" type="relatedOrganizationActivityType">
              <availableLanguages readOnly="true">de,en,es,fr,it,pl</availableLanguages>
              <code>/REC</code>
              <title>Research Organisations</title>
            </category>
          </categories>
          <regions>
            <region type="relatedRegion">
              <name>Spain</name>
              <nutsCode>ES</nutsCode>
              <euCode>ES</euCode>
              <isoCode>ES</isoCode>
              <rcn>242387496</rcn>
            </region>
          </regions>
        </relations>
      </organization>
      <organization ecContribution="262000" order="4" terminated="false" type="participant">
        <availableLanguages readOnly="true">en</availableLanguages>
        <rcn>1905568</rcn>
        <id>999994535</id>
        <vatNumber>FI03134717</vatNumber>
        <legalName>HELSINGIN YLIOPISTO</legalName>
        <shortName>UHEL</shortName>
        <address>
          <street>FABIANINKATU 33</street>
          <city>HELSINGIN YLIOPISTO</city>
          <postalCode>00014</postalCode>
          <country>FI</country>
          <postBox>3</postBox>
          <url>www.helsinki.fi</url>
        </address>
        <departmentName>Central Administration</departmentName>
        <relations>
          <categories>
            <category classification="organizationActivityType" type="relatedOrganizationActivityType">
              <availableLanguages readOnly="true">de,en,es,fr,it,pl</availableLanguages>
              <code>/HES</code>
              <title>Higher or Secondary Education Establishments</title>
            </category>
          </categories>
          <regions>
            <region type="relatedRegion">
              <name>Finland</name>
              <nutsCode>FI</nutsCode>
              <euCode>FI</euCode>
              <isoCode>FI</isoCode>
              <rcn>256543272</rcn>
            </region>
          </regions>
        </relations>
      </organization>
      <organization ecContribution="258750" order="3" terminated="false" type="participant">
        <availableLanguages readOnly="true">en</availableLanguages>
        <rcn>1906282</rcn>
        <id>999988230</id>
        <legalName>EUROPEAN MOLECULAR BIOLOGY LABORATORY</legalName>
        <shortName>EMBL</shortName>
        <address>
          <street>Meyerhofstrasse  1</street>
          <city>HEIDELBERG</city>
          <postalCode>69117</postalCode>
          <country>DE</country>
          <postBox>N/A</postBox>
          <url>http://www.embl.de</url>
        </address>
        <departmentName>European Bioinformatics Institute</departmentName>
        <relations>
          <categories>
            <category classification="organizationActivityType" type="relatedOrganizationActivityType">
              <availableLanguages readOnly="true">de,en,es,fr,it,pl</availableLanguages>
              <code>/REC</code>
              <title>Research Organisations</title>
            </category>
          </categories>
          <regions>
            <region type="relatedRegion">
              <name>Germany</name>
              <nutsCode>DE</nutsCode>
              <euCode>DE</euCode>
              <isoCode>DE</isoCode>
              <rcn>221940264</rcn>
            </region>
          </regions>
        </relations>
      </organization>
      <organization ecContribution="269207.5" order="6" terminated="false" type="participant">
        <availableLanguages readOnly="true">en</availableLanguages>
        <rcn>2392096</rcn>
        <id>952818294</id>
        <legalName>BMD SOFTWARE LDA</legalName>
        <shortName>BMD</shortName>
        <address>
          <street>RUA CALOUSTE GULBENKIAN 1 EDIFICIO A</street>
          <city>AVEIRO</city>
          <postalCode>3810074</postalCode>
          <country>PT</country>
        </address>
        <relations>
          <categories>
            <category classification="organizationActivityType" type="relatedOrganizationActivityType">
              <availableLanguages readOnly="true">de,en,es,fr,it,pl</availableLanguages>
              <code>/PRC</code>
              <title>Private for-profit entities (excluding Higher or Secondary Education Establishments)</title>
            </category>
          </categories>
          <regions>
            <region type="relatedRegion">
              <name>Portugal</name>
              <nutsCode>PT</nutsCode>
              <euCode>PT</euCode>
              <isoCode>PT</isoCode>
              <rcn>427199016</rcn>
            </region>
          </regions>
        </relations>
      </organization>
      <organization ecContribution="301750" order="2" terminated="false" type="participant">
        <availableLanguages readOnly="true">en</availableLanguages>
        <rcn>1906270</rcn>
        <id>999991043</id>
        <vatNumber>DK29979812</vatNumber>
        <legalName>KOBENHAVNS UNIVERSITET</legalName>
        <shortName>UCPH</shortName>
        <address>
          <street>NORREGADE 10</street>
          <city>KOBENHAVN</city>
          <postalCode>1165</postalCode>
          <country>DK</country>
          <postBox>000</postBox>
          <url>www.ku.dk</url>
        </address>
        <departmentName>Central Administration</departmentName>
        <departmentName> Accounting Department</departmentName>
        <relations>
          <categories>
            <category classification="organizationActivityType" type="relatedOrganizationActivityType">
              <availableLanguages readOnly="true">de,en,es,fr,it,pl</availableLanguages>
              <code>/HES</code>
              <title>Higher or Secondary Education Establishments</title>
            </category>
          </categories>
          <regions>
            <region type="relatedRegion">
              <name>Denmark</name>
              <nutsCode>DK</nutsCode>
              <euCode>DK</euCode>
              <isoCode>DK</isoCode>
              <rcn>223513128</rcn>
            </region>
          </regions>
        </relations>
      </organization>
      <organization ecContribution="215540.24" order="10" terminated="false" type="participant">
        <availableLanguages readOnly="true">en</availableLanguages>
        <rcn>1906938</rcn>
        <id>999541836</id>
        <vatNumber>ESG63971451</vatNumber>
        <legalName>FUNDACIO INSTITUT DE RECERCA BIOMEDICA (IRB BARCELONA)</legalName>
        <shortName>IRB BARCELONA</shortName>
        <address>
          <street>CARRER BALDIRI REIXAC 10-12 PARC SCIENTIFIC DE BARCELONA</street>
          <city>BARCELONA</city>
          <postalCode>08028</postalCode>
          <country>ES</country>
          <postBox>000</postBox>
          <url>www.irbbarcelona.org</url>
        </address>
        <departmentName>IRB Barcelona</departmentName>
        <relations>
          <categories>
            <category classification="organizationActivityType" type="relatedOrganizationActivityType">
              <availableLanguages readOnly="true">de,en,es,fr,it,pl</availableLanguages>
              <code>/REC</code>
              <title>Research Organisations</title>
            </category>
          </categories>
          <regions>
            <region type="relatedRegion">
              <name>Spain</name>
              <nutsCode>ES</nutsCode>
              <euCode>ES</euCode>
              <isoCode>ES</isoCode>
              <rcn>242387496</rcn>
            </region>
          </regions>
        </relations>
      </organization>
      <organization ecContribution="237625" order="5" terminated="false" type="participant">
        <availableLanguages readOnly="true">en</availableLanguages>
        <rcn>1905556</rcn>
        <id>999984350</id>
        <vatNumber>GB125506730</vatNumber>
        <legalName>THE CHANCELLOR, MASTERS AND SCHOLARS OF THE UNIVERSITY OF OXFORD</legalName>
        <shortName>UOXF</shortName>
        <address>
          <street>WELLINGTON SQUARE UNIVERSITY OFFICES</street>
          <city>OXFORD</city>
          <postalCode>OX1 2JD</postalCode>
          <country>UK</country>
          <postBox>N/A</postBox>
          <url>www.ox.ac.uk</url>
        </address>
        <departmentName>Research Services</departmentName>
        <relations>
          <categories>
            <category classification="organizationActivityType" type="relatedOrganizationActivityType">
              <availableLanguages readOnly="true">de,en,es,fr,it,pl</availableLanguages>
              <code>/HES</code>
              <title>Higher or Secondary Education Establishments</title>
            </category>
          </categories>
          <regions>
            <region type="relatedRegion">
              <name>United Kingdom</name>
              <nutsCode>UK</nutsCode>
              <euCode>UK</euCode>
              <isoCode>GB</isoCode>
              <rcn>508725800</rcn>
            </region>
          </regions>
        </relations>
      </organization>
      <organization ecContribution="275635" order="9" terminated="false" type="participant">
        <availableLanguages readOnly="true">en</availableLanguages>
        <rcn>1966274</rcn>
        <id>985726320</id>
        <vatNumber>ESB64922289</vatNumber>
        <legalName>Synapse Research Management Partners S.L</legalName>
        <shortName>SYNAPSE</shortName>
        <address>
          <street>CALLE VELAZQUEZ 94 PLANTA 1</street>
          <city>MADRID</city>
          <postalCode>28006</postalCode>
          <country>ES</country>
          <postBox>N/A</postBox>
          <url>www.synapse-managers.com</url>
        </address>
        <departmentName>Management</departmentName>
        <relations>
          <categories>
            <category classification="organizationActivityType" type="relatedOrganizationActivityType">
              <availableLanguages readOnly="true">de,en,es,fr,it,pl</availableLanguages>
              <code>/PRC</code>
              <title>Private for-profit entities (excluding Higher or Secondary Education Establishments)</title>
            </category>
          </categories>
          <regions>
            <region type="relatedRegion">
              <name>Spain</name>
              <nutsCode>ES</nutsCode>
              <euCode>ES</euCode>
              <isoCode>ES</isoCode>
              <rcn>242387496</rcn>
            </region>
          </regions>
        </relations>
      </organization>
    <categories>
      <category classification="projectFundingSchemeCategory" type="relatedProjectFundingSchemeCategory">
        <availableLanguages readOnly="true">en</availableLanguages>
        <code>/RIA</code>
        <title>Research and Innovation action</title>
      </category>
    </categories>
