  <rcn>193528</rcn>
  <acronym>WAPITI</acronym>
  <objective>Deep water formed around the Antarctic continent drives the world ocean circulation. 50-70% of this deep water is formed within only about 10% of the Antarctic circumpolar band: the Weddell Sea. Subtle changes in the circulation of the Weddell Sea can lead to major changes in floating ice-shelves, with critical implications for global sea-level, the production of deep water and the global ocean overturning circulation. Despite these critical climate implications, the Antarctic shelf circulation remains poorly understood. 

I propose an ambitious project at the crossroads of experimental and numerical oceanography. By drawing on the strengths of each discipline I will explore the regional water-mass pathways in the Weddell Sea: an unchartered cornerstone for understanding the polar ocean circulation and its links to global climate. A key issue facing climate scientists will be addressed: “What sets the tridimensional water-mass structure and pathways in the Weddell Sea and modulates the flow of deep waters between the Antarctica ice-shelves and the global ocean circulation?”

To address this question I propose to investigate several key aspects of the Weddell Sea system: the dynamical forcing of the Weddell gyre and its response to atmospheric variability; the forcing and the circulation on the continental shelf and its interaction with the gyre; and the time-scale and mixing associated with bottom water sinking along the continental shelf. WAPITI approaches these objectives through a series of innovations, including (i) an ambitious field experiment to investigate the shelf circulation and processes, (ii) a powerful conceptual framework applied for the first time to a realistic eddy-resolving model of the Weddell gyre, and (iii) a novel instrument that will be developed to directly observe the sinking of deep water into the abyssal ocean for the first time. Collectively, the project will contribute a new insight into global climate feedbacks.</objective>
  <title>Water-mass transformation and Pathways In The Weddell Sea: uncovering the dynamics of a global climate chokepoint from In-situ measurements</title>
      <organization ecContribution="0" order="1" terminated="true" type="coordinator">
        <availableLanguages readOnly="true">en</availableLanguages>
        <rcn>1907413</rcn>
        <id>999986193</id>
        <vatNumber>FR12197517220</vatNumber>
        <legalName>UNIVERSITE PIERRE ET MARIE CURIE - PARIS 6</legalName>
        <shortName>UPMC</shortName>
        <address>
          <street>Place Jussieu 4</street>
          <city>PARIS</city>
          <postalCode>75252</postalCode>
          <country>FR</country>
          <postBox>N/A</postBox>
          <url>www.upmc.fr</url>
        </address>
        <departmentName>Laboratoire d'Informatique de Paris 6 (LIP6) - NPA</departmentName>
        <relations>
          <categories>
            <category classification="organizationActivityType" type="relatedOrganizationActivityType">
              <availableLanguages readOnly="true">de,en,es,fr,it,pl</availableLanguages>
              <code>/HES</code>
              <title>Higher or Secondary Education Establishments</title>
            </category>
          </categories>
          <regions>
            <region type="relatedRegion">
              <name>France</name>
              <nutsCode>FR</nutsCode>
              <euCode>FR</euCode>
              <isoCode>FR</isoCode>
              <rcn>258902568</rcn>
            </region>
          </regions>
        </relations>
      </organization>
      <organization ecContribution="266877.5" order="2" terminated="false" type="participant">
        <availableLanguages readOnly="true">en</availableLanguages>
        <rcn>1907847</rcn>
        <id>999630300</id>
        <vatNumber>FR46330715368</vatNumber>
        <legalName>INSTITUT FRANCAIS DE RECHERCHE POUR L'EXPLOITATION DE LA MER</legalName>
        <shortName>IFREMER</shortName>
        <address>
          <street>155 rue Jean Jacques Rousseau</street>
          <city>ISSY-LES-MOULINEAUX</city>
          <postalCode>92138</postalCode>
          <country>FR</country>
          <url>http://www.ifremer.fr</url>
        </address>
        <relations>
          <categories>
            <category classification="organizationActivityType" type="relatedOrganizationActivityType">
              <availableLanguages readOnly="true">de,en,es,fr,it,pl</availableLanguages>
              <code>/REC</code>
              <title>Research Organisations</title>
            </category>
          </categories>
          <regions>
            <region type="relatedRegion">
              <name>France</name>
              <nutsCode>FR</nutsCode>
              <euCode>FR</euCode>
              <isoCode>FR</isoCode>
              <rcn>258902568</rcn>
            </region>
          </regions>
        </relations>
      </organization>
      <organization ecContribution="1731247.5" order="1" terminated="false" type="coordinator">
        <availableLanguages readOnly="true">en</availableLanguages>
        <rcn>1945394</rcn>
        <id>909875521</id>
        <vatNumber>FR90130023385</vatNumber>
        <legalName>SORBONNE UNIVERSITE</legalName>
        <shortName>SU</shortName>
        <address>
          <street>21 RUE DE L'ECOLE DE MEDECINE</street>
          <city>PARIS</city>
          <postalCode>75006</postalCode>
          <country>FR</country>
        </address>
        <relations>
          <categories>
            <category classification="organizationActivityType" type="relatedOrganizationActivityType">
              <availableLanguages readOnly="true">de,en,es,fr,it,pl</availableLanguages>
              <code>/HES</code>
              <title>Higher or Secondary Education Establishments</title>
            </category>
          </categories>
          <regions>
            <region type="relatedRegion">
              <name>France</name>
              <nutsCode>FR</nutsCode>
              <euCode>FR</euCode>
              <isoCode>FR</isoCode>
              <rcn>258902568</rcn>
            </region>
          </regions>
        </relations>
      </organization>
    <categories>
      <category classification="projectFundingSchemeCategory" type="relatedProjectFundingSchemeCategory">
        <availableLanguages readOnly="true">en</availableLanguages>
        <code>/ERC-STG</code>
        <title>Starting Grant</title>
      </category>
    </categories>
