  <rcn>193410</rcn>
  <acronym>LOWBRASYS</acronym>
  <objective>Primary particulate matter (PM) consists of chemical components suspended in the atmosphere as aerosols, e.g. as a result of exhaust gaseous and friction processes (e.g. braking). Such particles may potentially contribute to smog events in urban areas and might be responsible of negative effects on the environment (e.g. acid rain acidification, toxic effects on plants and animals) and health (e.g. cancer, respiratory issues). The challenge is therefore to develop a new generation of transport technologies able to reduce the contribution of traffic related and total particulate matter, and, at the same time, to comply with future and stricter legislations on vehicles emissions and EU air quality. 
The LOWBRASYS project aims at demonstrating a novel and low environmental impact brake system that will reduce micro and nanoparticles emissions by at least 50%. The measurement and understanding of micrometer-sized and ultrafine particles and their effects on health and the environment will be improved and whilst providing recommendations to policy makers. This goal will only be achievable by a systematic and structured approach focused by the LOWBRASYS Team on the following targets:
1. Novel materials formulations of the brakes pad and disc in order to reduce the total particle emissions and have a low-environmental impact. 
2. Innovation of environmental friendly braking strategies (control systems) that reduce PM emissions.
3. Breakthrough technology for collection of particles near the PM source in order to further dramatically reduce PM emissions.
5. System integration of the novel pad, components and control systems in vehicles.
6. Improvement of the measurement techniques and understanding of the brake wear PM effects on health and the environment through state-of-the-art non-in-vivo techniques and related policy recommendations.

Recommendations to policy makers will also be provided by the Team given no current applicable legislation in Europe.</objective>
  <title>a LOW environmental impact BRAke SYStem</title>
      <organization ecContribution="241250" order="8" terminated="false" type="participant">
        <availableLanguages readOnly="true">en</availableLanguages>
        <rcn>1905813</rcn>
        <id>999868144</id>
        <vatNumber>CZ61989100</vatNumber>
        <legalName>VYSOKA SKOLA BANSKA - TECHNICKA UNIVERZITA OSTRAVA</legalName>
        <shortName>IT4I</shortName>
        <address>
          <street>17 LISTOPADU 15/2172</street>
          <city>OSTRAVA PORUBA</city>
          <postalCode>70 833</postalCode>
          <country>CZ</country>
          <postBox>000</postBox>
          <url>www.vsb.cz</url>
        </address>
        <departmentName>It4Innovations</departmentName>
        <relations>
          <categories>
            <category classification="organizationActivityType" type="relatedOrganizationActivityType">
              <availableLanguages readOnly="true">de,en,es,fr,it,pl</availableLanguages>
              <code>/HES</code>
              <title>Higher or Secondary Education Establishments</title>
            </category>
          </categories>
          <regions>
            <region type="relatedRegion">
              <name>Czech Republic</name>
              <nutsCode>CZ</nutsCode>
              <euCode>CZ</euCode>
              <isoCode>CZ</isoCode>
              <rcn>210668072</rcn>
            </region>
          </regions>
        </relations>
      </organization>
      <organization ecContribution="797500" order="9" terminated="false" type="participant">
        <availableLanguages readOnly="true">en</availableLanguages>
        <rcn>1906237</rcn>
        <id>999990946</id>
        <vatNumber>SE202100305401</vatNumber>
        <legalName>KUNGLIGA TEKNISKA HOEGSKOLAN</legalName>
        <shortName>KTH</shortName>
        <address>
          <street>BRINELLVAGEN 8</street>
          <city>STOCKHOLM</city>
          <postalCode>100 44</postalCode>
          <country>SE</country>
          <postBox>000</postBox>
          <url>www.kth.se</url>
        </address>
        <departmentName>School of Technology and Health</departmentName>
        <relations>
          <categories>
            <category classification="organizationActivityType" type="relatedOrganizationActivityType">
              <availableLanguages readOnly="true">de,en,es,fr,it,pl</availableLanguages>
              <code>/HES</code>
              <title>Higher or Secondary Education Establishments</title>
            </category>
          </categories>
          <regions>
            <region type="relatedRegion">
              <name>Sweden</name>
              <nutsCode>SE</nutsCode>
              <euCode>SE</euCode>
              <isoCode>SE</isoCode>
              <rcn>473598504</rcn>
            </region>
          </regions>
        </relations>
      </organization>
      <organization ecContribution="601875" order="3" terminated="false" type="participant">
        <availableLanguages readOnly="true">en</availableLanguages>
        <rcn>1907202</rcn>
        <id>999661146</id>
        <vatNumber>IT03254210150</vatNumber>
        <legalName>ISTITUTO DI RICERCHE FARMACOLOGICHE MARIO NEGRI</legalName>
        <shortName>IRFMN</shortName>
        <address>
          <street>VIA GIUSEPPE LA MASA 19</street>
          <city>MILANO</city>
          <postalCode>20156</postalCode>
          <country>IT</country>
          <postBox>N/A</postBox>
          <url>www.marionegri.it</url>
        </address>
        <departmentName>Administration</departmentName>
        <relations>
          <categories>
            <category classification="organizationActivityType" type="relatedOrganizationActivityType">
              <availableLanguages readOnly="true">de,en,es,fr,it,pl</availableLanguages>
              <code>/REC</code>
              <title>Research Organisations</title>
            </category>
          </categories>
          <regions>
            <region type="relatedRegion">
              <name>Italy</name>
              <nutsCode>IT</nutsCode>
              <euCode>IT</euCode>
              <isoCode>IT</isoCode>
              <rcn>309758504</rcn>
            </region>
          </regions>
        </relations>
      </organization>
      <organization ecContribution="0" order="2" terminated="true" type="participant">
        <availableLanguages readOnly="true">en</availableLanguages>
        <rcn>1906673</rcn>
        <id>999798983</id>
        <vatNumber>DE199669062</vatNumber>
        <legalName>FORD FORSCHUNGSZENTRUM AACHEN GMBH</legalName>
        <shortName>FFA</shortName>
        <address>
          <street>SUESTERFELDSTRASSE  200</street>
          <city>AACHEN</city>
          <postalCode>52072</postalCode>
          <country>DE</country>
        </address>
        <departmentName>Ford Research and Advanced Engineering Europe</departmentName>
        <relations>
          <categories>
            <category classification="organizationActivityType" type="relatedOrganizationActivityType">
              <availableLanguages readOnly="true">de,en,es,fr,it,pl</availableLanguages>
              <code>/PRC</code>
              <title>Private for-profit entities (excluding Higher or Secondary Education Establishments)</title>
            </category>
          </categories>
          <regions>
            <region type="relatedRegion">
              <name>Germany</name>
              <nutsCode>DE</nutsCode>
              <euCode>DE</euCode>
              <isoCode>DE</isoCode>
              <rcn>221940264</rcn>
            </region>
          </regions>
        </relations>
      </organization>
      <organization ecContribution="1087403.1" order="2" terminated="false" type="participant">
        <availableLanguages readOnly="true">en</availableLanguages>
        <rcn>2137163</rcn>
        <id>996657347</id>
        <vatNumber>DE122653611</vatNumber>
        <legalName>FORD-WERKE GMBH</legalName>
        <shortName>FORD-WERKE GMBH</shortName>
        <address>
          <street>HENRY FORD STRASSE 1</street>
          <city>KOLN</city>
          <postalCode>50735</postalCode>
          <country>DE</country>
          <url>www.ford.de</url>
        </address>
        <departmentName>Ford Research and Advanced Engineering Europe</departmentName>
        <relations>
          <categories>
            <category classification="organizationActivityType" type="relatedOrganizationActivityType">
              <availableLanguages readOnly="true">de,en,es,fr,it,pl</availableLanguages>
              <code>/PRC</code>
              <title>Private for-profit entities (excluding Higher or Secondary Education Establishments)</title>
            </category>
          </categories>
          <regions>
            <region type="relatedRegion">
              <name>Germany</name>
              <nutsCode>DE</nutsCode>
              <euCode>DE</euCode>
              <isoCode>DE</isoCode>
              <rcn>221940264</rcn>
            </region>
          </regions>
        </relations>
      </organization>
      <organization ecContribution="1042125" order="10" terminated="false" type="participant">
        <availableLanguages readOnly="true">en</availableLanguages>
        <rcn>1912674</rcn>
        <id>999657460</id>
        <vatNumber>DE112160365</vatNumber>
        <legalName>CONTINENTAL TEVES AG &amp; CO. OHG</legalName>
        <shortName>CONTINENTAL</shortName>
        <address>
          <street>GUERICKESTRASSE 7</street>
          <city>FRANKFURT AM MAIN</city>
          <postalCode>60488</postalCode>
          <country>DE</country>
          <url>www.continental-corporation.com</url>
        </address>
        <departmentName>A S&amp;T EG PPP</departmentName>
        <relations>
          <categories>
            <category classification="organizationActivityType" type="relatedOrganizationActivityType">
              <availableLanguages readOnly="true">de,en,es,fr,it,pl</availableLanguages>
              <code>/PRC</code>
              <title>Private for-profit entities (excluding Higher or Secondary Education Establishments)</title>
            </category>
          </categories>
          <regions>
            <region type="relatedRegion">
              <name>Germany</name>
              <nutsCode>DE</nutsCode>
              <euCode>DE</euCode>
              <isoCode>DE</isoCode>
              <rcn>221940264</rcn>
            </region>
          </regions>
        </relations>
      </organization>
      <organization ecContribution="450821.88" order="7" terminated="false" type="participant">
        <availableLanguages readOnly="true">en</availableLanguages>
        <rcn>2397882</rcn>
        <id>937460478</id>
        <vatNumber>DE811153324</vatNumber>
        <legalName>FEDERAL-MOGUL FRICTION PRODUCTS GMBH</legalName>
        <shortName>Federal Mogul</shortName>
        <address>
          <street>OTTO HAHN STRASSE 26-28</street>
          <city>BAD CAMBERG</city>
          <postalCode>65520</postalCode>
          <country>DE</country>
        </address>
        <relations>
          <categories>
            <category classification="organizationActivityType" type="relatedOrganizationActivityType">
              <availableLanguages readOnly="true">de,en,es,fr,it,pl</availableLanguages>
              <code>/PRC</code>
              <title>Private for-profit entities (excluding Higher or Secondary Education Establishments)</title>
            </category>
          </categories>
          <regions>
            <region type="relatedRegion">
              <name>Germany</name>
              <nutsCode>DE</nutsCode>
              <euCode>DE</euCode>
              <isoCode>DE</isoCode>
              <rcn>221940264</rcn>
            </region>
          </regions>
        </relations>
      </organization>
      <organization ecContribution="571500" order="4" terminated="false" type="participant">
        <availableLanguages readOnly="true">en</availableLanguages>
        <rcn>1908359</rcn>
        <id>999841954</id>
        <vatNumber>IT00340520220</vatNumber>
        <legalName>UNIVERSITA DEGLI STUDI DI TRENTO</legalName>
        <shortName>UNITN</shortName>
        <address>
          <street>VIA CALEPINA 14</street>
          <city>TRENTO</city>
          <postalCode>38122</postalCode>
          <country>IT</country>
          <postBox>000</postBox>
          <url>www.unitn.it</url>
        </address>
        <departmentName>Dipartimento di Fisica</departmentName>
        <relations>
          <categories>
            <category classification="organizationActivityType" type="relatedOrganizationActivityType">
              <availableLanguages readOnly="true">de,en,es,fr,it,pl</availableLanguages>
              <code>/HES</code>
              <title>Higher or Secondary Education Establishments</title>
            </category>
          </categories>
          <regions>
            <region type="relatedRegion">
              <name>Italy</name>
              <nutsCode>IT</nutsCode>
              <euCode>IT</euCode>
              <isoCode>IT</isoCode>
              <rcn>309758504</rcn>
            </region>
          </regions>
        </relations>
      </organization>
      <organization ecContribution="1807312.5" order="1" terminated="false" type="coordinator">
        <availableLanguages readOnly="true">en</availableLanguages>
        <rcn>1948978</rcn>
        <id>984966422</id>
        <vatNumber>IT00222620163</vatNumber>
        <legalName>FRENI BREMBO Spa</legalName>
        <shortName>BREMBO</shortName>
        <address>
          <street>VIA BREMBO  25</street>
          <city>CURNO</city>
          <postalCode>24035</postalCode>
          <country>IT</country>
        </address>
        <relations>
          <categories>
            <category classification="organizationActivityType" type="relatedOrganizationActivityType">
              <availableLanguages readOnly="true">de,en,es,fr,it,pl</availableLanguages>
              <code>/PRC</code>
              <title>Private for-profit entities (excluding Higher or Secondary Education Establishments)</title>
            </category>
          </categories>
          <regions>
            <region type="relatedRegion">
              <name>Italy</name>
              <nutsCode>IT</nutsCode>
              <euCode>IT</euCode>
              <isoCode>IT</isoCode>
              <rcn>309758504</rcn>
            </region>
          </regions>
        </relations>
      </organization>
      <organization ecContribution="343700" order="6" terminated="false" type="participant">
        <availableLanguages readOnly="true">en</availableLanguages>
        <rcn>1923666</rcn>
        <id>997983240</id>
        <vatNumber>HU12850400</vatNumber>
        <legalName>FLAME SPRAY HUNGARY FEMIPARI SZOLGALTATO ES KERESKEDELMI KFT</legalName>
        <shortName>Flame Hungary</shortName>
        <address>
          <street>IPARI PARK UT 19</street>
          <city>SZADA</city>
          <postalCode>2111</postalCode>
          <country>HU</country>
        </address>
        <relations>
          <categories>
            <category classification="organizationActivityType" type="relatedOrganizationActivityType">
              <availableLanguages readOnly="true">de,en,es,fr,it,pl</availableLanguages>
              <code>/PRC</code>
              <title>Private for-profit entities (excluding Higher or Secondary Education Establishments)</title>
            </category>
          </categories>
          <regions>
            <region type="relatedRegion">
              <name>Hungary</name>
              <nutsCode>HU</nutsCode>
              <euCode>HU</euCode>
              <isoCode>HU</isoCode>
              <rcn>293243432</rcn>
            </region>
          </regions>
        </relations>
      </organization>
      <organization ecContribution="493362.5" order="5" terminated="false" type="participant">
        <availableLanguages readOnly="true">en</availableLanguages>
        <rcn>1905798</rcn>
        <id>999992304</id>
        <legalName>JRC -JOINT RESEARCH CENTRE- EUROPEAN COMMISSION</legalName>
        <shortName>JRC</shortName>
        <address>
          <street>Rue de la Loi 200</street>
          <city>BRUSSELS</city>
          <postalCode>1049</postalCode>
          <country>BE</country>
          <url>http://www.jrc.ec.europa.eu</url>
        </address>
        <departmentName>Management Support Unit</departmentName>
        <relations>
          <categories>
            <category classification="organizationActivityType" type="relatedOrganizationActivityType">
              <availableLanguages readOnly="true">de,en,es,fr,it,pl</availableLanguages>
              <code>/REC</code>
              <title>Research Organisations</title>
            </category>
          </categories>
          <regions>
            <region type="relatedRegion">
              <name>Belgium</name>
              <nutsCode>BE</nutsCode>
              <euCode>BE</euCode>
              <isoCode>BE</isoCode>
              <rcn>188385832</rcn>
            </region>
          </regions>
        </relations>
      </organization>
    <categories>
      <category classification="projectFundingSchemeCategory" type="relatedProjectFundingSchemeCategory">
        <availableLanguages readOnly="true">en</availableLanguages>
        <code>/IA</code>
        <title>Innovation action</title>
      </category>
    </categories>
