  <rcn>193237</rcn>
  <acronym>SafetyCube</acronym>
  <objective>The objective of SafetyCube is to develop an innovative road safety Decision Support System (DSS) that will enable policy-makers and stakeholders to select and implement the most appropriate strategies, measures and cost-effective approaches to reduce casualties of all road user types and all severities.

At the core of the project will be a novel and comprehensive analysis of accident causation factors combined with newly estimated data on the effectiveness and cost-effectiveness of safety measures, not just in relation to reduction of fatalities but also the number of injured. An operational framework will be established to provide future access to the DSS once the project is completed.

The project has four sub-objectives:
1. To develop new analysis methods for (a) Priority setting, (b) Evaluating the effectiveness of measures (c) Monitoring serious injuries and assessing their socio-economic costs (d) Cost-benefit analysis taking account of human and material costs
2. To apply these methods to safety data to identify the key accident causation mechanisms, risk factors and the most cost-effective measures for fatally and seriously injured casualties
3. To develop an operational framework to ensure the project facilities can be accessed and updated beyond the completion of SafetyCube
4. To enhance the European Road Safety Observatory and work with road safety stakeholders to ensure the results of the project can be implemented as widely as possible

The project outputs will be framed according to the specific policy and stakeholder areas – infrastructures, vehicles and road users – so that the measures developed in the project can be most readily applied. A systems approach will ensure effective coordination between these areas.

The close involvement of road safety stakeholders of all types at national and EU levels and wider will enable the DSS to be focussed on the most appropriate policy-making procedures and ensure the project outputs have global reach.</objective>
  <title>Safety CaUsation, Benefits and Efficiency</title>
      <organization ecContribution="130500" order="15" terminated="false" type="participant">
        <availableLanguages readOnly="true">en</availableLanguages>
        <rcn>2076998</rcn>
        <id>999649409</id>
        <vatNumber>FR66390457125</vatNumber>
        <legalName>CENTRE EUROPEEN D'ETUDES DE SECURITE ET D'ANALYSE DES RISQUESC.E.E.S.A.R.ET D'ANALYSE DES RISQUES</legalName>
        <shortName>CEESAR</shortName>
        <address>
          <street>RUE DES SUISSES 132</street>
          <city>NANTERRE</city>
          <postalCode>92000</postalCode>
          <country>FR</country>
          <postBox>000</postBox>
          <url>www.ceesar.fr/</url>
        </address>
        <relations>
          <categories>
            <category classification="organizationActivityType" type="relatedOrganizationActivityType">
              <availableLanguages readOnly="true">de,en,es,fr,it,pl</availableLanguages>
              <code>/REC</code>
              <title>Research Organisations</title>
            </category>
          </categories>
          <regions>
            <region type="relatedRegion">
              <name>France</name>
              <nutsCode>FR</nutsCode>
              <euCode>FR</euCode>
              <isoCode>FR</isoCode>
              <rcn>258902568</rcn>
            </region>
          </regions>
        </relations>
      </organization>
      <organization ecContribution="451750" order="5" terminated="false" type="participant">
        <availableLanguages readOnly="true">en</availableLanguages>
        <rcn>1923451</rcn>
        <id>999557647</id>
        <vatNumber>ATU36822006</vatNumber>
        <legalName>KURATORIUM FUER VERKEHRSSICHERHEIT</legalName>
        <shortName>KfV</shortName>
        <address>
          <street>SCHLEIERGASSE 18</street>
          <city>WIEN</city>
          <postalCode>1100</postalCode>
          <country>AT</country>
          <url>www.kfv.at</url>
        </address>
        <relations>
          <categories>
            <category classification="organizationActivityType" type="relatedOrganizationActivityType">
              <availableLanguages readOnly="true">de,en,es,fr,it,pl</availableLanguages>
              <code>/REC</code>
              <title>Research Organisations</title>
            </category>
          </categories>
          <regions>
            <region type="relatedRegion">
              <name>Austria</name>
              <nutsCode>AT</nutsCode>
              <euCode>AT</euCode>
              <isoCode>AT</isoCode>
              <rcn>175540776</rcn>
            </region>
          </regions>
        </relations>
      </organization>
      <organization ecContribution="356250" order="14" terminated="false" type="participant">
        <availableLanguages readOnly="true">en</availableLanguages>
        <rcn>1923456</rcn>
        <id>999779486</id>
        <vatNumber>FR59320377468</vatNumber>
        <legalName>GIE DE RECHERCHES ET D'ETUDES PSA RENAULT</legalName>
        <shortName>LAB</shortName>
        <address>
          <street>AVENUE DE LA GRANDE ARMEE  75</street>
          <city>PARIS</city>
          <postalCode>75116</postalCode>
          <country>FR</country>
        </address>
        <departmentName>-</departmentName>
        <relations>
          <categories>
            <category classification="organizationActivityType" type="relatedOrganizationActivityType">
              <availableLanguages readOnly="true">de,en,es,fr,it,pl</availableLanguages>
              <code>/PRC</code>
              <title>Private for-profit entities (excluding Higher or Secondary Education Establishments)</title>
            </category>
          </categories>
          <regions>
            <region type="relatedRegion">
              <name>France</name>
              <nutsCode>FR</nutsCode>
              <euCode>FR</euCode>
              <isoCode>FR</isoCode>
              <rcn>258902568</rcn>
            </region>
          </regions>
        </relations>
      </organization>
      <organization ecContribution="90000" order="16" terminated="false" type="participant">
        <availableLanguages readOnly="true">en</availableLanguages>
        <rcn>1913321</rcn>
        <id>999647469</id>
        <vatNumber>ESG47448519</vatNumber>
        <legalName>FUNDACION CIDAUT</legalName>
        <shortName>CIDAUT</shortName>
        <address>
          <street>PLAZA VICENTE ALEIXANDRE CAMPOS 2 PQ TECNOLOGICO DE BOECILLO 209</street>
          <city>VALLADOLID</city>
          <postalCode>47151</postalCode>
          <country>ES</country>
          <postBox>000</postBox>
          <url>www.cidaut.es</url>
        </address>
        <departmentName>TECHNOLOGY TRANSFER DEPARTMENT</departmentName>
        <relations>
          <categories>
            <category classification="organizationActivityType" type="relatedOrganizationActivityType">
              <availableLanguages readOnly="true">de,en,es,fr,it,pl</availableLanguages>
              <code>/REC</code>
              <title>Research Organisations</title>
            </category>
          </categories>
          <regions>
            <region type="relatedRegion">
              <name>Spain</name>
              <nutsCode>ES</nutsCode>
              <euCode>ES</euCode>
              <isoCode>ES</isoCode>
              <rcn>242387496</rcn>
            </region>
          </regions>
        </relations>
      </organization>
      <organization ecContribution="665250" order="4" terminated="false" type="participant">
        <availableLanguages readOnly="true">en</availableLanguages>
        <rcn>1923457</rcn>
        <id>997993231</id>
        <vatNumber>NL002814663B01</vatNumber>
        <legalName>STICHTING WETENSCHAPPELIJK ONDERZOEK VERKEERSVEILIGHEID</legalName>
        <shortName>SWOV</shortName>
        <address>
          <street>Bezuidenhoutseweg 62</street>
          <city>Den Haag</city>
          <postalCode>2594 AW</postalCode>
          <country>NL</country>
          <postBox>1090</postBox>
          <url>www.swov.nl</url>
        </address>
        <relations>
          <categories>
            <category classification="organizationActivityType" type="relatedOrganizationActivityType">
              <availableLanguages readOnly="true">de,en,es,fr,it,pl</availableLanguages>
              <code>/REC</code>
              <title>Research Organisations</title>
            </category>
          </categories>
          <regions>
            <region type="relatedRegion">
              <name>Netherlands</name>
              <nutsCode>NL</nutsCode>
              <euCode>NL</euCode>
              <isoCode>NL</isoCode>
              <rcn>391547432</rcn>
            </region>
          </regions>
        </relations>
      </organization>
      <organization ecContribution="90000" order="13" terminated="false" type="participant">
        <availableLanguages readOnly="true">en</availableLanguages>
        <rcn>2390845</rcn>
        <id>947075215</id>
        <legalName>JAVNA AGENCIJA REPUBLIKE SLOVENIJE ZA VARNOST PROMETA</legalName>
        <shortName>AVP</shortName>
        <address>
          <street>KOTNIKONA ULICA 19A</street>
          <city>LJUBLJANA</city>
          <postalCode>1000</postalCode>
          <country>SI</country>
        </address>
        <relations>
          <categories>
            <category classification="organizationActivityType" type="relatedOrganizationActivityType">
              <availableLanguages readOnly="true">de,en,es,fr,it,pl</availableLanguages>
              <code>/REC</code>
              <title>Research Organisations</title>
            </category>
          </categories>
          <regions>
            <region type="relatedRegion">
              <name>Slovenia</name>
              <nutsCode>SI</nutsCode>
              <euCode>SI</euCode>
              <isoCode>SI</isoCode>
              <rcn>474647080</rcn>
            </region>
          </regions>
        </relations>
      </organization>
      <organization ecContribution="595437.5" order="2" terminated="false" type="participant">
        <availableLanguages readOnly="true">en</availableLanguages>
        <rcn>1906106</rcn>
        <id>999978142</id>
        <vatNumber>EL099793475</vatNumber>
        <legalName>NATIONAL TECHNICAL UNIVERSITY OF ATHENS - NTUA</legalName>
        <shortName>NTUA</shortName>
        <address>
          <street>HEROON POLYTECHNIOU 9 ZOGRAPHOU CAMPUS</street>
          <city>ATHINA</city>
          <postalCode>15780</postalCode>
          <country>EL</country>
          <postBox>000</postBox>
          <url>www.ntua.gr</url>
        </address>
        <relations>
          <categories>
            <category classification="organizationActivityType" type="relatedOrganizationActivityType">
              <availableLanguages readOnly="true">de,en,es,fr,it,pl</availableLanguages>
              <code>/HES</code>
              <title>Higher or Secondary Education Establishments</title>
            </category>
          </categories>
          <regions>
            <region type="relatedRegion">
              <name>Greece</name>
              <nutsCode>GR</nutsCode>
              <euCode>EL</euCode>
              <isoCode>GR</isoCode>
              <rcn>240552488</rcn>
            </region>
          </regions>
        </relations>
      </organization>
      <organization ecContribution="90000" order="17" terminated="false" type="participant">
        <availableLanguages readOnly="true">en</availableLanguages>
        <rcn>2390849</rcn>
        <id>996461504</id>
        <vatNumber>DE811297970</vatNumber>
        <legalName>DEKRA AUTOMOBIL GMBH</legalName>
        <shortName>DEKRA</shortName>
        <address>
          <street>Handwerkstrasse   15</street>
          <city>Stuttgart</city>
          <postalCode>70565</postalCode>
          <country>DE</country>
        </address>
        <departmentName>Technology Development</departmentName>
        <relations>
          <categories>
            <category classification="organizationActivityType" type="relatedOrganizationActivityType">
              <availableLanguages readOnly="true">de,en,es,fr,it,pl</availableLanguages>
              <code>/PRC</code>
              <title>Private for-profit entities (excluding Higher or Secondary Education Establishments)</title>
            </category>
          </categories>
          <regions>
            <region type="relatedRegion">
              <name>Germany</name>
              <nutsCode>DE</nutsCode>
              <euCode>DE</euCode>
              <isoCode>DE</isoCode>
              <rcn>221940264</rcn>
            </region>
          </regions>
        </relations>
      </organization>
      <organization ecContribution="246250" order="12" terminated="false" type="participant">
        <availableLanguages readOnly="true">en</availableLanguages>
        <rcn>1905699</rcn>
        <id>999878426</id>
        <vatNumber>DE115650503</vatNumber>
        <legalName>MEDIZINISCHE HOCHSCHULE HANNOVER</legalName>
        <shortName>MHH</shortName>
        <address>
          <street>Carl-Neuberg-Strasse  1</street>
          <city>HANNOVER</city>
          <postalCode>30625</postalCode>
          <country>DE</country>
          <postBox>N/A</postBox>
          <url>www.mh-hannover.de</url>
        </address>
        <departmentName>Finance Department</departmentName>
        <relations>
          <categories>
            <category classification="organizationActivityType" type="relatedOrganizationActivityType">
              <availableLanguages readOnly="true">de,en,es,fr,it,pl</availableLanguages>
              <code>/HES</code>
              <title>Higher or Secondary Education Establishments</title>
            </category>
          </categories>
          <regions>
            <region type="relatedRegion">
              <name>Germany</name>
              <nutsCode>DE</nutsCode>
              <euCode>DE</euCode>
              <isoCode>DE</isoCode>
              <rcn>221940264</rcn>
            </region>
          </regions>
        </relations>
      </organization>
      <organization ecContribution="313157.5" order="8" terminated="false" type="participant">
        <availableLanguages readOnly="true">en</availableLanguages>
        <rcn>1913433</rcn>
        <id>999513027</id>
        <vatNumber>NO959056773</vatNumber>
        <legalName>TRANSPORTOKONOMISK INSTITUTT</legalName>
        <shortName>TOI</shortName>
        <address>
          <street>GAUSTADALLEEN  21</street>
          <city>OSLO</city>
          <postalCode>0349</postalCode>
          <country>NO</country>
          <url>www.toi.no</url>
        </address>
        <relations>
          <categories>
            <category classification="organizationActivityType" type="relatedOrganizationActivityType">
              <availableLanguages readOnly="true">de,en,es,fr,it,pl</availableLanguages>
              <code>/REC</code>
              <title>Research Organisations</title>
            </category>
          </categories>
          <regions>
            <region type="relatedRegion">
              <name>Norway</name>
              <nutsCode>NO</nutsCode>
              <euCode>NO</euCode>
              <isoCode>NO</isoCode>
              <rcn>392333864</rcn>
            </region>
          </regions>
        </relations>
      </organization>
      <organization ecContribution="611842.88" order="3" terminated="false" type="participant">
        <availableLanguages readOnly="true">en</availableLanguages>
        <rcn>1923455</rcn>
        <id>996872590</id>
        <vatNumber>BE0432570411</vatNumber>
        <legalName>BELGISCH INSTITUUT VOOR DE VERKEERSVEILIGHEID VZW</legalName>
        <shortName>ISBR</shortName>
        <address>
          <street>HAACHTSESTEENWEG 1405</street>
          <city>BRUXELLES</city>
          <postalCode>1130</postalCode>
          <country>BE</country>
          <geolocation>50.8858329,4.4227219</geolocation>
        </address>
        <relations>
          <categories>
            <category classification="organizationActivityType" type="relatedOrganizationActivityType">
              <availableLanguages readOnly="true">de,en,es,fr,it,pl</availableLanguages>
              <code>/REC</code>
              <title>Research Organisations</title>
            </category>
          </categories>
          <regions>
            <region type="relatedRegion">
              <name>Belgium</name>
              <nutsCode>BE</nutsCode>
              <euCode>BE</euCode>
              <isoCode>BE</isoCode>
              <rcn>188385832</rcn>
            </region>
          </regions>
        </relations>
      </organization>
      <organization ecContribution="983220.49" order="1" terminated="false" type="coordinator">
        <availableLanguages readOnly="true">en</availableLanguages>
        <rcn>1909845</rcn>
        <id>999990752</id>
        <vatNumber>GB115079431</vatNumber>
        <legalName>LOUGHBOROUGH UNIVERSITY</legalName>
        <shortName>CREST</shortName>
        <address>
          <street>ASHBY ROAD</street>
          <city>LOUGHBOROUGH</city>
          <postalCode>LE11 3TU</postalCode>
          <country>UK</country>
          <postBox>000</postBox>
          <url>www.lboro.ac.uk</url>
        </address>
        <departmentName>Research Office</departmentName>
        <relations>
          <categories>
            <category classification="organizationActivityType" type="relatedOrganizationActivityType">
              <availableLanguages readOnly="true">de,en,es,fr,it,pl</availableLanguages>
              <code>/HES</code>
              <title>Higher or Secondary Education Establishments</title>
            </category>
          </categories>
          <regions>
            <region type="relatedRegion">
              <name>United Kingdom</name>
              <nutsCode>UK</nutsCode>
              <euCode>UK</euCode>
              <isoCode>GB</isoCode>
              <rcn>508725800</rcn>
            </region>
          </regions>
        </relations>
      </organization>
      <organization ecContribution="112500" order="9" terminated="false" type="participant">
        <availableLanguages readOnly="true">en</availableLanguages>
        <rcn>1920067</rcn>
        <id>996623591</id>
        <vatNumber>BE0470591441</vatNumber>
        <legalName>EUROPEAN UNION ROAD FEDERATION</legalName>
        <shortName>ERF</shortName>
        <address>
          <street>PLACE STEPHANIE 6B</street>
          <city>BRUXELLES</city>
          <postalCode>1050</postalCode>
          <country>BE</country>
          <postBox>000</postBox>
          <url>www.erf.be</url>
        </address>
        <relations>
          <categories>
            <category classification="organizationActivityType" type="relatedOrganizationActivityType">
              <availableLanguages readOnly="true">de,en,es,fr,it,pl</availableLanguages>
              <code>/OTH</code>
              <title>Other</title>
            </category>
          </categories>
          <regions>
            <region type="relatedRegion">
              <name>Belgium</name>
              <nutsCode>BE</nutsCode>
              <euCode>BE</euCode>
              <isoCode>BE</isoCode>
              <rcn>188385832</rcn>
            </region>
          </regions>
        </relations>
      </organization>
      <organization ecContribution="120000" order="11" terminated="false" type="participant">
        <availableLanguages readOnly="true">en</availableLanguages>
        <rcn>1911850</rcn>
        <id>983180264</id>
        <vatNumber>ESP5890009C</vatNumber>
        <legalName>Agencia de Salut Publica de Barcelona</legalName>
        <shortName>ASPB</shortName>
        <address>
          <street>Plaça Lesseps   1</street>
          <city>Barcelona</city>
          <postalCode>08023</postalCode>
          <country>ES</country>
          <url>www.aspb.cat</url>
        </address>
        <relations>
          <categories>
            <category classification="organizationActivityType" type="relatedOrganizationActivityType">
              <availableLanguages readOnly="true">de,en,es,fr,it,pl</availableLanguages>
              <code>/PUB</code>
              <title>Public bodies (excluding Research Organisations and Secondary or Higher Education Establishments)</title>
            </category>
          </categories>
          <regions>
            <region type="relatedRegion">
              <name>Spain</name>
              <nutsCode>ES</nutsCode>
              <euCode>ES</euCode>
              <isoCode>ES</isoCode>
              <rcn>242387496</rcn>
            </region>
          </regions>
        </relations>
      </organization>
      <organization ecContribution="243750" order="6" terminated="false" type="participant">
        <availableLanguages readOnly="true">en</availableLanguages>
        <rcn>1906187</rcn>
        <id>968126446</id>
        <vatNumber>FR95130013428</vatNumber>
        <legalName>INSTITUT FRANCAIS DES SCIENCES ET TECHNOLOGIES DES TRANSPORTS, DE L'AMENAGEMENT ET DES RESEAUX</legalName>
        <shortName>IFSTTAR</shortName>
        <address>
          <street>BOULEVARD ISAAC NEWTON 14 CITE DESCARTES 14-20</street>
          <city>MARNE LA VALLEE CEDEX 2</city>
          <postalCode>77447</postalCode>
          <country>FR</country>
          <url>www.ifsttar.fr</url>
        </address>
        <relations>
          <categories>
            <category classification="organizationActivityType" type="relatedOrganizationActivityType">
              <availableLanguages readOnly="true">de,en,es,fr,it,pl</availableLanguages>
              <code>/REC</code>
              <title>Research Organisations</title>
            </category>
          </categories>
          <regions>
            <region type="relatedRegion">
              <name>France</name>
              <nutsCode>FR</nutsCode>
              <euCode>FR</euCode>
              <isoCode>FR</isoCode>
              <rcn>258902568</rcn>
            </region>
          </regions>
        </relations>
      </organization>
      <organization ecContribution="185000" order="10" terminated="false" type="participant">
        <availableLanguages readOnly="true">en</availableLanguages>
        <rcn>1905616</rcn>
        <id>999987745</id>
        <vatNumber>IT02133771002</vatNumber>
        <legalName>UNIVERSITA DEGLI STUDI DI ROMA LA SAPIENZA</legalName>
        <shortName>UNIROMA1</shortName>
        <address>
          <street>Piazzale Aldo Moro  5</street>
          <city>ROMA</city>
          <postalCode>00185</postalCode>
          <country>IT</country>
          <url>www.uniroma1.it</url>
        </address>
        <departmentName>Dipartimento di Ingegneria informatica</departmentName>
        <departmentName> automatica e gestion</departmentName>
        <relations>
          <categories>
            <category classification="organizationActivityType" type="relatedOrganizationActivityType">
              <availableLanguages readOnly="true">de,en,es,fr,it,pl</availableLanguages>
              <code>/HES</code>
              <title>Higher or Secondary Education Establishments</title>
            </category>
          </categories>
          <regions>
            <region type="relatedRegion">
              <name>Italy</name>
              <nutsCode>IT</nutsCode>
              <euCode>IT</euCode>
              <isoCode>IT</isoCode>
              <rcn>309758504</rcn>
            </region>
          </regions>
        </relations>
      </organization>
      <organization ecContribution="505202.88" order="7" terminated="false" type="participant">
        <availableLanguages readOnly="true">en</availableLanguages>
        <rcn>1905553</rcn>
        <id>999980373</id>
        <vatNumber>SE556479559801</vatNumber>
        <legalName>CHALMERS TEKNISKA HOEGSKOLA AB</legalName>
        <shortName>Chalmers</shortName>
        <address>
          <street>-</street>
          <city>GOETEBORG</city>
          <postalCode>41296</postalCode>
          <country>SE</country>
          <postBox>N/A</postBox>
          <url>www.chalmers.se</url>
        </address>
        <departmentName>SAFER - Vehicle and Traffic Safety Centre at Chalmers</departmentName>
        <relations>
          <categories>
            <category classification="organizationActivityType" type="relatedOrganizationActivityType">
              <availableLanguages readOnly="true">de,en,es,fr,it,pl</availableLanguages>
              <code>/HES</code>
              <title>Higher or Secondary Education Establishments</title>
            </category>
          </categories>
          <regions>
            <region type="relatedRegion">
              <name>Sweden</name>
              <nutsCode>SE</nutsCode>
              <euCode>SE</euCode>
              <isoCode>SE</isoCode>
              <rcn>473598504</rcn>
            </region>
          </regions>
        </relations>
      </organization>
    <categories>
      <category classification="projectFundingSchemeCategory" type="relatedProjectFundingSchemeCategory">
        <availableLanguages readOnly="true">en</availableLanguages>
        <code>/RIA</code>
        <title>Research and Innovation action</title>
      </category>
    </categories>
