  <rcn>193440</rcn>
  <acronym>C2NET</acronym>
  <objective>The goal of C2NET Project is the creation of cloud-enabled tools for supporting the supply network optimization of manufacturing and logistic assets based on collaborative demand, production and delivery plans. C2NET Project will provide a scalable real-time architecture, platform and software to allow the supply network partners: to master complexity and data security of the supply network, to store product, process and logistic data, to optimize the manufacturing assets by the collaborative computation of production plans, to optimize the logistics assets through efficient delivery plans and to render the complete set of supply chain management information on the any digital mobile device (PC, tablets, smartphones,…) of decision makers enabling them to monitor, visualize, control, share and collaborate.
The Project results will be: i) the C2NET Data Collection Framework for IoT-based continuous data collection from supply network resources; ii) the C2NET Optimizer for the optimization of manufacturing and logistics assets of the supply network by the collaborative computation of production, replenishment and delivery plans; iii) the C2NET Collaboration Tools for providing support to the collaborative processes of the supply network, and iv) the C2NET Cloud Platform (C2NET CPL) to integrate the data module, the optimizers and the collaborative tools in the cloud.
C2NET will be designed to comprehensively cover the entire supply chain considering all stages of manufacturing, distribution and sales to supply a product to market. Different actors in the supply network as plant managers, planners, carriers, shop floor workers, shop assistants or customers are potential users of the services that will be offered by C2NET. A distinguishing feature of these services is to have complete visibility and real-time status of the entire supply chain at all times looking for an optimal response to maximize both local and global benefit.</objective>
  <title>Cloud Collaborative Manufacturing Networks (C2NET)</title>
      <organization ecContribution="534772.5" order="8" terminated="false" type="participant">
        <availableLanguages readOnly="true">en</availableLanguages>
        <rcn>2104951</rcn>
        <id>932760440</id>
        <vatNumber>FI26473754</vatNumber>
        <legalName>Teknologian tutkimuskeskus VTT Oy</legalName>
        <shortName>VTT</shortName>
        <address>
          <street>VUORIMIEHENTIE 3</street>
          <city>Espoo</city>
          <postalCode>02150</postalCode>
          <country>FI</country>
          <postBox>1000</postBox>
          <url>www.vtt.fi</url>
        </address>
        <departmentName>Corporate Services</departmentName>
        <relations>
          <categories>
            <category classification="organizationActivityType" type="relatedOrganizationActivityType">
              <availableLanguages readOnly="true">de,en,es,fr,it,pl</availableLanguages>
              <code>/REC</code>
              <title>Research Organisations</title>
            </category>
          </categories>
          <regions>
            <region type="relatedRegion">
              <name>Finland</name>
              <nutsCode>FI</nutsCode>
              <euCode>FI</euCode>
              <isoCode>FI</isoCode>
              <rcn>256543272</rcn>
            </region>
          </regions>
        </relations>
      </organization>
      <organization ecContribution="701862.5" order="7" terminated="false" type="participant">
        <availableLanguages readOnly="true">en</availableLanguages>
        <rcn>1911649</rcn>
        <id>990343811</id>
        <vatNumber>FI22861063</vatNumber>
        <legalName>TTY-SAATIO</legalName>
        <shortName>TUT</shortName>
        <address>
          <street>KORKEAKOULUNKATU 10</street>
          <city>TAMPERE</city>
          <postalCode>33720</postalCode>
          <country>FI</country>
          <postBox>000</postBox>
          <url>www.tut.fi</url>
        </address>
        <departmentName>Department of Production Engineering/Factory Automation Syst</departmentName>
        <relations>
          <categories>
            <category classification="organizationActivityType" type="relatedOrganizationActivityType">
              <availableLanguages readOnly="true">de,en,es,fr,it,pl</availableLanguages>
              <code>/HES</code>
              <title>Higher or Secondary Education Establishments</title>
            </category>
          </categories>
          <regions>
            <region type="relatedRegion">
              <name>Finland</name>
              <nutsCode>FI</nutsCode>
              <euCode>FI</euCode>
              <isoCode>FI</isoCode>
              <rcn>256543272</rcn>
            </region>
          </regions>
        </relations>
      </organization>
      <organization ecContribution="282500" order="15" terminated="false" type="participant">
        <availableLanguages readOnly="true">en</availableLanguages>
        <rcn>2398141</rcn>
        <id>998527022</id>
        <vatNumber>BE889800301</vatNumber>
        <legalName>LABORATOIRE VIRTUEL EUROPEEN DANS LE DOMAINE DE L'INTEROPERABILITE DESENTREPRISES</legalName>
        <shortName>I-VLAB</shortName>
        <address>
          <street>RUE MONTOYER 21</street>
          <city>BRUXELLES</city>
          <postalCode>1000</postalCode>
          <country>BE</country>
        </address>
        <departmentName>Management</departmentName>
        <relations>
          <categories>
            <category classification="organizationActivityType" type="relatedOrganizationActivityType">
              <availableLanguages readOnly="true">de,en,es,fr,it,pl</availableLanguages>
              <code>/OTH</code>
              <title>Other</title>
            </category>
          </categories>
          <regions>
            <region type="relatedRegion">
              <name>Belgium</name>
              <nutsCode>BE</nutsCode>
              <euCode>BE</euCode>
              <isoCode>BE</isoCode>
              <rcn>188385832</rcn>
            </region>
          </regions>
        </relations>
      </organization>
      <organization ecContribution="562750" order="9" terminated="false" type="participant">
        <availableLanguages readOnly="true">en</availableLanguages>
        <rcn>2398615</rcn>
        <id>952858452</id>
        <vatNumber>FR87414316125</vatNumber>
        <legalName>LINAGORA GRAND SUD OUEST SA</legalName>
        <shortName>LINA</shortName>
        <address>
          <street>ROUTE DE REVEL 75</street>
          <city>TOULOUSE</city>
          <postalCode>31400</postalCode>
          <country>FR</country>
        </address>
        <departmentName>-</departmentName>
        <relations>
          <categories>
            <category classification="organizationActivityType" type="relatedOrganizationActivityType">
              <availableLanguages readOnly="true">de,en,es,fr,it,pl</availableLanguages>
              <code>/PRC</code>
              <title>Private for-profit entities (excluding Higher or Secondary Education Establishments)</title>
            </category>
          </categories>
          <regions>
            <region type="relatedRegion">
              <name>France</name>
              <nutsCode>FR</nutsCode>
              <euCode>FR</euCode>
              <isoCode>FR</isoCode>
              <rcn>258902568</rcn>
            </region>
          </regions>
        </relations>
      </organization>
      <organization ecContribution="254437.5" order="11" terminated="false" type="participant">
        <availableLanguages readOnly="true">en</availableLanguages>
        <rcn>2398617</rcn>
        <id>949965233</id>
        <vatNumber>ESA80790322</vatNumber>
        <legalName>PLASTIC OMNIUM AUTOMOTIVE ESPANA SA</legalName>
        <shortName>FAURECIA</shortName>
        <address>
          <street>CARRER POUET DE NASIO 5 POLIGONO INDUSTRIAL SECTOR XIV</street>
          <city>RIBA-ROJA DE TURIA (VALENCIA)</city>
          <postalCode>46934</postalCode>
          <country>ES</country>
        </address>
        <relations>
          <categories>
            <category classification="organizationActivityType" type="relatedOrganizationActivityType">
              <availableLanguages readOnly="true">de,en,es,fr,it,pl</availableLanguages>
              <code>/PRC</code>
              <title>Private for-profit entities (excluding Higher or Secondary Education Establishments)</title>
            </category>
          </categories>
          <regions>
            <region type="relatedRegion">
              <name>Spain</name>
              <nutsCode>ES</nutsCode>
              <euCode>ES</euCode>
              <isoCode>ES</isoCode>
              <rcn>242387496</rcn>
            </region>
          </regions>
        </relations>
      </organization>
      <organization ecContribution="610000" order="5" terminated="false" type="participant">
        <availableLanguages readOnly="true">en</availableLanguages>
        <rcn>1908256</rcn>
        <id>999633889</id>
        <vatNumber>PT501797173</vatNumber>
        <legalName>UNINOVA-INSTITUTO DE DESENVOLVIMENTO DE NOVAS TECNOLOGIAS-ASSOCIACAO</legalName>
        <shortName>UNINOVA</shortName>
        <address>
          <street>CAMPUS DA CAPARICA QUINTA DA TORRE</street>
          <city>CAPARICA</city>
          <postalCode>2829-516</postalCode>
          <country>PT</country>
          <postBox>000</postBox>
          <url>www.uninova.pt</url>
        </address>
        <departmentName>Centre of Technology and Systems</departmentName>
        <relations>
          <categories>
            <category classification="organizationActivityType" type="relatedOrganizationActivityType">
              <availableLanguages readOnly="true">de,en,es,fr,it,pl</availableLanguages>
              <code>/REC</code>
              <title>Research Organisations</title>
            </category>
          </categories>
          <regions>
            <region type="relatedRegion">
              <name>Portugal</name>
              <nutsCode>PT</nutsCode>
              <euCode>PT</euCode>
              <isoCode>PT</isoCode>
              <rcn>427199016</rcn>
            </region>
          </regions>
        </relations>
      </organization>
      <organization ecContribution="585925" order="19" terminated="false" type="participant">
        <availableLanguages readOnly="true">en</availableLanguages>
        <rcn>1905779</rcn>
        <id>999993856</id>
        <vatNumber>ESA28240752</vatNumber>
        <legalName>ATOS SPAIN SA</legalName>
        <shortName>ATOS SPAIN SA</shortName>
        <address>
          <street>CALLE DE ALBARRACIN 25</street>
          <city>MADRID</city>
          <postalCode>28037</postalCode>
          <country>ES</country>
          <postBox>000</postBox>
          <url>www.atos.net</url>
        </address>
        <departmentName>Research and Innovation</departmentName>
        <relations>
          <categories>
            <category classification="organizationActivityType" type="relatedOrganizationActivityType">
              <availableLanguages readOnly="true">de,en,es,fr,it,pl</availableLanguages>
              <code>/PRC</code>
              <title>Private for-profit entities (excluding Higher or Secondary Education Establishments)</title>
            </category>
          </categories>
          <regions>
            <region type="relatedRegion">
              <name>Spain</name>
              <nutsCode>ES</nutsCode>
              <euCode>ES</euCode>
              <isoCode>ES</isoCode>
              <rcn>242387496</rcn>
            </region>
          </regions>
        </relations>
      </organization>
      <organization ecContribution="392713.75" order="3" terminated="false" type="participant">
        <availableLanguages readOnly="true">en</availableLanguages>
        <rcn>1905801</rcn>
        <id>999981246</id>
        <vatNumber>FR84775664113</vatNumber>
        <legalName>ASSOCIATION POUR LA RECHERCHE ET LE DEVELOPPEMENT DES METHODES ET PROCESSUS INDUSTRIELS</legalName>
        <shortName>ARMINES</shortName>
        <address>
          <street>BOULEVARD SAINT MICHEL 60</street>
          <city>PARIS</city>
          <postalCode>75272</postalCode>
          <country>FR</country>
          <postBox>000</postBox>
          <url>www.armines.net</url>
        </address>
        <departmentName>ARMINES</departmentName>
        <relations>
          <categories>
            <category classification="organizationActivityType" type="relatedOrganizationActivityType">
              <availableLanguages readOnly="true">de,en,es,fr,it,pl</availableLanguages>
              <code>/REC</code>
              <title>Research Organisations</title>
            </category>
          </categories>
          <regions>
            <region type="relatedRegion">
              <name>France</name>
              <nutsCode>FR</nutsCode>
              <euCode>FR</euCode>
              <isoCode>FR</isoCode>
              <rcn>258902568</rcn>
            </region>
          </regions>
        </relations>
      </organization>
      <organization ecContribution="162375" order="16" terminated="false" type="participant">
        <availableLanguages readOnly="true">en</availableLanguages>
        <rcn>2143727</rcn>
        <id>994906012</id>
        <vatNumber>PT502585757</vatNumber>
        <legalName>ASSOCIACAO UNIVERSIDADE EMPRESA PARA DESENVOLVIMENTO TECMINHO</legalName>
        <shortName>TecMinho</shortName>
        <address>
          <street>CAMPUS DE AZUREM UNIVERSIDADE DO MINHO</street>
          <city>GUIMARAES</city>
          <postalCode>4800 058</postalCode>
          <country>PT</country>
          <url>www.tecminho.uminho.pt</url>
        </address>
        <relations>
          <categories>
            <category classification="organizationActivityType" type="relatedOrganizationActivityType">
              <availableLanguages readOnly="true">de,en,es,fr,it,pl</availableLanguages>
              <code>/OTH</code>
              <title>Other</title>
            </category>
          </categories>
          <regions>
            <region type="relatedRegion">
              <name>Portugal</name>
              <nutsCode>PT</nutsCode>
              <euCode>PT</euCode>
              <isoCode>PT</isoCode>
              <rcn>427199016</rcn>
            </region>
          </regions>
        </relations>
      </organization>
      <organization ecContribution="50950" order="1" terminated="false" type="coordinator">
        <availableLanguages readOnly="true">en</availableLanguages>
        <rcn>2372712</rcn>
        <id>955208471</id>
        <vatNumber>SK2023110661</vatNumber>
        <legalName>ATOS IT SOLUTIONS AND SERVICES SRO</legalName>
        <shortName>ATOS</shortName>
        <address>
          <street>EINSTEINOVA 7</street>
          <city>BRATISLAVA</city>
          <postalCode>85101</postalCode>
          <country>SK</country>
        </address>
        <departmentName>Research &amp; Innovation</departmentName>
        <relations>
          <categories>
            <category classification="organizationActivityType" type="relatedOrganizationActivityType">
              <availableLanguages readOnly="true">de,en,es,fr,it,pl</availableLanguages>
              <code>/PRC</code>
              <title>Private for-profit entities (excluding Higher or Secondary Education Establishments)</title>
            </category>
          </categories>
          <regions>
            <region type="relatedRegion">
              <name>Slovakia</name>
              <nutsCode>SK</nutsCode>
              <euCode>SK</euCode>
              <isoCode>SK</isoCode>
              <rcn>475171368</rcn>
            </region>
          </regions>
        </relations>
      </organization>
      <organization ecContribution="354687.5" order="13" terminated="false" type="participant">
        <availableLanguages readOnly="true">en</availableLanguages>
        <rcn>2398619</rcn>
        <id>951843056</id>
        <vatNumber>FR42319137576</vatNumber>
        <legalName>PIERRE FABRE DERMO-COSMETIQUE SAS</legalName>
        <shortName>PFDC</shortName>
        <address>
          <street>45 PLACE ABEL GANCE</street>
          <city>BOULOGNE</city>
          <postalCode>92100</postalCode>
          <country>FR</country>
        </address>
        <relations>
          <categories>
            <category classification="organizationActivityType" type="relatedOrganizationActivityType">
              <availableLanguages readOnly="true">de,en,es,fr,it,pl</availableLanguages>
              <code>/PRC</code>
              <title>Private for-profit entities (excluding Higher or Secondary Education Establishments)</title>
            </category>
          </categories>
          <regions>
            <region type="relatedRegion">
              <name>France</name>
              <nutsCode>FR</nutsCode>
              <euCode>FR</euCode>
              <isoCode>FR</isoCode>
              <rcn>258902568</rcn>
            </region>
          </regions>
        </relations>
      </organization>
      <organization ecContribution="456977.5" order="6" terminated="false" type="participant">
        <availableLanguages readOnly="true">en</availableLanguages>
        <rcn>1922011</rcn>
        <id>998565337</id>
        <vatNumber>ESG96278734</vatNumber>
        <legalName>INSTITUTO TECNOLOGICO DE INFORMATICA</legalName>
        <shortName>ITI</shortName>
        <address>
          <street>CAMINO DE VERA S/N</street>
          <city>VALENCIA</city>
          <postalCode>46022</postalCode>
          <country>ES</country>
          <postBox>000</postBox>
          <url>www.iti.es</url>
        </address>
        <departmentName>Technology Management Department</departmentName>
        <relations>
          <categories>
            <category classification="organizationActivityType" type="relatedOrganizationActivityType">
              <availableLanguages readOnly="true">de,en,es,fr,it,pl</availableLanguages>
              <code>/REC</code>
              <title>Research Organisations</title>
            </category>
          </categories>
          <regions>
            <region type="relatedRegion">
              <name>Spain</name>
              <nutsCode>ES</nutsCode>
              <euCode>ES</euCode>
              <isoCode>ES</isoCode>
              <rcn>242387496</rcn>
            </region>
          </regions>
        </relations>
      </organization>
      <organization ecContribution="434550" order="2" terminated="false" type="participant">
        <availableLanguages readOnly="true">en</availableLanguages>
        <rcn>1905898</rcn>
        <id>999864846</id>
        <vatNumber>ESQ4618002B</vatNumber>
        <legalName>UNIVERSITAT POLITECNICA DE VALENCIA</legalName>
        <shortName>UPV</shortName>
        <address>
          <street>CAMINO DE VERA SN EDIFICIO 3A</street>
          <city>VALENCIA</city>
          <postalCode>46022</postalCode>
          <country>ES</country>
          <postBox>N/A</postBox>
          <url>www.upv.es</url>
        </address>
        <departmentName>Department of Hydraulic Engineering and Environment</departmentName>
        <relations>
          <categories>
            <category classification="organizationActivityType" type="relatedOrganizationActivityType">
              <availableLanguages readOnly="true">de,en,es,fr,it,pl</availableLanguages>
              <code>/HES</code>
              <title>Higher or Secondary Education Establishments</title>
            </category>
          </categories>
          <regions>
            <region type="relatedRegion">
              <name>Spain</name>
              <nutsCode>ES</nutsCode>
              <euCode>ES</euCode>
              <isoCode>ES</isoCode>
              <rcn>242387496</rcn>
            </region>
          </regions>
        </relations>
      </organization>
      <organization ecContribution="236625" order="14" terminated="false" type="participant">
        <availableLanguages readOnly="true">en</availableLanguages>
        <rcn>1918901</rcn>
        <id>990993420</id>
        <vatNumber>FI18640516</vatNumber>
        <legalName>FLUIDHOUSE OY - FH</legalName>
        <shortName>FH</shortName>
        <address>
          <street>ONKAPANNU 3</street>
          <city>JYVASKYLA</city>
          <postalCode>40700</postalCode>
          <country>FI</country>
          <url>http://www.fluidhouse.fi</url>
        </address>
        <relations>
          <categories>
            <category classification="organizationActivityType" type="relatedOrganizationActivityType">
              <availableLanguages readOnly="true">de,en,es,fr,it,pl</availableLanguages>
              <code>/PRC</code>
              <title>Private for-profit entities (excluding Higher or Secondary Education Establishments)</title>
            </category>
          </categories>
          <regions>
            <region type="relatedRegion">
              <name>Finland</name>
              <nutsCode>FI</nutsCode>
              <euCode>FI</euCode>
              <isoCode>FI</isoCode>
              <rcn>256543272</rcn>
            </region>
          </regions>
        </relations>
      </organization>
      <organization ecContribution="160625" order="17" terminated="false" type="participant">
        <availableLanguages readOnly="true">en</availableLanguages>
        <rcn>2398623</rcn>
        <id>942960863</id>
        <vatNumber>PT509064566</vatNumber>
        <legalName>FLEXEFELINA SA</legalName>
        <shortName>FLEXF</shortName>
        <address>
          <street>AVENIDA DO EMIGRANTE 1521</street>
          <city>VILA NOVA DE FAMALICAO BENTE</city>
          <postalCode>4770060</postalCode>
          <country>PT</country>
        </address>
        <relations>
          <categories>
            <category classification="organizationActivityType" type="relatedOrganizationActivityType">
              <availableLanguages readOnly="true">de,en,es,fr,it,pl</availableLanguages>
              <code>/PRC</code>
              <title>Private for-profit entities (excluding Higher or Secondary Education Establishments)</title>
            </category>
          </categories>
          <regions>
            <region type="relatedRegion">
              <name>Portugal</name>
              <nutsCode>PT</nutsCode>
              <euCode>PT</euCode>
              <isoCode>PT</isoCode>
              <rcn>427199016</rcn>
            </region>
          </regions>
        </relations>
      </organization>
      <organization ecContribution="160625" order="18" terminated="false" type="participant">
        <availableLanguages readOnly="true">en</availableLanguages>
        <rcn>2398624</rcn>
        <id>943067369</id>
        <vatNumber>PT505126788</vatNumber>
        <legalName>ANTONIO ABREU METALOMECANICA,LDA.</legalName>
        <shortName>AAMM</shortName>
        <address>
          <street>TRAVESSA DO ALTO DA PECA  PAV 7</street>
          <city>VILA NOVA DE FAMALICÃO</city>
          <postalCode>4760802</postalCode>
          <country>PT</country>
        </address>
        <relations>
          <categories>
            <category classification="organizationActivityType" type="relatedOrganizationActivityType">
              <availableLanguages readOnly="true">de,en,es,fr,it,pl</availableLanguages>
              <code>/PRC</code>
              <title>Private for-profit entities (excluding Higher or Secondary Education Establishments)</title>
            </category>
          </categories>
          <regions>
            <region type="relatedRegion">
              <name>Portugal</name>
              <nutsCode>PT</nutsCode>
              <euCode>PT</euCode>
              <isoCode>PT</isoCode>
              <rcn>427199016</rcn>
            </region>
          </regions>
        </relations>
      </organization>
      <organization ecContribution="155406" order="12" terminated="false" type="participant">
        <availableLanguages readOnly="true">en</availableLanguages>
        <rcn>2398618</rcn>
        <id>945027739</id>
        <vatNumber>ESB97162226</vatNumber>
        <legalName>NOVATEC DISEÑO E INDUSTRIALIZACION SL</legalName>
        <shortName>NOVATEC</shortName>
        <address>
          <street>CALLE GREGAL PG IND LOS VIENTOS 12 PORTAL D</street>
          <city>NAQUERA</city>
          <postalCode>46119</postalCode>
          <country>ES</country>
        </address>
        <relations>
          <categories>
            <category classification="organizationActivityType" type="relatedOrganizationActivityType">
              <availableLanguages readOnly="true">de,en,es,fr,it,pl</availableLanguages>
              <code>/PRC</code>
              <title>Private for-profit entities (excluding Higher or Secondary Education Establishments)</title>
            </category>
          </categories>
          <regions>
            <region type="relatedRegion">
              <name>Spain</name>
              <nutsCode>ES</nutsCode>
              <euCode>ES</euCode>
              <isoCode>ES</isoCode>
              <rcn>242387496</rcn>
            </region>
          </regions>
        </relations>
      </organization>
      <organization ecContribution="0" order="8" terminated="true" type="participant">
        <availableLanguages readOnly="true">en</availableLanguages>
        <rcn>1905756</rcn>
        <id>999901706</id>
        <vatNumber>FI02446794</vatNumber>
        <legalName>TEKNOLOGIAN TUTKIMUSKESKUS VTT</legalName>
        <shortName>VTT</shortName>
        <address>
          <street>TEKNIIKANTIE 4 A</street>
          <city>ESPOO</city>
          <postalCode>02044 VTT</postalCode>
          <country>FI</country>
          <postBox>1000</postBox>
          <url>www.vtt.fi</url>
        </address>
        <departmentName>Corporate Services</departmentName>
        <relations>
          <categories>
            <category classification="organizationActivityType" type="relatedOrganizationActivityType">
              <availableLanguages readOnly="true">de,en,es,fr,it,pl</availableLanguages>
              <code>/REC</code>
              <title>Research Organisations</title>
            </category>
          </categories>
          <regions>
            <region type="relatedRegion">
              <name>Finland</name>
              <nutsCode>FI</nutsCode>
              <euCode>FI</euCode>
              <isoCode>FI</isoCode>
              <rcn>256543272</rcn>
            </region>
          </regions>
        </relations>
      </organization>
      <organization ecContribution="478125" order="10" terminated="false" type="participant">
        <availableLanguages readOnly="true">en</availableLanguages>
        <rcn>2398616</rcn>
        <id>999708870</id>
        <vatNumber>PT506945901</vatNumber>
        <legalName>CAIXA MAGICA SOFTWARE SA</legalName>
        <shortName>CMS</shortName>
        <address>
          <street>RUA SOEIRO PEREIRA GOMES LOTE 1 4 B EDIFICIO ESPANHA</street>
          <city>LISBOA</city>
          <postalCode>1600 196</postalCode>
          <country>PT</country>
        </address>
        <relations>
          <categories>
            <category classification="organizationActivityType" type="relatedOrganizationActivityType">
              <availableLanguages readOnly="true">de,en,es,fr,it,pl</availableLanguages>
              <code>/PRC</code>
              <title>Private for-profit entities (excluding Higher or Secondary Education Establishments)</title>
            </category>
          </categories>
          <associations>
            <person type="relatedContact">
              <availableLanguages readOnly="true">en</availableLanguages>
              <rcn>3578846</rcn>
              <title>Dr.</title>
              <firstNames>Paulo</firstNames>
              <lastName>Trezentos</lastName>
              <address>
                <email encrypted="true">OPaFJQ/esjtgUWLyZPbuTq20btLUBQK5YzwMjWqiKDw=</email>
              </address>
            </person>
          </associations>
          <regions>
            <region type="relatedRegion">
              <name>Portugal</name>
              <nutsCode>PT</nutsCode>
              <euCode>PT</euCode>
              <isoCode>PT</isoCode>
              <rcn>427199016</rcn>
            </region>
          </regions>
        </relations>
      </organization>
      <organization ecContribution="550587.5" order="4" terminated="false" type="participant">
        <availableLanguages readOnly="true">en</availableLanguages>
        <rcn>1908646</rcn>
        <id>999581315</id>
        <vatNumber>ESF20079828</vatNumber>
        <legalName>IKERLAN S COOP</legalName>
        <shortName>IKERLAN</shortName>
        <address>
          <street>P JOSE MARIA ARIZMENDIARRIETA 2</street>
          <city>MONDRAGON</city>
          <postalCode>20500</postalCode>
          <country>ES</country>
          <url>www.ikerlan.es</url>
        </address>
        <departmentName>MICROSYSTEMS</departmentName>
        <relations>
          <categories>
            <category classification="organizationActivityType" type="relatedOrganizationActivityType">
              <availableLanguages readOnly="true">de,en,es,fr,it,pl</availableLanguages>
              <code>/REC</code>
              <title>Research Organisations</title>
            </category>
          </categories>
          <regions>
            <region type="relatedRegion">
              <name>Spain</name>
              <nutsCode>ES</nutsCode>
              <euCode>ES</euCode>
              <isoCode>ES</isoCode>
              <rcn>242387496</rcn>
            </region>
          </regions>
        </relations>
      </organization>
    <categories>
      <category classification="projectFundingSchemeCategory" type="relatedProjectFundingSchemeCategory">
        <availableLanguages readOnly="true">en</availableLanguages>
        <code>/RIA</code>
        <title>Research and Innovation action</title>
      </category>
    </categories>
