  <rcn>193251</rcn>
  <acronym>SUSFANS</acronym>
  <objective>Strengthening food and nutrition security (FNS) in the EU requires a move towards a diet that supports sustainable food consumption and production. To gauge the policy reforms needed for this major societal challenge, the SUSFANS-consortium will identify how food production and nutritional health in the EU can be aligned. The multidisciplinary research agenda of SUSFANS will build the conceptual framework, the evidence base and analytical tools for underpinning EU-wide food policies with respect to their impact on consumer diet and their implications for nutrition and public health, the environment, the competitiveness of the EU agri-food sectors, and global FNS. Based on a conceptual model of the food chain and its stakeholders, SUSFANS will develop suitable metrics and identify major drivers for sustainable FNS, integrate data and modelling, and develop foresight for European sustainable FNS.
Central asset is a coherent toolbox which integrates two complementary strands of state-of-the-art quantitative analysis: (i) micro-level modelling of nutrient intakes, habitual dietary patterns and preferences of individual consumers, and (ii) macro-level modelling of food demand and supply in the context of economic, environmental and demographic changes on various time-scales and for multiple sub-regions. The tools will bridge the current gap between policy analysis on the EU agri-food sector and the nutrition-health sector. Case studies and scenarios based on stakeholder input from consumers, food industry, farmers/fishermen, government and the scientific community, are instrumental in achieving this goal.
The project will provide a comprehensive set of tools for assessing sustainable FNS in Europe, centred around the implications of the current diet for the sustainability of production and consumption in the EU, and the options for the EU agri-food sector (including fisheries and aquaculture) to improve future diets in the near future (up to 5 years) and in the long run (one or more decades ahead).</objective>
  <title>Metrics, Models and Foresight for European Sustainable Food and Nutrition Security</title>
      <organization ecContribution="82500" order="8" terminated="false" type="participant">
        <availableLanguages readOnly="true">en</availableLanguages>
        <rcn>1908735</rcn>
        <id>999478689</id>
        <vatNumber>CZ75010330</vatNumber>
        <legalName>STATNI ZDRAVOTNI USTAV</legalName>
        <shortName>SZU</shortName>
        <address>
          <street>Srobarova 48</street>
          <city>PRAHA 10</city>
          <postalCode>10042</postalCode>
          <country>CZ</country>
          <url>www.szu.cz</url>
        </address>
        <relations>
          <categories>
            <category classification="organizationActivityType" type="relatedOrganizationActivityType">
              <availableLanguages readOnly="true">de,en,es,fr,it,pl</availableLanguages>
              <code>/REC</code>
              <title>Research Organisations</title>
            </category>
          </categories>
          <regions>
            <region type="relatedRegion">
              <name>Czech Republic</name>
              <nutsCode>CZ</nutsCode>
              <euCode>CZ</euCode>
              <isoCode>CZ</isoCode>
              <rcn>210668072</rcn>
            </region>
          </regions>
        </relations>
      </organization>
      <organization ecContribution="250000" order="4" terminated="false" type="participant">
        <availableLanguages readOnly="true">en</availableLanguages>
        <rcn>1907977</rcn>
        <id>999747670</id>
        <vatNumber>BE0424123986</vatNumber>
        <legalName>CENTRE FOR EUROPEAN POLICY STUDIES</legalName>
        <shortName>CEPS</shortName>
        <address>
          <street>PLACE DU CONGRES 1</street>
          <city>BRUXELLES</city>
          <postalCode>1000</postalCode>
          <country>BE</country>
          <postBox>000</postBox>
          <url>www.ceps.eu</url>
        </address>
        <relations>
          <categories>
            <category classification="organizationActivityType" type="relatedOrganizationActivityType">
              <availableLanguages readOnly="true">de,en,es,fr,it,pl</availableLanguages>
              <code>/REC</code>
              <title>Research Organisations</title>
            </category>
          </categories>
          <regions>
            <region type="relatedRegion">
              <name>Belgium</name>
              <nutsCode>BE</nutsCode>
              <euCode>BE</euCode>
              <isoCode>BE</isoCode>
              <rcn>188385832</rcn>
            </region>
          </regions>
        </relations>
      </organization>
      <organization ecContribution="247500" order="12" terminated="false" type="participant">
        <availableLanguages readOnly="true">en</availableLanguages>
        <rcn>1914156</rcn>
        <id>999692865</id>
        <legalName>INTERNATIONAL LIFE SCIENCES INSTITUTE EUROPEAN BRANCH AISBL</legalName>
        <shortName>ILSI</shortName>
        <address>
          <street>Av. E. Mounier 83</street>
          <city>BRUXELLES</city>
          <postalCode>1200</postalCode>
          <country>BE</country>
          <url>www.ilsi.eu</url>
        </address>
        <relations>
          <categories>
            <category classification="organizationActivityType" type="relatedOrganizationActivityType">
              <availableLanguages readOnly="true">de,en,es,fr,it,pl</availableLanguages>
              <code>/REC</code>
              <title>Research Organisations</title>
            </category>
          </categories>
          <regions>
            <region type="relatedRegion">
              <name>Belgium</name>
              <nutsCode>BE</nutsCode>
              <euCode>BE</euCode>
              <isoCode>BE</isoCode>
              <rcn>188385832</rcn>
            </region>
          </regions>
        </relations>
      </organization>
      <organization ecContribution="178750" order="13" terminated="false" type="participant">
        <availableLanguages readOnly="true">en</availableLanguages>
        <rcn>1905804</rcn>
        <id>999613422</id>
        <vatNumber>SE556464687401</vatNumber>
        <legalName>RISE RESEARCH INSTITUTES OF SWEDEN AB</legalName>
        <shortName>SP</shortName>
        <address>
          <street>BRINELLGATAN 4</street>
          <city>BORAS</city>
          <postalCode>501 15</postalCode>
          <country>SE</country>
          <postBox>857</postBox>
          <url>www.ri.se</url>
        </address>
        <departmentName>SP Electronics</departmentName>
        <relations>
          <categories>
            <category classification="organizationActivityType" type="relatedOrganizationActivityType">
              <availableLanguages readOnly="true">de,en,es,fr,it,pl</availableLanguages>
              <code>/REC</code>
              <title>Research Organisations</title>
            </category>
          </categories>
          <regions>
            <region type="relatedRegion">
              <name>Sweden</name>
              <nutsCode>SE</nutsCode>
              <euCode>SE</euCode>
              <isoCode>SE</isoCode>
              <rcn>473598504</rcn>
            </region>
          </regions>
        </relations>
      </organization>
      <organization ecContribution="80000" order="16" terminated="false" type="participant">
        <availableLanguages readOnly="true">en</availableLanguages>
        <rcn>2226101</rcn>
        <id>934887262</id>
        <vatNumber>FI02446292</vatNumber>
        <legalName>LUONNONVARAKESKUS</legalName>
        <shortName>Luke</shortName>
        <address>
          <street>LATOKARTANONKAARI 9</street>
          <city>HELSINKI</city>
          <postalCode>00790</postalCode>
          <country>FI</country>
          <postBox>2</postBox>
          <url>www.luke.fi</url>
        </address>
        <relations>
          <categories>
            <category classification="organizationActivityType" type="relatedOrganizationActivityType">
              <availableLanguages readOnly="true">de,en,es,fr,it,pl</availableLanguages>
              <code>/REC</code>
              <title>Research Organisations</title>
            </category>
          </categories>
          <regions>
            <region type="relatedRegion">
              <name>Finland</name>
              <nutsCode>FI</nutsCode>
              <euCode>FI</euCode>
              <isoCode>FI</isoCode>
              <rcn>256543272</rcn>
            </region>
          </regions>
        </relations>
      </organization>
      <organization ecContribution="0" order="15" terminated="false" type="participant">
        <availableLanguages readOnly="true">en</availableLanguages>
        <rcn>1912550</rcn>
        <id>998808710</id>
        <legalName>NATIONAL TAIWAN UNIVERSITY</legalName>
        <shortName>NTU</shortName>
        <address>
          <street>ROOSEVELT ROAD 1</street>
          <city>TAIPEI</city>
          <postalCode>10617</postalCode>
          <country>TW</country>
          <url>http://www.ntu.edu.tw</url>
        </address>
        <relations>
          <categories>
            <category classification="organizationActivityType" type="relatedOrganizationActivityType">
              <availableLanguages readOnly="true">de,en,es,fr,it,pl</availableLanguages>
              <code>/HES</code>
              <title>Higher or Secondary Education Establishments</title>
            </category>
          </categories>
          <regions>
            <region type="relatedRegion">
              <name>Taiwan</name>
              <nutsCode>TW</nutsCode>
              <euCode>TW</euCode>
              <isoCode>TW</isoCode>
              <rcn>495094312</rcn>
            </region>
          </regions>
        </relations>
      </organization>
      <organization ecContribution="626500" order="2" terminated="false" type="participant">
        <availableLanguages readOnly="true">en</availableLanguages>
        <rcn>1906404</rcn>
        <id>999980276</id>
        <vatNumber>DE122119125</vatNumber>
        <legalName>RHEINISCHE FRIEDRICH-WILHELMS-UNIVERSITAT BONN</legalName>
        <shortName>UBO</shortName>
        <address>
          <street>REGINA PACIS WEG 3</street>
          <city>BONN</city>
          <postalCode>53113</postalCode>
          <country>DE</country>
          <postBox>000</postBox>
          <url>www.uni-bonn.de</url>
        </address>
        <departmentName>Office for Research</departmentName>
        <relations>
          <categories>
            <category classification="organizationActivityType" type="relatedOrganizationActivityType">
              <availableLanguages readOnly="true">de,en,es,fr,it,pl</availableLanguages>
              <code>/HES</code>
              <title>Higher or Secondary Education Establishments</title>
            </category>
          </categories>
          <regions>
            <region type="relatedRegion">
              <name>Germany</name>
              <nutsCode>DE</nutsCode>
              <euCode>DE</euCode>
              <isoCode>DE</isoCode>
              <rcn>221940264</rcn>
            </region>
          </regions>
        </relations>
      </organization>
      <organization ecContribution="500000" order="7" terminated="false" type="participant">
        <availableLanguages readOnly="true">en</availableLanguages>
        <rcn>1907108</rcn>
        <id>999452596</id>
        <legalName>INTERNATIONALES INSTITUT FUER ANGEWANDTE SYSTEMANALYSE</legalName>
        <shortName>IIASA</shortName>
        <address>
          <street>Schlossplatz  1</street>
          <city>LAXENBURG</city>
          <postalCode>2361</postalCode>
          <country>AT</country>
          <url>www.iiasa.ac.at</url>
        </address>
        <departmentName>Integrated Modeling Environment Program</departmentName>
        <relations>
          <categories>
            <category classification="organizationActivityType" type="relatedOrganizationActivityType">
              <availableLanguages readOnly="true">de,en,es,fr,it,pl</availableLanguages>
              <code>/REC</code>
              <title>Research Organisations</title>
            </category>
          </categories>
          <regions>
            <region type="relatedRegion">
              <name>Austria</name>
              <nutsCode>AT</nutsCode>
              <euCode>AT</euCode>
              <isoCode>AT</isoCode>
              <rcn>175540776</rcn>
            </region>
          </regions>
        </relations>
      </organization>
      <organization ecContribution="145575" order="11" terminated="false" type="participant">
        <availableLanguages readOnly="true">en</availableLanguages>
        <rcn>1905565</rcn>
        <id>999990655</id>
        <vatNumber>DK30060946</vatNumber>
        <legalName>DANMARKS TEKNISKE UNIVERSITET</legalName>
        <shortName>DTU</shortName>
        <address>
          <street>ANKER ENGELUNDSVEJ 1 BYGNING 101 A</street>
          <city>KGS LYNGBY</city>
          <postalCode>2800</postalCode>
          <country>DK</country>
          <postBox>N/A</postBox>
          <url>www.dtu.dk</url>
        </address>
        <departmentName>Department of Photonics Engineering</departmentName>
        <relations>
          <categories>
            <category classification="organizationActivityType" type="relatedOrganizationActivityType">
              <availableLanguages readOnly="true">de,en,es,fr,it,pl</availableLanguages>
              <code>/HES</code>
              <title>Higher or Secondary Education Establishments</title>
            </category>
          </categories>
          <regions>
            <region type="relatedRegion">
              <name>Denmark</name>
              <nutsCode>DK</nutsCode>
              <euCode>DK</euCode>
              <isoCode>DK</isoCode>
              <rcn>223513128</rcn>
            </region>
          </regions>
        </relations>
      </organization>
      <organization order="5" ecContribution="600032.5" terminated="false" type="participant">
        <availableLanguages readOnly="true">en</availableLanguages>
        <rcn>1906458</rcn>
        <id>999981634</id>
        <vatNumber>NL811383696B01</vatNumber>
        <legalName>WAGENINGEN UNIVERSITY</legalName>
        <shortName>WU</shortName>
        <address>
          <street>DROEVENDAALSESTEEG 4</street>
          <city>WAGENINGEN</city>
          <postalCode>6708 PB</postalCode>
          <country>NL</country>
          <postBox>9101</postBox>
          <url>http://www.wageningenur.nl/nl.htm</url>
        </address>
        <departmentName>Agrotechnology and Food Science Group</departmentName>
        <relations>
          <categories>
            <category classification="organizationActivityType" type="relatedOrganizationActivityType">
              <availableLanguages readOnly="true">de,en,es,fr,it,pl</availableLanguages>
              <code>/HES</code>
              <title>Higher or Secondary Education Establishments</title>
            </category>
          </categories>
          <regions>
            <region type="relatedRegion">
              <name>Netherlands</name>
              <nutsCode>NL</nutsCode>
              <euCode>NL</euCode>
              <isoCode>NL</isoCode>
              <rcn>391547432</rcn>
            </region>
          </regions>
        </relations>
      </organization>
      <organization ecContribution="349969" order="6" terminated="false" type="participant">
        <availableLanguages readOnly="true">en</availableLanguages>
        <rcn>1905556</rcn>
        <id>999984350</id>
        <vatNumber>GB125506730</vatNumber>
        <legalName>THE CHANCELLOR, MASTERS AND SCHOLARS OF THE UNIVERSITY OF OXFORD</legalName>
        <shortName>UOXF</shortName>
        <address>
          <street>WELLINGTON SQUARE UNIVERSITY OFFICES</street>
          <city>OXFORD</city>
          <postalCode>OX1 2JD</postalCode>
          <country>UK</country>
          <postBox>N/A</postBox>
          <url>www.ox.ac.uk</url>
        </address>
        <departmentName>Research Services</departmentName>
        <relations>
          <categories>
            <category classification="organizationActivityType" type="relatedOrganizationActivityType">
              <availableLanguages readOnly="true">de,en,es,fr,it,pl</availableLanguages>
              <code>/HES</code>
              <title>Higher or Secondary Education Establishments</title>
            </category>
          </categories>
          <regions>
            <region type="relatedRegion">
              <name>United Kingdom</name>
              <nutsCode>UK</nutsCode>
              <euCode>UK</euCode>
              <isoCode>GB</isoCode>
              <rcn>508725800</rcn>
            </region>
          </regions>
        </relations>
      </organization>
      <organization ecContribution="298620" order="3" terminated="false" type="participant">
        <availableLanguages readOnly="true">en</availableLanguages>
        <rcn>1906233</rcn>
        <id>999993274</id>
        <vatNumber>FR57180070039</vatNumber>
        <legalName>INSTITUT NATIONAL DE LA RECHERCHE AGRONOMIQUE</legalName>
        <shortName>INRA</shortName>
        <address>
          <street>Rue De L'Universite  147</street>
          <city>PARIS CEDEX 07</city>
          <postalCode>75338</postalCode>
          <country>FR</country>
          <url>www.inra.fr</url>
        </address>
        <departmentName>INRA</departmentName>
        <departmentName> Centre de Versailles grignon</departmentName>
        <relations>
          <categories>
            <category classification="organizationActivityType" type="relatedOrganizationActivityType">
              <availableLanguages readOnly="true">de,en,es,fr,it,pl</availableLanguages>
              <code>/REC</code>
              <title>Research Organisations</title>
            </category>
          </categories>
          <regions>
            <region type="relatedRegion">
              <name>France</name>
              <nutsCode>FR</nutsCode>
              <euCode>FR</euCode>
              <isoCode>FR</isoCode>
              <rcn>258902568</rcn>
            </region>
          </regions>
        </relations>
      </organization>
      <organization ecContribution="108750" order="10" terminated="false" type="participant">
        <availableLanguages readOnly="true">en</availableLanguages>
        <rcn>1906420</rcn>
        <id>999531360</id>
        <vatNumber>IT08183101008</vatNumber>
        <legalName>CONSIGLIO PER LA RICERCA IN AGRICOLTURA E L'ANALISI DELL'ECONOMIA AGRARIA</legalName>
        <shortName>CREA</shortName>
        <address>
          <street>VIA PO 14</street>
          <city>ROMA</city>
          <postalCode>00198</postalCode>
          <country>IT</country>
          <postBox>000</postBox>
          <url>http://www.entecra.it</url>
        </address>
        <relations>
          <categories>
            <category classification="organizationActivityType" type="relatedOrganizationActivityType">
              <availableLanguages readOnly="true">de,en,es,fr,it,pl</availableLanguages>
              <code>/REC</code>
              <title>Research Organisations</title>
            </category>
          </categories>
          <regions>
            <region type="relatedRegion">
              <name>Italy</name>
              <nutsCode>IT</nutsCode>
              <euCode>IT</euCode>
              <isoCode>IT</isoCode>
              <rcn>309758504</rcn>
            </region>
          </regions>
        </relations>
      </organization>
      <organization ecContribution="110125" order="9" terminated="false" type="participant">
        <availableLanguages readOnly="true">en</availableLanguages>
        <rcn>1909206</rcn>
        <id>983552356</id>
        <vatNumber>FR54130012024</vatNumber>
        <legalName>AGENCE NATIONALE DE LA SECURITE SANITAIRE DE L ALIMENTATION DE L ENVIRONNEMENT ET DU TRAVAIL</legalName>
        <shortName>ANSES</shortName>
        <address>
          <street>14 RUE PIERRE ET MARIE CURIE</street>
          <city>MAISONS ALFORT</city>
          <postalCode>94700</postalCode>
          <country>FR</country>
          <url>www.anses.fr</url>
        </address>
        <relations>
          <categories>
            <category classification="organizationActivityType" type="relatedOrganizationActivityType">
              <availableLanguages readOnly="true">de,en,es,fr,it,pl</availableLanguages>
              <code>/REC</code>
              <title>Research Organisations</title>
            </category>
          </categories>
          <regions>
            <region type="relatedRegion">
              <name>France</name>
              <nutsCode>FR</nutsCode>
              <euCode>FR</euCode>
              <isoCode>FR</isoCode>
              <rcn>258902568</rcn>
            </region>
          </regions>
        </relations>
      </organization>
      <organization ecContribution="1171671.5" order="1" terminated="false" type="coordinator">
        <availableLanguages readOnly="true">en</availableLanguages>
        <rcn>1906407</rcn>
        <id>999547365</id>
        <vatNumber>NL806511618B01</vatNumber>
        <legalName>STICHTING WAGENINGEN RESEARCH</legalName>
        <shortName>WR</shortName>
        <address>
          <street>DROEVENDAALSESTEEG 4</street>
          <city>WAGENINGEN</city>
          <postalCode>6708 PB</postalCode>
          <country>NL</country>
          <postBox>9101</postBox>
          <url>http://www.wageningenur.nl/nl.htm</url>
        </address>
        <departmentName>LEI Wageningen UR</departmentName>
        <relations>
          <categories>
            <category classification="organizationActivityType" type="relatedOrganizationActivityType">
              <availableLanguages readOnly="true">de,en,es,fr,it,pl</availableLanguages>
              <code>/REC</code>
              <title>Research Organisations</title>
            </category>
          </categories>
          <regions>
            <region type="relatedRegion">
              <name>Netherlands</name>
              <nutsCode>NL</nutsCode>
              <euCode>NL</euCode>
              <isoCode>NL</isoCode>
              <rcn>391547432</rcn>
            </region>
          </regions>
        </relations>
      </organization>
      <organization ecContribution="250000" order="14" terminated="false" type="participant">
        <availableLanguages readOnly="true">en</availableLanguages>
        <rcn>1905798</rcn>
        <id>999992304</id>
        <legalName>JRC -JOINT RESEARCH CENTRE- EUROPEAN COMMISSION</legalName>
        <shortName>JRC</shortName>
        <address>
          <street>Rue de la Loi 200</street>
          <city>BRUSSELS</city>
          <postalCode>1049</postalCode>
          <country>BE</country>
          <url>http://www.jrc.ec.europa.eu</url>
        </address>
        <departmentName>Management Support Unit</departmentName>
        <relations>
          <categories>
            <category classification="organizationActivityType" type="relatedOrganizationActivityType">
              <availableLanguages readOnly="true">de,en,es,fr,it,pl</availableLanguages>
              <code>/REC</code>
              <title>Research Organisations</title>
            </category>
          </categories>
          <regions>
            <region type="relatedRegion">
              <name>Belgium</name>
              <nutsCode>BE</nutsCode>
              <euCode>BE</euCode>
              <isoCode>BE</isoCode>
              <rcn>188385832</rcn>
            </region>
          </regions>
        </relations>
      </organization>
    <categories>
      <category classification="projectFundingSchemeCategory" type="relatedProjectFundingSchemeCategory">
        <availableLanguages readOnly="true">en</availableLanguages>
        <code>/RIA</code>
        <title>Research and Innovation action</title>
      </category>
    </categories>
