  <rcn>193157</rcn>
  <acronym>ERC-EuropePMC-1-2014</acronym>
  <objective>"The proposed action will provide continued support to the European Research Council (ERC) in the implementation of its Open Access strategy for projects funded in the Life Sciences domain. It follows on from the project ""Support towards the Europe PMC initiative-Contribution for 2013""(ERC-EuropePMC-SUP-2013) which has allowed the ERC to offer the benefits of Europe PMC to its funded researchers for the first time in 2013. The ERC Open Access strategy, and how the present project will assist the ERC in its implementation, is explained below"</objective>
  <title>Support towards the Europe PMC initiative-Contribution for 2014-2016</title>
      <organization ecContribution="230000" order="1" terminated="false" type="coordinator">
        <availableLanguages readOnly="true">en</availableLanguages>
        <rcn>2114706</rcn>
        <id>999905974</id>
        <vatNumber>GB744495211</vatNumber>
        <legalName>THE WELLCOME TRUST LIMITED</legalName>
        <shortName>WELLCOME TRUST</shortName>
        <address>
          <street>GIBBS BUILDING, EUSTON ROAD 215</street>
          <city>LONDON</city>
          <postalCode>NW1 2BE</postalCode>
          <country>UK</country>
          <url>www.wellcome.ac.uk</url>
        </address>
        <departmentName>Digital Services</departmentName>
        <relations>
          <categories>
            <category classification="organizationActivityType" type="relatedOrganizationActivityType">
              <availableLanguages readOnly="true">de,en,es,fr,it,pl</availableLanguages>
              <code>/PRC</code>
              <title>Private for-profit entities (excluding Higher or Secondary Education Establishments)</title>
            </category>
          </categories>
          <regions>
            <region type="relatedRegion">
              <name>United Kingdom</name>
              <nutsCode>UK</nutsCode>
              <euCode>UK</euCode>
              <isoCode>GB</isoCode>
              <rcn>508725800</rcn>
            </region>
          </regions>
        </relations>
      </organization>
    <categories>
      <category classification="projectFundingSchemeCategory" type="relatedProjectFundingSchemeCategory">
        <availableLanguages readOnly="true">en</availableLanguages>
        <code>/CSA</code>
        <title>Coordination and support action</title>
      </category>
    </categories>
