  <rcn>193605</rcn>
  <acronym>BeeDanceGap</acronym>
  <objective>Learning from others is fundamental to ecological success across the animal kingdom, but a key theme to emerge from recent research is that individuals respond differently to social information. Understanding this diversity is an imposing challenge, because it is hard to replicate the overwhelming complexity of free-living groups within controlled laboratory conditions. Yet here I propose that one of the most complex social models that we know of— the sophisticated eusocial societies of honeybees— offer unrivaled and yet unrecognized potential to study social information flow through a natural group. The honeybee “dance language” is one of the most celebrated communication systems in the animal world, and central to a powerful information network that drives our most high-profile pollinator to food, but bee colonies are uniquely tractable for two reasons. Firstly, next-generation transcriptomics could allow us to delve deep into this complexity at the molecular level, on a scale that is simply not available in vertebrate social systems. I propose to track information flow through a natural group using brain gene expression profiles, to understand how dances elicit learning in the bee brain. Secondly, although bee foraging ranges are vast and diverse, social learning takes place in one centralized location (the hive). The social sciences now offer powerful new tools to analyze social networks, and I will use a cutting-edge network-based modelling approach to understand how the importance of social learning mechanisms shifts with ecology. In the face of global pollinator decline, understanding the contribution of foraging drivers to colony success has never been more pressing, but the importance of the dance language reaches far beyond food security concerns. This research integrates proximate and ultimate perspectives to produce a comprehensive, multi-disciplinary program; a high-risk, high-gain journey into new territory for understanding animal communication.</objective>
  <title>Honeybee communication: animal social learning at the height of social complexity</title>
      <organization ecContribution="49891" order="4" terminated="false" type="participant">
        <availableLanguages readOnly="true">en</availableLanguages>
        <rcn>1906965</rcn>
        <id>999975426</id>
        <vatNumber>GB613451470</vatNumber>
        <legalName>UNIVERSITY OF LEEDS</legalName>
        <shortName>UNIVLEEDS</shortName>
        <address>
          <street>WOODHOUSE LANE</street>
          <city>LEEDS</city>
          <postalCode>LS2 9JT</postalCode>
          <country>UK</country>
          <postBox>000</postBox>
          <url>www.leeds.ac.uk</url>
        </address>
        <departmentName>Environment Faculty Research Office</departmentName>
        <relations>
          <categories>
            <category classification="organizationActivityType" type="relatedOrganizationActivityType">
              <availableLanguages readOnly="true">de,en,es,fr,it,pl</availableLanguages>
              <code>/HES</code>
              <title>Higher or Secondary Education Establishments</title>
            </category>
          </categories>
          <regions>
            <region type="relatedRegion">
              <name>United Kingdom</name>
              <nutsCode>UK</nutsCode>
              <euCode>UK</euCode>
              <isoCode>GB</isoCode>
              <rcn>508725800</rcn>
            </region>
          </regions>
        </relations>
      </organization>
      <organization ecContribution="0" order="2" terminated="true" type="participant">
        <availableLanguages readOnly="true">en</availableLanguages>
        <rcn>1907078</rcn>
        <id>999974262</id>
        <vatNumber>GB991261800</vatNumber>
        <legalName>UNIVERSITY OF BRISTOL</legalName>
        <shortName>UNIVBRIS</shortName>
        <address>
          <street>TYNDALL AVENUE SENATE HOUSE</street>
          <city>BRISTOL</city>
          <postalCode>BS8 1TH</postalCode>
          <country>UK</country>
          <postBox>000</postBox>
          <url>www.bristol.ac.uk</url>
        </address>
        <departmentName>Finance Services</departmentName>
        <relations>
          <categories>
            <category classification="organizationActivityType" type="relatedOrganizationActivityType">
              <availableLanguages readOnly="true">de,en,es,fr,it,pl</availableLanguages>
              <code>/HES</code>
              <title>Higher or Secondary Education Establishments</title>
            </category>
          </categories>
          <regions>
            <region type="relatedRegion">
              <name>United Kingdom</name>
              <nutsCode>UK</nutsCode>
              <euCode>UK</euCode>
              <isoCode>GB</isoCode>
              <rcn>508725800</rcn>
            </region>
          </regions>
        </relations>
      </organization>
      <organization ecContribution="24862.25" order="5" terminated="false" type="participant">
        <availableLanguages readOnly="true">en</availableLanguages>
        <rcn>1906225</rcn>
        <id>999975620</id>
        <vatNumber>GB524371168</vatNumber>
        <legalName>UNIVERSITY COLLEGE LONDON</legalName>
        <shortName>UCL</shortName>
        <address>
          <street>GOWER STREET</street>
          <city>LONDON</city>
          <postalCode>WC1E 6BT</postalCode>
          <country>UK</country>
          <postBox>000</postBox>
          <url>http://www.ucl.ac.uk</url>
        </address>
        <departmentName>European Research and Innovation Office</departmentName>
        <relations>
          <categories>
            <category classification="organizationActivityType" type="relatedOrganizationActivityType">
              <availableLanguages readOnly="true">de,en,es,fr,it,pl</availableLanguages>
              <code>/HES</code>
              <title>Higher or Secondary Education Establishments</title>
            </category>
          </categories>
          <regions>
            <region type="relatedRegion">
              <name>United Kingdom</name>
              <nutsCode>UK</nutsCode>
              <euCode>UK</euCode>
              <isoCode>GB</isoCode>
              <rcn>508725800</rcn>
            </region>
          </regions>
        </relations>
      </organization>
      <organization ecContribution="54884.5" order="3" terminated="false" type="participant">
        <availableLanguages readOnly="true">en</availableLanguages>
        <rcn>1905573</rcn>
        <id>999847677</id>
        <vatNumber>GB248837911</vatNumber>
        <legalName>QUEEN MARY UNIVERSITY OF LONDON</legalName>
        <shortName>QMUL</shortName>
        <address>
          <street>327 MILE END ROAD</street>
          <city>LONDON</city>
          <postalCode>E1 4NS</postalCode>
          <country>UK</country>
          <postBox>N/A</postBox>
          <url>www.qmul.ac.uk</url>
        </address>
        <departmentName>Joint Research Management Office</departmentName>
        <relations>
          <categories>
            <category classification="organizationActivityType" type="relatedOrganizationActivityType">
              <availableLanguages readOnly="true">de,en,es,fr,it,pl</availableLanguages>
              <code>/HES</code>
              <title>Higher or Secondary Education Establishments</title>
            </category>
          </categories>
          <regions>
            <region type="relatedRegion">
              <name>United Kingdom</name>
              <nutsCode>UK</nutsCode>
              <euCode>UK</euCode>
              <isoCode>GB</isoCode>
              <rcn>508725800</rcn>
            </region>
          </regions>
        </relations>
      </organization>
      <organization ecContribution="1292372.45" order="1" terminated="false" type="coordinator">
        <availableLanguages readOnly="true">en</availableLanguages>
        <rcn>1906217</rcn>
        <id>999861451</id>
        <vatNumber>GB212327410</vatNumber>
        <legalName>ROYAL HOLLOWAY AND BEDFORD NEW COLLEGE</legalName>
        <shortName>RHUL</shortName>
        <address>
          <street>EGHAM HILL UNIVERSITY OF LONDON</street>
          <city>EGHAM</city>
          <postalCode>TW20 0EX</postalCode>
          <country>UK</country>
          <postBox>000</postBox>
          <url>http://www.rhul.ac.uk</url>
        </address>
        <departmentName>Finance</departmentName>
        <relations>
          <categories>
            <category classification="organizationActivityType" type="relatedOrganizationActivityType">
              <availableLanguages readOnly="true">de,en,es,fr,it,pl</availableLanguages>
              <code>/HES</code>
              <title>Higher or Secondary Education Establishments</title>
            </category>
          </categories>
          <regions>
            <region type="relatedRegion">
              <name>United Kingdom</name>
              <nutsCode>UK</nutsCode>
              <euCode>UK</euCode>
              <isoCode>GB</isoCode>
              <rcn>508725800</rcn>
            </region>
          </regions>
        </relations>
      </organization>
    <categories>
      <category classification="projectFundingSchemeCategory" type="relatedProjectFundingSchemeCategory">
        <availableLanguages readOnly="true">en</availableLanguages>
        <code>/ERC-STG</code>
        <title>Starting Grant</title>
      </category>
    </categories>
