  <rcn>193648</rcn>
  <acronym>Oscillations</acronym>
  <objective>This project aims to reveal the origin and principal functions of spatiotemporal signalling oscillations in the context of embryonic development. Vertebrate embryo segmentation offers a particularly suitable context to study an assembly of ultradian, genetic oscillators, which in addition, exhibit striking synchronization that generates periodic, wave-like patterns. 

Using the mouse model, in which three major signalling pathways (Wnt, Notch and Fgf) have been found to oscillate in activity with a period of ~2 hours, we aim to address the following key questions: How do signalling gradients control higher-order, spatiotemporal synchronization of genetic oscillators? What is the role of self-organization? What is the function of spatiotemporal signalling dynamics that are phase-shifted between multiple pathways for developmental patterning? To address these challenging questions, we bring together a unique combination of quantitative real-time imaging, novel ex vivo assays and multi-modal, i.e. genetic, chemical and physical functional perturbations. 

To this end, we propose to employ customized knock-in reporter mouse lines developed in my lab and cutting edge microscopy for simultaneous quantification of multiple, oscillating signaling pathway activities and protein dynamics. We aim to combine these dynamic quantification with novel functional perturbations which are made possible due to a critical technical breakthrough achieved in my lab: an ex vivo primary cell culture assay that recapitulates mouse mesoderm patterning, including complex oscillatory wave patterns, and segment formation, in a simplified, 2-dimensional (2D) context. This ex vivo assay will allow an unprecedented versatility of (time-resolved) perturbations and simultaneous quantitative, dynamic read-out at both molecular and phenotypic level. 

Our approach thus has an outstanding potential and is ideally positioned to reveal how temporal order emerges and impacts on developmental patterning.</objective>
  <title>Oscillatory signaling dynamics – a quantitative approach to reveal their origin and function in development</title>
      <organization ecContribution="1439919" order="1" terminated="false" type="coordinator">
        <availableLanguages readOnly="true">en</availableLanguages>
        <rcn>1906282</rcn>
        <id>999988230</id>
        <legalName>EUROPEAN MOLECULAR BIOLOGY LABORATORY</legalName>
        <shortName>EMBL</shortName>
        <address>
          <street>Meyerhofstrasse  1</street>
          <city>HEIDELBERG</city>
          <postalCode>69117</postalCode>
          <country>DE</country>
          <postBox>N/A</postBox>
          <url>http://www.embl.de</url>
        </address>
        <departmentName>European Bioinformatics Institute</departmentName>
        <relations>
          <categories>
            <category classification="organizationActivityType" type="relatedOrganizationActivityType">
              <availableLanguages readOnly="true">de,en,es,fr,it,pl</availableLanguages>
              <code>/REC</code>
              <title>Research Organisations</title>
            </category>
          </categories>
          <regions>
            <region type="relatedRegion">
              <name>Germany</name>
              <nutsCode>DE</nutsCode>
              <euCode>DE</euCode>
              <isoCode>DE</isoCode>
              <rcn>221940264</rcn>
            </region>
          </regions>
        </relations>
      </organization>
    <categories>
      <category classification="projectFundingSchemeCategory" type="relatedProjectFundingSchemeCategory">
        <availableLanguages readOnly="true">en</availableLanguages>
        <code>/ERC-STG</code>
        <title>Starting Grant</title>
      </category>
    </categories>
