  <rcn>193375</rcn>
  <acronym>ETC</acronym>
  <objective>"The European Travellers Club is a programme by and for European transport ticketing schemes or operators, travellers organizations and technology providers to create seamless account-based traveling across the European Union. 

The programme is traveller-centric, meaning that the travelers will be in control of their preferences and privacy. While it includes innovative technological concepts, it is expressly designed to work with existing e-ticketing infrastructures in member states (Calypso, VDV, ITSO etc) as well as new possibilities (such as EMV-contactless, smart tokens etc). The ""eco-system"" will be open for all potential suppliers through an open architecture with clear interfaces and standardized protocols. The architecture is such that it allows for a smooth integration with travel planning and booking tools, journey information and integration with other uses of e-identity, e-payment and e-ticketing.

The programme consists of: 
(1) the governance structure of the European Travellers Club and National or Regional Travellers Clubs that ensures interoperability and traveller-in-control privacy, while avoiding a suppliers lock-in.
(2) the technological development of our solutions for secure and fast identification in transport, our authentication and routing functionality between schemes, our solutions for privacy using derived-identities and personal storage options, and our integration with smart phones, NFC mobile phones, and EMV-contactless.
(3) the European Travellers Lab in which our member schemes can develop and test use cases, business rules, and interoperability across schemes and identifiers.
(4) the standards and interfaces that allow members of one (national) Travellers Club to consult, through their own portal and in their own language, the travel planning and booking tools mediated through a Travellers Club in another country.
"</objective>
  <title>The European Travellers Club: Account-Based Travelling across the European Union</title>
      <organization ecContribution="680000" order="2" terminated="false" type="participant">
        <availableLanguages readOnly="true">en</availableLanguages>
        <rcn>2354409</rcn>
        <id>999688888</id>
        <vatNumber>DE241694352</vatNumber>
        <legalName>VDV eTicket Service GMBH &amp; CO. KG</legalName>
        <shortName>ETS</shortName>
        <address>
          <street>Hohenzollernring 103</street>
          <city>KOELN</city>
          <postalCode>50672</postalCode>
          <country>DE</country>
        </address>
        <departmentName>KA</departmentName>
        <relations>
          <categories>
            <category classification="organizationActivityType" type="relatedOrganizationActivityType">
              <availableLanguages readOnly="true">de,en,es,fr,it,pl</availableLanguages>
              <code>/PRC</code>
              <title>Private for-profit entities (excluding Higher or Secondary Education Establishments)</title>
            </category>
          </categories>
          <regions>
            <region type="relatedRegion">
              <name>Germany</name>
              <nutsCode>DE</nutsCode>
              <euCode>DE</euCode>
              <isoCode>DE</isoCode>
              <rcn>221940264</rcn>
            </region>
          </regions>
        </relations>
      </organization>
      <organization ecContribution="630000" order="6" terminated="false" type="participant">
        <availableLanguages readOnly="true">en</availableLanguages>
        <rcn>2354413</rcn>
        <id>936766637</id>
        <vatNumber>NL810814341B01</vatNumber>
        <legalName>TRANS LINK SYSTEMS BV</legalName>
        <shortName>TLS</shortName>
        <address>
          <street>STATIONSPLEIN 151</street>
          <city>AMERSFOORT</city>
          <postalCode>3818 LE</postalCode>
          <country>NL</country>
        </address>
        <relations>
          <categories>
            <category classification="organizationActivityType" type="relatedOrganizationActivityType">
              <availableLanguages readOnly="true">de,en,es,fr,it,pl</availableLanguages>
              <code>/PRC</code>
              <title>Private for-profit entities (excluding Higher or Secondary Education Establishments)</title>
            </category>
          </categories>
          <regions>
            <region type="relatedRegion">
              <name>Netherlands</name>
              <nutsCode>NL</nutsCode>
              <euCode>NL</euCode>
              <isoCode>NL</isoCode>
              <rcn>391547432</rcn>
            </region>
          </regions>
        </relations>
      </organization>
      <organization ecContribution="0" order="3" terminated="false" type="participant">
        <availableLanguages readOnly="true">en</availableLanguages>
        <rcn>2068277</rcn>
        <id>954022064</id>
        <vatNumber>ATU66356800</vatNumber>
        <legalName>NXP SEMICONDUCTORS AUSTRIA GMBH</legalName>
        <shortName>NXP AT</shortName>
        <address>
          <street>Mikron-Weg  1</street>
          <city>Gratkorn</city>
          <postalCode>8101</postalCode>
          <country>AT</country>
          <url>www.nxp.com</url>
        </address>
        <relations>
          <categories>
            <category classification="organizationActivityType" type="relatedOrganizationActivityType">
              <availableLanguages readOnly="true">de,en,es,fr,it,pl</availableLanguages>
              <code>/PRC</code>
              <title>Private for-profit entities (excluding Higher or Secondary Education Establishments)</title>
            </category>
          </categories>
          <regions>
            <region type="relatedRegion">
              <name>Austria</name>
              <nutsCode>AT</nutsCode>
              <euCode>AT</euCode>
              <isoCode>AT</isoCode>
              <rcn>175540776</rcn>
            </region>
          </regions>
        </relations>
      </organization>
      <organization ecContribution="165000" order="4" terminated="false" type="participant">
        <availableLanguages readOnly="true">en</availableLanguages>
        <rcn>2354411</rcn>
        <id>950561686</id>
        <vatNumber>LU20730928</vatNumber>
        <legalName>COMMUNAUTE DES TRANSPORTS</legalName>
        <shortName>CdT</shortName>
        <address>
          <street>BOULEVARD ROYAL 25B</street>
          <city>LUXEMBOURG</city>
          <postalCode>2449</postalCode>
          <country>LU</country>
        </address>
        <relations>
          <categories>
            <category classification="organizationActivityType" type="relatedOrganizationActivityType">
              <availableLanguages readOnly="true">de,en,es,fr,it,pl</availableLanguages>
              <code>/PUB</code>
              <title>Public bodies (excluding Research Organisations and Secondary or Higher Education Establishments)</title>
            </category>
          </categories>
          <regions>
            <region type="relatedRegion">
              <name>Luxembourg</name>
              <nutsCode>LU</nutsCode>
              <euCode>LU</euCode>
              <isoCode>LU</isoCode>
              <rcn>360352296</rcn>
            </region>
          </regions>
        </relations>
      </organization>
      <organization ecContribution="2567500" order="1" terminated="false" type="coordinator">
        <availableLanguages readOnly="true">en</availableLanguages>
        <rcn>2354408</rcn>
        <id>943039142</id>
        <vatNumber>NL821844088B01</vatNumber>
        <legalName>STICHTING ACCEPT INSTITUTE</legalName>
        <shortName>OTI</shortName>
        <address>
          <street>STATIONSPLEIN 61</street>
          <city>AMERSFOORT</city>
          <postalCode>3818 LE</postalCode>
          <country>NL</country>
        </address>
        <relations>
          <categories>
            <category classification="organizationActivityType" type="relatedOrganizationActivityType">
              <availableLanguages readOnly="true">de,en,es,fr,it,pl</availableLanguages>
              <code>/OTH</code>
              <title>Other</title>
            </category>
          </categories>
          <regions>
            <region type="relatedRegion">
              <name>Netherlands</name>
              <nutsCode>NL</nutsCode>
              <euCode>NL</euCode>
              <isoCode>NL</isoCode>
              <rcn>391547432</rcn>
            </region>
          </regions>
        </relations>
      </organization>
      <organization ecContribution="457500" order="5" terminated="false" type="participant">
        <availableLanguages readOnly="true">en</availableLanguages>
        <rcn>2090582</rcn>
        <id>952328250</id>
        <vatNumber>NL809076147B01</vatNumber>
        <legalName>UL TS BV</legalName>
        <shortName>UL TS BV</shortName>
        <address>
          <street>DE HEYDERWEG 2</street>
          <city>LEIDEN</city>
          <postalCode>2314 XZ</postalCode>
          <country>NL</country>
          <url>www.ul-ts.com</url>
        </address>
        <relations>
          <categories>
            <category classification="organizationActivityType" type="relatedOrganizationActivityType">
              <availableLanguages readOnly="true">de,en,es,fr,it,pl</availableLanguages>
              <code>/PRC</code>
              <title>Private for-profit entities (excluding Higher or Secondary Education Establishments)</title>
            </category>
          </categories>
          <regions>
            <region type="relatedRegion">
              <name>Netherlands</name>
              <nutsCode>NL</nutsCode>
              <euCode>NL</euCode>
              <isoCode>NL</isoCode>
              <rcn>391547432</rcn>
            </region>
          </regions>
        </relations>
      </organization>
    <categories>
      <category classification="projectFundingSchemeCategory" type="relatedProjectFundingSchemeCategory">
        <availableLanguages readOnly="true">en</availableLanguages>
        <code>/RIA</code>
        <title>Research and Innovation action</title>
      </category>
    </categories>
