  <rcn>193468</rcn>
  <acronym>ECO-Binder</acronym>
  <objective>Concrete is the most widely used man-made material on Earth, with an annual consumption of around 10 billion m³. However, its fabrication is characterized by total CO2 emissions amounting to around 5% of the worldwide anthropogenic GHG emissions. More sustainable cements with lower embodied energy and CO2 footprint are needed.
As stated in the European Directive on Energy Performance of Buildings (COM 2010/31/EU), the development of better performing insulation materials and lightweight systems for building envelopes is crucial, playing a significant role in the reduction of buildings operational energy while complying with the load bearing features of existing building structures.
The ECO-binder project aims to implement industrial R&amp;D activities on the results of previous research, demonstrating the possibility of replacing Ordinary Portland Cement (OPC) and OPC based concrete products with new ones based on the new Belite-Ye’elimite-Ferrite (BYF) class of low-CO2 binders to develop a new generation of concrete-based construction materials and prefabricated building envelope components with more than 30% lower embodied energy, 20% improved insulation properties and 15% lower cost than the actual solutions based on Portland cement. The new building envelope solutions will integrate multiple functions in a single product package, providing the higher performances in terms of acoustic insulation/absorption, fire resistance, dimensional stability, indoor air quality optimization, at an affordable cost.  Demonstration of full-scale retrofitting  and construction will be performed prototyping and installing a family of prefabricated concrete systems of different complexity and end-use in four different climatic conditions involving public authorities.. Results will be validated through dedicated LCAs, fostering the construction materials sector progress towards increased performing and eco-sustainable products.</objective>
  <title>Development of insulating concrete systems based on novel low CO2 binders for a new family of eco-innovative, durable and standardized energy efficient envelope components</title>
      <organization ecContribution="41250" order="14" terminated="false" type="participant">
        <availableLanguages readOnly="true">en</availableLanguages>
        <rcn>2398904</rcn>
        <id>937417216</id>
        <legalName>MUNICIPIUL DROBETA TURNU SEVERIN</legalName>
        <shortName>SEV</shortName>
        <address>
          <street>MARESAL AVERESCU 2</street>
          <city>DROBETA TURNU SEVERIN</city>
          <postalCode>220131</postalCode>
          <country>RO</country>
        </address>
        <relations>
          <categories>
            <category classification="organizationActivityType" type="relatedOrganizationActivityType">
              <availableLanguages readOnly="true">de,en,es,fr,it,pl</availableLanguages>
              <code>/PUB</code>
              <title>Public bodies (excluding Research Organisations and Secondary or Higher Education Establishments)</title>
            </category>
          </categories>
          <regions>
            <region type="relatedRegion">
              <name>Romania</name>
              <nutsCode>RO</nutsCode>
              <euCode>RO</euCode>
              <isoCode>RO</isoCode>
              <rcn>459442728</rcn>
            </region>
          </regions>
        </relations>
      </organization>
      <organization ecContribution="737100" order="4" terminated="false" type="participant">
        <availableLanguages readOnly="true">en</availableLanguages>
        <rcn>2398894</rcn>
        <id>949203007</id>
        <vatNumber>FR92057505539</vatNumber>
        <legalName>VICAT</legalName>
        <shortName>Vicat</shortName>
        <address>
          <street>6 PLACE DE L IRIS TOUR MANHATTAN</street>
          <city>PARIS LA DEFENSE</city>
          <postalCode>92095</postalCode>
          <country>FR</country>
        </address>
        <relations>
          <categories>
            <category classification="organizationActivityType" type="relatedOrganizationActivityType">
              <availableLanguages readOnly="true">de,en,es,fr,it,pl</availableLanguages>
              <code>/PRC</code>
              <title>Private for-profit entities (excluding Higher or Secondary Education Establishments)</title>
            </category>
          </categories>
          <regions>
            <region type="relatedRegion">
              <name>France</name>
              <nutsCode>FR</nutsCode>
              <euCode>FR</euCode>
              <isoCode>FR</isoCode>
              <rcn>258902568</rcn>
            </region>
          </regions>
        </relations>
      </organization>
      <organization ecContribution="141125" order="7" terminated="false" type="participant">
        <availableLanguages readOnly="true">en</availableLanguages>
        <rcn>1906106</rcn>
        <id>999978142</id>
        <vatNumber>EL099793475</vatNumber>
        <legalName>NATIONAL TECHNICAL UNIVERSITY OF ATHENS - NTUA</legalName>
        <shortName>NTUA</shortName>
        <address>
          <street>HEROON POLYTECHNIOU 9 ZOGRAPHOU CAMPUS</street>
          <city>ATHINA</city>
          <postalCode>15780</postalCode>
          <country>EL</country>
          <postBox>000</postBox>
          <url>www.ntua.gr</url>
        </address>
        <relations>
          <categories>
            <category classification="organizationActivityType" type="relatedOrganizationActivityType">
              <availableLanguages readOnly="true">de,en,es,fr,it,pl</availableLanguages>
              <code>/HES</code>
              <title>Higher or Secondary Education Establishments</title>
            </category>
          </categories>
          <regions>
            <region type="relatedRegion">
              <name>Greece</name>
              <nutsCode>GR</nutsCode>
              <euCode>EL</euCode>
              <isoCode>GR</isoCode>
              <rcn>240552488</rcn>
            </region>
          </regions>
        </relations>
      </organization>
      <organization ecContribution="312125" order="12" terminated="false" type="participant">
        <availableLanguages readOnly="true">en</availableLanguages>
        <rcn>1905767</rcn>
        <id>999604110</id>
        <vatNumber>ESG48975767</vatNumber>
        <legalName>FUNDACION TECNALIA RESEARCH &amp; INNOVATION</legalName>
        <shortName>TECNALIA</shortName>
        <address>
          <street>PARQUE CIENTIFICO Y TECNOLOGICO DE GIPUZKOA PASEO MIKELETEGI 2</street>
          <city>DONOSTIA SAN SEBASTIAN</city>
          <postalCode>20009</postalCode>
          <country>ES</country>
          <postBox>000</postBox>
          <url>www.tecnalia.com</url>
        </address>
        <departmentName>Energy and Environment Division</departmentName>
        <relations>
          <categories>
            <category classification="organizationActivityType" type="relatedOrganizationActivityType">
              <availableLanguages readOnly="true">de,en,es,fr,it,pl</availableLanguages>
              <code>/REC</code>
              <title>Research Organisations</title>
            </category>
          </categories>
          <regions>
            <region type="relatedRegion">
              <name>Spain</name>
              <nutsCode>ES</nutsCode>
              <euCode>ES</euCode>
              <isoCode>ES</isoCode>
              <rcn>242387496</rcn>
            </region>
          </regions>
        </relations>
      </organization>
      <organization ecContribution="495350" order="6" terminated="false" type="participant">
        <availableLanguages readOnly="true">en</availableLanguages>
        <rcn>1907309</rcn>
        <id>999460356</id>
        <vatNumber>DK56976116</vatNumber>
        <legalName>TEKNOLOGISK INSTITUT</legalName>
        <shortName>DTI</shortName>
        <address>
          <street>GREGERSENSVEJ 1</street>
          <city>TAASTRUP</city>
          <postalCode>2630</postalCode>
          <country>DK</country>
          <postBox>141</postBox>
          <url>www.teknologisk.dk</url>
        </address>
        <relations>
          <categories>
            <category classification="organizationActivityType" type="relatedOrganizationActivityType">
              <availableLanguages readOnly="true">de,en,es,fr,it,pl</availableLanguages>
              <code>/REC</code>
              <title>Research Organisations</title>
            </category>
          </categories>
          <regions>
            <region type="relatedRegion">
              <name>Denmark</name>
              <nutsCode>DK</nutsCode>
              <euCode>DK</euCode>
              <isoCode>DK</isoCode>
              <rcn>223513128</rcn>
            </region>
          </regions>
        </relations>
      </organization>
      <organization ecContribution="432250" order="1" terminated="false" type="coordinator">
        <availableLanguages readOnly="true">en</availableLanguages>
        <rcn>1905780</rcn>
        <id>999951467</id>
        <vatNumber>IT03476550102</vatNumber>
        <legalName>RINA CONSULTING SPA</legalName>
        <shortName>DAPP</shortName>
        <address>
          <street>VIA SAN NAZARO 19</street>
          <city>GENOVA</city>
          <postalCode>16145</postalCode>
          <country>IT</country>
          <postBox>000</postBox>
          <url>www.dappolonia.it</url>
        </address>
        <departmentName>Innovation Consulting Division</departmentName>
        <relations>
          <categories>
            <category classification="organizationActivityType" type="relatedOrganizationActivityType">
              <availableLanguages readOnly="true">de,en,es,fr,it,pl</availableLanguages>
              <code>/PRC</code>
              <title>Private for-profit entities (excluding Higher or Secondary Education Establishments)</title>
            </category>
          </categories>
          <regions>
            <region type="relatedRegion">
              <name>Italy</name>
              <nutsCode>IT</nutsCode>
              <euCode>IT</euCode>
              <isoCode>IT</isoCode>
              <rcn>309758504</rcn>
            </region>
          </regions>
        </relations>
      </organization>
      <organization ecContribution="738063" order="3" terminated="false" type="participant">
        <availableLanguages readOnly="true">en</availableLanguages>
        <rcn>1963563</rcn>
        <id>983106447</id>
        <vatNumber>FR55405158312</vatNumber>
        <legalName>LAFARGE CENTRE DE RECHERCHE SAS</legalName>
        <shortName>LAFARGE CR</shortName>
        <address>
          <street>RUE DU MONTMURIER 95</street>
          <city>SAINT QUENTIN FALLAVIER</city>
          <postalCode>38070</postalCode>
          <country>FR</country>
        </address>
        <relations>
          <categories>
            <category classification="organizationActivityType" type="relatedOrganizationActivityType">
              <availableLanguages readOnly="true">de,en,es,fr,it,pl</availableLanguages>
              <code>/PRC</code>
              <title>Private for-profit entities (excluding Higher or Secondary Education Establishments)</title>
            </category>
          </categories>
          <regions>
            <region type="relatedRegion">
              <name>France</name>
              <nutsCode>FR</nutsCode>
              <euCode>FR</euCode>
              <isoCode>FR</isoCode>
              <rcn>258902568</rcn>
            </region>
          </regions>
        </relations>
      </organization>
      <organization ecContribution="726630" order="5" terminated="false" type="participant">
        <availableLanguages readOnly="true">en</availableLanguages>
        <rcn>1947317</rcn>
        <id>998133784</id>
        <vatNumber>GB689949927</vatNumber>
        <legalName>BUILDING RESEARCH ESTABLISHMENT LTD</legalName>
        <shortName>BRE</shortName>
        <address>
          <street>BUCKNALLS LANE</street>
          <city>WATFORD</city>
          <postalCode>WD25 9XX</postalCode>
          <country>UK</country>
          <url>www.bre.co.uk</url>
        </address>
        <relations>
          <categories>
            <category classification="organizationActivityType" type="relatedOrganizationActivityType">
              <availableLanguages readOnly="true">de,en,es,fr,it,pl</availableLanguages>
              <code>/REC</code>
              <title>Research Organisations</title>
            </category>
          </categories>
          <regions>
            <region type="relatedRegion">
              <name>United Kingdom</name>
              <nutsCode>UK</nutsCode>
              <euCode>UK</euCode>
              <isoCode>GB</isoCode>
              <rcn>508725800</rcn>
            </region>
          </regions>
        </relations>
      </organization>
      <organization ecContribution="742872" order="2" terminated="false" type="participant">
        <availableLanguages readOnly="true">en</availableLanguages>
        <rcn>1963570</rcn>
        <id>986942021</id>
        <vatNumber>DE143455653</vatNumber>
        <legalName>HEIDELBERGCEMENT AG</legalName>
        <shortName>HTC</shortName>
        <address>
          <street>BERLINER STRASSE 6</street>
          <city>HEIDELBERG</city>
          <postalCode>69120</postalCode>
          <country>DE</country>
          <url>www.heidelbergcement.com</url>
        </address>
        <relations>
          <categories>
            <category classification="organizationActivityType" type="relatedOrganizationActivityType">
              <availableLanguages readOnly="true">de,en,es,fr,it,pl</availableLanguages>
              <code>/PRC</code>
              <title>Private for-profit entities (excluding Higher or Secondary Education Establishments)</title>
            </category>
          </categories>
          <regions>
            <region type="relatedRegion">
              <name>Germany</name>
              <nutsCode>DE</nutsCode>
              <euCode>DE</euCode>
              <isoCode>DE</isoCode>
              <rcn>221940264</rcn>
            </region>
          </regions>
        </relations>
      </organization>
      <organization ecContribution="197225" order="9" terminated="false" type="participant">
        <availableLanguages readOnly="true">en</availableLanguages>
        <rcn>1915636</rcn>
        <id>999745536</id>
        <vatNumber>HU12609596</vatNumber>
        <legalName>GEONARDO ENVIRONMENTAL TECHNOLOGIES LTD</legalName>
        <shortName>GEO</shortName>
        <address>
          <street>ZAHONY U 7</street>
          <city>BUDAPEST</city>
          <postalCode>1031</postalCode>
          <country>HU</country>
          <url>www.geonardo.com</url>
        </address>
        <relations>
          <categories>
            <category classification="organizationActivityType" type="relatedOrganizationActivityType">
              <availableLanguages readOnly="true">de,en,es,fr,it,pl</availableLanguages>
              <code>/PRC</code>
              <title>Private for-profit entities (excluding Higher or Secondary Education Establishments)</title>
            </category>
          </categories>
          <regions>
            <region type="relatedRegion">
              <name>Hungary</name>
              <nutsCode>HU</nutsCode>
              <euCode>HU</euCode>
              <isoCode>HU</isoCode>
              <rcn>293243432</rcn>
            </region>
          </regions>
        </relations>
      </organization>
      <organization ecContribution="161350" order="13" terminated="false" type="participant">
        <availableLanguages readOnly="true">en</availableLanguages>
        <rcn>2056879</rcn>
        <id>967318339</id>
        <vatNumber>CZ27727122</vatNumber>
        <legalName>FENIX TNT SRO</legalName>
        <shortName>FEN</shortName>
        <address>
          <street>DUSIKOVA 906/33</street>
          <city>BRNO</city>
          <postalCode>638 00</postalCode>
          <country>CZ</country>
          <url>www.fenixtnt.cz</url>
        </address>
        <relations>
          <categories>
            <category classification="organizationActivityType" type="relatedOrganizationActivityType">
              <availableLanguages readOnly="true">de,en,es,fr,it,pl</availableLanguages>
              <code>/PRC</code>
              <title>Private for-profit entities (excluding Higher or Secondary Education Establishments)</title>
            </category>
          </categories>
          <regions>
            <region type="relatedRegion">
              <name>Czech Republic</name>
              <nutsCode>CZ</nutsCode>
              <euCode>CZ</euCode>
              <isoCode>CZ</isoCode>
              <rcn>210668072</rcn>
            </region>
          </regions>
        </relations>
      </organization>
      <organization ecContribution="255938" order="8" terminated="false" type="participant">
        <availableLanguages readOnly="true">en</availableLanguages>
        <rcn>2398898</rcn>
        <id>945531557</id>
        <vatNumber>RO32656217</vatNumber>
        <legalName>NOVEL TECHNOLOGIES CENTER SRL</legalName>
        <shortName>NT</shortName>
        <address>
          <street>STRADA BRAILITA 5 BLOC V10 SCARA 2 ETAJ 1 AP 32 SECTORUL 3</street>
          <city>BUCURESTI</city>
          <postalCode>031456</postalCode>
          <country>RO</country>
        </address>
        <relations>
          <categories>
            <category classification="organizationActivityType" type="relatedOrganizationActivityType">
              <availableLanguages readOnly="true">de,en,es,fr,it,pl</availableLanguages>
              <code>/PRC</code>
              <title>Private for-profit entities (excluding Higher or Secondary Education Establishments)</title>
            </category>
          </categories>
          <regions>
            <region type="relatedRegion">
              <name>Romania</name>
              <nutsCode>RO</nutsCode>
              <euCode>RO</euCode>
              <isoCode>RO</isoCode>
              <rcn>459442728</rcn>
            </region>
          </regions>
        </relations>
      </organization>
      <organization ecContribution="546875" order="11" terminated="false" type="participant">
        <availableLanguages readOnly="true">en</availableLanguages>
        <rcn>2398901</rcn>
        <id>944667869</id>
        <vatNumber>IT03287010262</vatNumber>
        <legalName>NUOVA TESI SYSTEM SRL</legalName>
        <shortName>NTSI</shortName>
        <address>
          <street>VIA DELLE INDUSTRIE 3</street>
          <city>CASALE SUL SILE TV</city>
          <postalCode>31032</postalCode>
          <country>IT</country>
        </address>
        <relations>
          <categories>
            <category classification="organizationActivityType" type="relatedOrganizationActivityType">
              <availableLanguages readOnly="true">de,en,es,fr,it,pl</availableLanguages>
              <code>/PRC</code>
              <title>Private for-profit entities (excluding Higher or Secondary Education Establishments)</title>
            </category>
          </categories>
          <regions>
            <region type="relatedRegion">
              <name>Italy</name>
              <nutsCode>IT</nutsCode>
              <euCode>IT</euCode>
              <isoCode>IT</isoCode>
              <rcn>309758504</rcn>
            </region>
          </regions>
        </relations>
      </organization>
      <organization ecContribution="318063" order="10" terminated="false" type="participant">
        <availableLanguages readOnly="true">en</availableLanguages>
        <rcn>1908796</rcn>
        <id>999812854</id>
        <vatNumber>ESA81638108</vatNumber>
        <legalName>ACCIONA CONSTRUCCION SA</legalName>
        <shortName>ACCIONA</shortName>
        <address>
          <street>AVENIDA DE EUROPA 18 PARQUE EMPRESARIAL</street>
          <city>ALCOBENDAS</city>
          <postalCode>28108</postalCode>
          <country>ES</country>
          <postBox>000</postBox>
        </address>
        <departmentName>R&amp;D Department</departmentName>
        <relations>
          <categories>
            <category classification="organizationActivityType" type="relatedOrganizationActivityType">
              <availableLanguages readOnly="true">de,en,es,fr,it,pl</availableLanguages>
              <code>/PRC</code>
              <title>Private for-profit entities (excluding Higher or Secondary Education Establishments)</title>
            </category>
          </categories>
          <regions>
            <region type="relatedRegion">
              <name>Spain</name>
              <nutsCode>ES</nutsCode>
              <euCode>ES</euCode>
              <isoCode>ES</isoCode>
              <rcn>242387496</rcn>
            </region>
          </regions>
        </relations>
      </organization>
    <categories>
      <category classification="projectFundingSchemeCategory" type="relatedProjectFundingSchemeCategory">
        <availableLanguages readOnly="true">en</availableLanguages>
        <code>/IA</code>
        <title>Innovation action</title>
      </category>
    </categories>
