  <rcn>193183</rcn>
  <acronym>SAPHIR</acronym>
  <objective>SAPHIR aims to develop vaccine strategies effective against endemic pathogens responsible for high economic losses in livestock in order to strengthen the profitability of food animal systems, improve animal welfare and reduce xenobiotic usage in farming with a One Health perspective. 

SAPHIR will bring novel vaccine strategies to the market: i) at short term, with several promising vaccines brought to demonstration (RTL6); ii) at long term, with cutting edge strategies brought at proof of concept (RTL3); and iii) in line with socio-economic requirements. SAPHIR has selected two representative pathogens of pigs (Porcine Reproductive and Respiratory Syndrome Virus and Mycoplasma hyopneumoniae), chickens (Eimeria and Clostridium perfringens) and cattle (Bovine Respiratory Syncytial Virus, Mycoplasma bovis) to develop generic vaccine approaches applicable to other pathogens. 

SAPHIR will issue: i) knowledge of immune mechanisms of protection; ii) affordable, safe and multivalent vaccines with DIVA properties; iii) efficient adjuvants targeting dendritic cells, optimal formulations, new mucosal and skin delivery systems, a new generation of DNA vectors and viral replicon platforms for fostering an earlier and longer duration of immunity including the perinatal period; and iv) basal biomarkers of individual immuno-competence for future breeding strategies. The SAPHIR dissemination and training programme includes creation of an integrated health management website, launch of a Global Alliance for Veterinary Vaccines and organization of workshops directed at food animal system stakeholders. This will ensure optimal research translation of SAPHIR outputs to market and field applications.
SAPHIR brings together interdisciplinary expertise from fourteen academic institutes including a Chinese partner, five SMEs and two pharmaceutical companies.</objective>
  <title>Strengthening Animal Production and Health through the Immune Response</title>
      <organization ecContribution="0" order="21" terminated="false" type="participant">
        <availableLanguages readOnly="true">en</availableLanguages>
        <rcn>2127042</rcn>
        <id>998294028</id>
        <legalName>VIRBAC SA</legalName>
        <shortName>VIR</shortName>
        <address>
          <street>RUE 13EME LID</street>
          <city>CARROS</city>
          <postalCode>06511</postalCode>
          <country>FR</country>
          <postBox>27</postBox>
          <url>www.virbac.com</url>
        </address>
        <relations>
          <categories>
            <category classification="organizationActivityType" type="relatedOrganizationActivityType">
              <availableLanguages readOnly="true">de,en,es,fr,it,pl</availableLanguages>
              <code>/PRC</code>
              <title>Private for-profit entities (excluding Higher or Secondary Education Establishments)</title>
            </category>
          </categories>
          <regions>
            <region type="relatedRegion">
              <name>France</name>
              <nutsCode>FR</nutsCode>
              <euCode>FR</euCode>
              <isoCode>FR</isoCode>
              <rcn>258902568</rcn>
            </region>
          </regions>
        </relations>
      </organization>
      <organization ecContribution="0" order="8" terminated="false" type="participant">
        <availableLanguages readOnly="true">en</availableLanguages>
        <rcn>1931948</rcn>
        <id>997200062</id>
        <legalName>Shanghai Veterinary Research Institute - Chinese Academy of Agricultural Sciences</legalName>
        <shortName>Shanghai Veterinary</shortName>
        <address>
          <street>ZIYUE ROAD 518</street>
          <city>SHANGHAI</city>
          <postalCode>200241</postalCode>
          <country>CN</country>
          <url>http://www.shvri.ac.cn</url>
        </address>
        <relations>
          <categories>
            <category classification="organizationActivityType" type="relatedOrganizationActivityType">
              <availableLanguages readOnly="true">de,en,es,fr,it,pl</availableLanguages>
              <code>/REC</code>
              <title>Research Organisations</title>
            </category>
          </categories>
          <regions>
            <region type="relatedRegion">
              <name>China</name>
              <nutsCode>CN</nutsCode>
              <euCode>CN</euCode>
              <isoCode>CN</isoCode>
              <rcn>207522344</rcn>
            </region>
          </regions>
        </relations>
      </organization>
      <organization ecContribution="0" order="17" terminated="false" type="participant">
        <availableLanguages readOnly="true">en</availableLanguages>
        <rcn>1906488</rcn>
        <id>999841469</id>
        <vatNumber>CH330480</vatNumber>
        <legalName>UNIVERSITE DE LAUSANNE</legalName>
        <shortName>UNIL</shortName>
        <address>
          <street>Quartier Unil-Centre Bâtiment Unicentre</street>
          <city>LAUSANNE</city>
          <postalCode>1015</postalCode>
          <country>CH</country>
          <postBox>N/A</postBox>
          <url>www.unil.ch</url>
        </address>
        <departmentName>Direction of UNIL / EUresearch</departmentName>
        <relations>
          <categories>
            <category classification="organizationActivityType" type="relatedOrganizationActivityType">
              <availableLanguages readOnly="true">de,en,es,fr,it,pl</availableLanguages>
              <code>/HES</code>
              <title>Higher or Secondary Education Establishments</title>
            </category>
          </categories>
          <regions>
            <region type="relatedRegion">
              <name>Switzerland</name>
              <nutsCode>CH</nutsCode>
              <euCode>CH</euCode>
              <isoCode>CH</isoCode>
              <rcn>205949480</rcn>
            </region>
          </regions>
        </relations>
      </organization>
      <organization ecContribution="390193.75" order="22" terminated="false" type="participant">
        <availableLanguages readOnly="true">en</availableLanguages>
        <rcn>2390253</rcn>
        <id>951175405</id>
        <legalName>XEOLAS PHARMACEUTICALS LIMITED</legalName>
        <shortName>XEO</shortName>
        <address>
          <street>97 FURRY PARK ROAD</street>
          <city>KILLESTER</city>
          <postalCode>5</postalCode>
          <country>IE</country>
        </address>
        <relations>
          <categories>
            <category classification="organizationActivityType" type="relatedOrganizationActivityType">
              <availableLanguages readOnly="true">de,en,es,fr,it,pl</availableLanguages>
              <code>/PRC</code>
              <title>Private for-profit entities (excluding Higher or Secondary Education Establishments)</title>
            </category>
          </categories>
          <regions>
            <region type="relatedRegion">
              <name>Ireland</name>
              <nutsCode>IE</nutsCode>
              <euCode>IE</euCode>
              <isoCode>IE</isoCode>
              <rcn>305826344</rcn>
            </region>
          </regions>
        </relations>
      </organization>
      <organization ecContribution="92731.25" order="13" terminated="false" type="participant">
        <availableLanguages readOnly="true">en</availableLanguages>
        <rcn>1912406</rcn>
        <id>999865137</id>
        <vatNumber>PL5250007425</vatNumber>
        <legalName>SZKOLA GLOWNA GOSPODARSTWA WIEJSKIEGO</legalName>
        <shortName>UWA</shortName>
        <address>
          <street>UL. NOWOURSYNOWSKA 166</street>
          <city>WARSZAWA</city>
          <postalCode>02 787</postalCode>
          <country>PL</country>
          <url>www.sggw.waw.pl</url>
        </address>
        <relations>
          <categories>
            <category classification="organizationActivityType" type="relatedOrganizationActivityType">
              <availableLanguages readOnly="true">de,en,es,fr,it,pl</availableLanguages>
              <code>/HES</code>
              <title>Higher or Secondary Education Establishments</title>
            </category>
          </categories>
          <regions>
            <region type="relatedRegion">
              <name>Poland</name>
              <nutsCode>PL</nutsCode>
              <euCode>PL</euCode>
              <isoCode>PL</isoCode>
              <rcn>425101864</rcn>
            </region>
          </regions>
        </relations>
      </organization>
      <organization ecContribution="714688.75" order="15" terminated="false" type="participant">
        <availableLanguages readOnly="true">en</availableLanguages>
        <rcn>1908055</rcn>
        <id>999840790</id>
        <vatNumber>GB766414220</vatNumber>
        <legalName>THE ROYAL VETERINARY COLLEGE</legalName>
        <shortName>RVC</shortName>
        <address>
          <street>ROYAL COLLEGE STREET</street>
          <city>LONDON</city>
          <postalCode>NW1 OTU</postalCode>
          <country>UK</country>
          <url>www.rvc.ac.uk</url>
        </address>
        <relations>
          <categories>
            <category classification="organizationActivityType" type="relatedOrganizationActivityType">
              <availableLanguages readOnly="true">de,en,es,fr,it,pl</availableLanguages>
              <code>/HES</code>
              <title>Higher or Secondary Education Establishments</title>
            </category>
          </categories>
          <regions>
            <region type="relatedRegion">
              <name>United Kingdom</name>
              <nutsCode>UK</nutsCode>
              <euCode>UK</euCode>
              <isoCode>GB</isoCode>
              <rcn>508725800</rcn>
            </region>
          </regions>
        </relations>
      </organization>
      <organization ecContribution="1224472.5" order="18" terminated="false" type="participant">
        <availableLanguages readOnly="true">en</availableLanguages>
        <rcn>1906194</rcn>
        <id>999986096</id>
        <vatNumber>BE0248015142</vatNumber>
        <legalName>UNIVERSITEIT GENT</legalName>
        <shortName>UGENT</shortName>
        <address>
          <street>SINT PIETERSNIEUWSTRAAT 25</street>
          <city>GENT</city>
          <postalCode>9000</postalCode>
          <country>BE</country>
          <postBox>000</postBox>
          <url>http://www.ugent.be</url>
        </address>
        <departmentName>D</departmentName>
        <relations>
          <categories>
            <category classification="organizationActivityType" type="relatedOrganizationActivityType">
              <availableLanguages readOnly="true">de,en,es,fr,it,pl</availableLanguages>
              <code>/HES</code>
              <title>Higher or Secondary Education Establishments</title>
            </category>
          </categories>
          <regions>
            <region type="relatedRegion">
              <name>Belgium</name>
              <nutsCode>BE</nutsCode>
              <euCode>BE</euCode>
              <isoCode>BE</isoCode>
              <rcn>188385832</rcn>
            </region>
          </regions>
        </relations>
      </organization>
      <organization ecContribution="176793.75" order="4" terminated="false" type="participant">
        <availableLanguages readOnly="true">en</availableLanguages>
        <rcn>1921544</rcn>
        <id>998403444</id>
        <legalName>EUROPEAN FORUM OF FARM ANIMAL BREEDERS</legalName>
        <shortName>EFFAB</shortName>
        <address>
          <street>DREIJENLAAN 2K 1060 1061</street>
          <city>WAGENINGEN</city>
          <postalCode>6703 HA</postalCode>
          <country>NL</country>
          <url>www.effab.info</url>
        </address>
        <relations>
          <categories>
            <category classification="organizationActivityType" type="relatedOrganizationActivityType">
              <availableLanguages readOnly="true">de,en,es,fr,it,pl</availableLanguages>
              <code>/REC</code>
              <title>Research Organisations</title>
            </category>
          </categories>
          <regions>
            <region type="relatedRegion">
              <name>Netherlands</name>
              <nutsCode>NL</nutsCode>
              <euCode>NL</euCode>
              <isoCode>NL</isoCode>
              <rcn>391547432</rcn>
            </region>
          </regions>
        </relations>
      </organization>
      <organization ecContribution="410176.25" order="6" terminated="false" type="participant">
        <availableLanguages readOnly="true">en</availableLanguages>
        <rcn>1907913</rcn>
        <id>999793260</id>
        <vatNumber>FR96433960762</vatNumber>
        <legalName>INRA TRANSFERT S.A.</legalName>
        <shortName>IT</shortName>
        <address>
          <street>RUE DU DOCTEUR FINLAY 28</street>
          <city>PARIS</city>
          <postalCode>75015</postalCode>
          <country>FR</country>
          <url>www.inra-transfert.fr</url>
        </address>
        <relations>
          <categories>
            <category classification="organizationActivityType" type="relatedOrganizationActivityType">
              <availableLanguages readOnly="true">de,en,es,fr,it,pl</availableLanguages>
              <code>/PRC</code>
              <title>Private for-profit entities (excluding Higher or Secondary Education Establishments)</title>
            </category>
          </categories>
          <regions>
            <region type="relatedRegion">
              <name>France</name>
              <nutsCode>FR</nutsCode>
              <euCode>FR</euCode>
              <isoCode>FR</isoCode>
              <rcn>258902568</rcn>
            </region>
          </regions>
        </relations>
      </organization>
      <organization ecContribution="0" order="16" terminated="false" type="participant">
        <availableLanguages readOnly="true">en</availableLanguages>
        <rcn>1905696</rcn>
        <id>999976493</id>
        <vatNumber>CHE115250351</vatNumber>
        <legalName>UNIVERSITAET BERN</legalName>
        <shortName>BERN</shortName>
        <address>
          <street>HOCHSCHULSTRASSE 6</street>
          <city>BERN</city>
          <postalCode>3012</postalCode>
          <country>CH</country>
          <postBox>000</postBox>
          <url>http://www.unibe.ch</url>
        </address>
        <departmentName>Communication and Distributed Systems</departmentName>
        <relations>
          <categories>
            <category classification="organizationActivityType" type="relatedOrganizationActivityType">
              <availableLanguages readOnly="true">de,en,es,fr,it,pl</availableLanguages>
              <code>/HES</code>
              <title>Higher or Secondary Education Establishments</title>
            </category>
          </categories>
          <regions>
            <region type="relatedRegion">
              <name>Switzerland</name>
              <nutsCode>CH</nutsCode>
              <euCode>CH</euCode>
              <isoCode>CH</isoCode>
              <rcn>205949480</rcn>
            </region>
          </regions>
        </relations>
      </organization>
      <organization ecContribution="323788.75" order="12" terminated="false" type="participant">
        <availableLanguages readOnly="true">en</availableLanguages>
        <rcn>1906405</rcn>
        <id>999887350</id>
        <vatNumber>SE202100281701</vatNumber>
        <legalName>SVERIGES LANTBRUKSUNIVERSITET</legalName>
        <shortName>SLU</shortName>
        <address>
          <street>ALMAS ALLE 8</street>
          <city>UPPSALA</city>
          <postalCode>750 07</postalCode>
          <country>SE</country>
          <postBox>7070</postBox>
          <url>http://www.slu.se</url>
        </address>
        <departmentName>SLU University Library</departmentName>
        <relations>
          <categories>
            <category classification="organizationActivityType" type="relatedOrganizationActivityType">
              <availableLanguages readOnly="true">de,en,es,fr,it,pl</availableLanguages>
              <code>/HES</code>
              <title>Higher or Secondary Education Establishments</title>
            </category>
          </categories>
          <regions>
            <region type="relatedRegion">
              <name>Sweden</name>
              <nutsCode>SE</nutsCode>
              <euCode>SE</euCode>
              <isoCode>SE</isoCode>
              <rcn>473598504</rcn>
            </region>
          </regions>
        </relations>
      </organization>
      <organization order="5" ecContribution="445193.75" terminated="false" type="participant">
        <availableLanguages readOnly="true">en</availableLanguages>
        <rcn>1931944</rcn>
        <id>999705475</id>
        <legalName>INMUNOLOGIA Y GENETICA APLICADA SA</legalName>
        <shortName>INMUNOLOGIA Y GENETI</shortName>
        <address>
          <street>Hermanos Garcia Noblejas 41</street>
          <city>MADRID</city>
          <postalCode>28037</postalCode>
          <country>ES</country>
          <url>www.ingenasa.es</url>
        </address>
        <relations>
          <categories>
            <category classification="organizationActivityType" type="relatedOrganizationActivityType">
              <availableLanguages readOnly="true">de,en,es,fr,it,pl</availableLanguages>
              <code>/PRC</code>
              <title>Private for-profit entities (excluding Higher or Secondary Education Establishments)</title>
            </category>
          </categories>
          <regions>
            <region type="relatedRegion">
              <name>Spain</name>
              <nutsCode>ES</nutsCode>
              <euCode>ES</euCode>
              <isoCode>ES</isoCode>
              <rcn>242387496</rcn>
            </region>
          </regions>
        </relations>
      </organization>
      <organization ecContribution="224993.75" order="9" terminated="false" type="participant">
        <availableLanguages readOnly="true">en</availableLanguages>
        <rcn>1973412</rcn>
        <id>953458300</id>
        <legalName>SPOREGEN LIMITED</legalName>
        <shortName>SPOREGEN LIMITED</shortName>
        <address>
          <street>QUEENS ROAD 3 WESTLEY GATE</street>
          <city>READING BERKSHIRE</city>
          <postalCode>RG1 4AP</postalCode>
          <country>UK</country>
          <postBox>000</postBox>
        </address>
        <relations>
          <categories>
            <category classification="organizationActivityType" type="relatedOrganizationActivityType">
              <availableLanguages readOnly="true">de,en,es,fr,it,pl</availableLanguages>
              <code>/PRC</code>
              <title>Private for-profit entities (excluding Higher or Secondary Education Establishments)</title>
            </category>
          </categories>
          <regions>
            <region type="relatedRegion">
              <name>United Kingdom</name>
              <nutsCode>UK</nutsCode>
              <euCode>UK</euCode>
              <isoCode>GB</isoCode>
              <rcn>508725800</rcn>
            </region>
          </regions>
        </relations>
      </organization>
      <organization ecContribution="334368.75" order="20" terminated="false" type="participant">
        <availableLanguages readOnly="true">en</availableLanguages>
        <rcn>2054680</rcn>
        <id>973070342</id>
        <legalName>VACCIBODY AS</legalName>
        <shortName>VAC</shortName>
        <address>
          <street>GAUSTADALLEEN 21</street>
          <city>OSLO</city>
          <postalCode>0349</postalCode>
          <country>NO</country>
          <url>www.vaccibody.com</url>
        </address>
        <relations>
          <categories>
            <category classification="organizationActivityType" type="relatedOrganizationActivityType">
              <availableLanguages readOnly="true">de,en,es,fr,it,pl</availableLanguages>
              <code>/PRC</code>
              <title>Private for-profit entities (excluding Higher or Secondary Education Establishments)</title>
            </category>
          </categories>
          <regions>
            <region type="relatedRegion">
              <name>Norway</name>
              <nutsCode>NO</nutsCode>
              <euCode>NO</euCode>
              <isoCode>NO</isoCode>
              <rcn>392333864</rcn>
            </region>
          </regions>
        </relations>
      </organization>
      <organization ecContribution="500193.75" order="7" terminated="false" type="participant">
        <availableLanguages readOnly="true">en</availableLanguages>
        <rcn>1907901</rcn>
        <id>999698394</id>
        <legalName>PARCO TECNOLOGICO PADANO S.R.L.</legalName>
        <shortName>PTP</shortName>
        <address>
          <street>Via Einstein - Localita Cascina Codazza</street>
          <city>LODI</city>
          <postalCode>26900</postalCode>
          <country>IT</country>
          <url>http://www.tecnoparco.org</url>
        </address>
        <relations>
          <categories>
            <category classification="organizationActivityType" type="relatedOrganizationActivityType">
              <availableLanguages readOnly="true">de,en,es,fr,it,pl</availableLanguages>
              <code>/PRC</code>
              <title>Private for-profit entities (excluding Higher or Secondary Education Establishments)</title>
            </category>
          </categories>
          <regions>
            <region type="relatedRegion">
              <name>Italy</name>
              <nutsCode>IT</nutsCode>
              <euCode>IT</euCode>
              <isoCode>IT</isoCode>
              <rcn>309758504</rcn>
            </region>
          </regions>
        </relations>
      </organization>
      <organization ecContribution="0" order="3" terminated="false" type="participant">
        <availableLanguages readOnly="true">en</availableLanguages>
        <rcn>1906827</rcn>
        <id>990186089</id>
        <legalName>EIDGENOESSISCHES DEPARTEMENT DES INNERN</legalName>
        <shortName>MSWISS</shortName>
        <address>
          <street>Inselgasse  1</street>
          <city>BERN</city>
          <postalCode>3003</postalCode>
          <country>CH</country>
          <url>http://www.edi.admin.ch/index.html?lang=de</url>
        </address>
        <relations>
          <categories>
            <category classification="organizationActivityType" type="relatedOrganizationActivityType">
              <availableLanguages readOnly="true">de,en,es,fr,it,pl</availableLanguages>
              <code>/PUB</code>
              <title>Public bodies (excluding Research Organisations and Secondary or Higher Education Establishments)</title>
            </category>
          </categories>
          <regions>
            <region type="relatedRegion">
              <name>Switzerland</name>
              <nutsCode>CH</nutsCode>
              <euCode>CH</euCode>
              <isoCode>CH</isoCode>
              <rcn>205949480</rcn>
            </region>
          </regions>
        </relations>
      </organization>
      <organization ecContribution="239067.5" order="14" terminated="false" type="participant">
        <availableLanguages readOnly="true">en</availableLanguages>
        <rcn>1909077</rcn>
        <id>998377157</id>
        <vatNumber>GB491452831</vatNumber>
        <legalName>THE PIRBRIGHT INSTITUTE LBG</legalName>
        <shortName>TPI</shortName>
        <address>
          <street>ASH ROAD PIRBRIGHT</street>
          <city>WOKING</city>
          <postalCode>GU24 0NF</postalCode>
          <country>UK</country>
          <postBox>000</postBox>
          <url>www.pirbright.ac.uk</url>
        </address>
        <relations>
          <categories>
            <category classification="organizationActivityType" type="relatedOrganizationActivityType">
              <availableLanguages readOnly="true">de,en,es,fr,it,pl</availableLanguages>
              <code>/REC</code>
              <title>Research Organisations</title>
            </category>
          </categories>
          <regions>
            <region type="relatedRegion">
              <name>United Kingdom</name>
              <nutsCode>UK</nutsCode>
              <euCode>UK</euCode>
              <isoCode>GB</isoCode>
              <rcn>508725800</rcn>
            </region>
          </regions>
        </relations>
      </organization>
      <organization ecContribution="2013868.75" order="1" terminated="false" type="coordinator">
        <availableLanguages readOnly="true">en</availableLanguages>
        <rcn>1906233</rcn>
        <id>999993274</id>
        <vatNumber>FR57180070039</vatNumber>
        <legalName>INSTITUT NATIONAL DE LA RECHERCHE AGRONOMIQUE</legalName>
        <shortName>INRA</shortName>
        <address>
          <street>Rue De L'Universite  147</street>
          <city>PARIS CEDEX 07</city>
          <postalCode>75338</postalCode>
          <country>FR</country>
          <url>www.inra.fr</url>
        </address>
        <departmentName>INRA</departmentName>
        <departmentName> Centre de Versailles grignon</departmentName>
        <relations>
          <categories>
            <category classification="organizationActivityType" type="relatedOrganizationActivityType">
              <availableLanguages readOnly="true">de,en,es,fr,it,pl</availableLanguages>
              <code>/REC</code>
              <title>Research Organisations</title>
            </category>
          </categories>
          <regions>
            <region type="relatedRegion">
              <name>France</name>
              <nutsCode>FR</nutsCode>
              <euCode>FR</euCode>
              <isoCode>FR</isoCode>
              <rcn>258902568</rcn>
            </region>
          </regions>
        </relations>
      </organization>
      <organization ecContribution="759478.75" order="19" terminated="false" type="participant">
        <availableLanguages readOnly="true">en</availableLanguages>
        <rcn>1905557</rcn>
        <id>999974941</id>
        <vatNumber>GB592950700</vatNumber>
        <legalName>THE UNIVERSITY OF EDINBURGH</legalName>
        <shortName>UEDIN</shortName>
        <address>
          <street>OLD COLLEGE, SOUTH BRIDGE</street>
          <city>EDINBURGH</city>
          <postalCode>EH8 9YL</postalCode>
          <country>UK</country>
          <postBox>N/A</postBox>
          <url>www.ed.ac.uk</url>
        </address>
        <departmentName>Edinburgh Research and Innovation</departmentName>
        <relations>
          <categories>
            <category classification="organizationActivityType" type="relatedOrganizationActivityType">
              <availableLanguages readOnly="true">de,en,es,fr,it,pl</availableLanguages>
              <code>/HES</code>
              <title>Higher or Secondary Education Establishments</title>
            </category>
          </categories>
          <regions>
            <region type="relatedRegion">
              <name>United Kingdom</name>
              <nutsCode>UK</nutsCode>
              <euCode>UK</euCode>
              <isoCode>GB</isoCode>
              <rcn>508725800</rcn>
            </region>
          </regions>
        </relations>
      </organization>
      <organization ecContribution="379193.75" order="2" terminated="false" type="participant">
        <availableLanguages readOnly="true">en</availableLanguages>
        <rcn>1907450</rcn>
        <id>999979694</id>
        <vatNumber>GB615860927</vatNumber>
        <legalName>CARDIFF UNIVERSITY</legalName>
        <shortName>CU</shortName>
        <address>
          <street>NEWPORT ROAD 30-36</street>
          <city>CARDIFF</city>
          <postalCode>CF24 ODE</postalCode>
          <country>UK</country>
          <postBox>000</postBox>
          <url>www.cardiff.ac.uk</url>
        </address>
        <departmentName>Research</departmentName>
        <departmentName>Innovation and Enterprise Services</departmentName>
        <relations>
          <categories>
            <category classification="organizationActivityType" type="relatedOrganizationActivityType">
              <availableLanguages readOnly="true">de,en,es,fr,it,pl</availableLanguages>
              <code>/HES</code>
              <title>Higher or Secondary Education Establishments</title>
            </category>
          </categories>
          <regions>
            <region type="relatedRegion">
              <name>United Kingdom</name>
              <nutsCode>UK</nutsCode>
              <euCode>UK</euCode>
              <isoCode>GB</isoCode>
              <rcn>508725800</rcn>
            </region>
          </regions>
        </relations>
      </organization>
      <organization ecContribution="770792.5" order="11" terminated="false" type="participant">
        <availableLanguages readOnly="true">en</availableLanguages>
        <rcn>1906407</rcn>
        <id>999547365</id>
        <vatNumber>NL806511618B01</vatNumber>
        <legalName>STICHTING WAGENINGEN RESEARCH</legalName>
        <shortName>WR</shortName>
        <address>
          <street>DROEVENDAALSESTEEG 4</street>
          <city>WAGENINGEN</city>
          <postalCode>6708 PB</postalCode>
          <country>NL</country>
          <postBox>9101</postBox>
          <url>http://www.wageningenur.nl/nl.htm</url>
        </address>
        <departmentName>LEI Wageningen UR</departmentName>
        <relations>
          <categories>
            <category classification="organizationActivityType" type="relatedOrganizationActivityType">
              <availableLanguages readOnly="true">de,en,es,fr,it,pl</availableLanguages>
              <code>/REC</code>
              <title>Research Organisations</title>
            </category>
          </categories>
          <regions>
            <region type="relatedRegion">
              <name>Netherlands</name>
              <nutsCode>NL</nutsCode>
              <euCode>NL</euCode>
              <isoCode>NL</isoCode>
              <rcn>391547432</rcn>
            </region>
          </regions>
        </relations>
      </organization>
    <categories>
      <category classification="projectFundingSchemeCategory" type="relatedProjectFundingSchemeCategory">
        <availableLanguages readOnly="true">en</availableLanguages>
        <code>/RIA</code>
        <title>Research and Innovation action</title>
      </category>
    </categories>
