  <rcn>193186</rcn>
  <acronym>CATCH ME</acronym>
  <objective>Atrial fibrillation (AF) is the most common cardiac arrhythmia, with a prevalence of 1.5-2% in European populations. By being a major cause of stroke, dementia, heart failure, and premature death, AF is a major threat to healthy ageing. Despite increasing knowledge on the diverse mechanisms that cause the AF substrate in individual patients, current strategies for prevention and therapy of AF remain largely unguided by mechanistic insights. As a result - with the exception of anticoagulation for the prevention of AF-related stroke – treatment of AF has thus far failed to improve patients’ outcome. 
The CATCH ME consortium will bridge the present disconnect between our understanding of the molecular and electrophysiological mechanisms of AF and the current unstructured approach to its prevention and treatment. The consortium combines clinical, molecular, ECG engineering, and biostatistical expertise, and has access to large sets of human biological material (atrial tissue and bloods samples) and carefully phenotyped patient populations. Together, we will identify and integrate the main drivers of prevalent and incident AF in patients, and validate new ECG- and blood based markers in well-characterized cohorts. The results of these investigations will provide a quantitative estimate of the prevalence and impact of new and established risk factors for AF in Europe and uncover potential new targets and strategies for the prevention and treatment of this arrhythmia. We will integrate these factors into a new clinical classification of AF that will be externally validated in two large patient cohorts, including response to current treatment strategies, and AF-related complications. In summary, CATCH ME will 
1. Identify major AF-related modifiers of health in the elderly in Europe, 
2. Develop clinical tools that have the potential of transforming the management of AF in individual patients, and 
3. Inform future personalized strategies to prevent and treat AF in Europe.</objective>
  <title>Characterizing Atrial fibrillation by Translating its Causes into Health Modifiers in the Elderly</title>
      <organization ecContribution="0" order="6" terminated="true" type="participant">
        <availableLanguages readOnly="true">en</availableLanguages>
        <rcn>1907413</rcn>
        <id>999986193</id>
        <vatNumber>FR12197517220</vatNumber>
        <legalName>UNIVERSITE PIERRE ET MARIE CURIE - PARIS 6</legalName>
        <shortName>UPMC</shortName>
        <address>
          <street>Place Jussieu 4</street>
          <city>PARIS</city>
          <postalCode>75252</postalCode>
          <country>FR</country>
          <postBox>N/A</postBox>
          <url>www.upmc.fr</url>
        </address>
        <departmentName>Laboratoire d'Informatique de Paris 6 (LIP6) - NPA</departmentName>
        <relations>
          <categories>
            <category classification="organizationActivityType" type="relatedOrganizationActivityType">
              <availableLanguages readOnly="true">de,en,es,fr,it,pl</availableLanguages>
              <code>/HES</code>
              <title>Higher or Secondary Education Establishments</title>
            </category>
          </categories>
          <regions>
            <region type="relatedRegion">
              <name>France</name>
              <nutsCode>FR</nutsCode>
              <euCode>FR</euCode>
              <isoCode>FR</isoCode>
              <rcn>258902568</rcn>
            </region>
          </regions>
        </relations>
      </organization>
      <organization ecContribution="562000" order="4" terminated="false" type="participant">
        <availableLanguages readOnly="true">en</availableLanguages>
        <rcn>1905689</rcn>
        <id>999978433</id>
        <vatNumber>DE811205325</vatNumber>
        <legalName>LUDWIG-MAXIMILIANS-UNIVERSITAET MUENCHEN</legalName>
        <shortName>LMU MUENCHEN</shortName>
        <address>
          <street>GESCHWISTER SCHOLL PLATZ  1</street>
          <city>MUENCHEN</city>
          <postalCode>80539</postalCode>
          <country>DE</country>
          <postBox>000</postBox>
          <url>www.uni-muenchen.de</url>
        </address>
        <departmentName>Institute für Informatik</departmentName>
        <relations>
          <categories>
            <category classification="organizationActivityType" type="relatedOrganizationActivityType">
              <availableLanguages readOnly="true">de,en,es,fr,it,pl</availableLanguages>
              <code>/HES</code>
              <title>Higher or Secondary Education Establishments</title>
            </category>
          </categories>
          <regions>
            <region type="relatedRegion">
              <name>Germany</name>
              <nutsCode>DE</nutsCode>
              <euCode>DE</euCode>
              <isoCode>DE</isoCode>
              <rcn>221940264</rcn>
            </region>
          </regions>
        </relations>
      </organization>
      <organization ecContribution="397037.5" order="8" terminated="false" type="participant">
        <availableLanguages readOnly="true">en</availableLanguages>
        <rcn>1915531</rcn>
        <id>998868947</id>
        <vatNumber>FR89403299480</vatNumber>
        <legalName>SOCIETE EUROPEENNE DE CARDIOLOGIE</legalName>
        <shortName>ESC/ SEC</shortName>
        <address>
          <street>ROUTE DES COLLES  2035</street>
          <city>BIOT SOPHIA ANTIPOLIS</city>
          <postalCode>06903</postalCode>
          <country>FR</country>
          <url>www.escardio.org</url>
        </address>
        <relations>
          <categories>
            <category classification="organizationActivityType" type="relatedOrganizationActivityType">
              <availableLanguages readOnly="true">de,en,es,fr,it,pl</availableLanguages>
              <code>/OTH</code>
              <title>Other</title>
            </category>
          </categories>
          <regions>
            <region type="relatedRegion">
              <name>France</name>
              <nutsCode>FR</nutsCode>
              <euCode>FR</euCode>
              <isoCode>FR</isoCode>
              <rcn>258902568</rcn>
            </region>
          </regions>
        </relations>
      </organization>
      <organization ecContribution="1303366.05" order="1" terminated="false" type="coordinator">
        <availableLanguages readOnly="true">en</availableLanguages>
        <rcn>1906227</rcn>
        <id>999907526</id>
        <vatNumber>GB729856187</vatNumber>
        <legalName>THE UNIVERSITY OF BIRMINGHAM</legalName>
        <shortName>UoB</shortName>
        <address>
          <street>Edgbaston</street>
          <city>BIRMINGHAM</city>
          <postalCode>B15 2TT</postalCode>
          <country>UK</country>
          <postBox>N/A</postBox>
          <url>www.bham.ac.uk</url>
        </address>
        <departmentName>Finance Office</departmentName>
        <relations>
          <categories>
            <category classification="organizationActivityType" type="relatedOrganizationActivityType">
              <availableLanguages readOnly="true">de,en,es,fr,it,pl</availableLanguages>
              <code>/HES</code>
              <title>Higher or Secondary Education Establishments</title>
            </category>
          </categories>
          <regions>
            <region type="relatedRegion">
              <name>United Kingdom</name>
              <nutsCode>UK</nutsCode>
              <euCode>UK</euCode>
              <isoCode>GB</isoCode>
              <rcn>508725800</rcn>
            </region>
          </regions>
        </relations>
      </organization>
      <organization ecContribution="718187" order="3" terminated="false" type="participant">
        <availableLanguages readOnly="true">en</availableLanguages>
        <rcn>1905951</rcn>
        <id>999975911</id>
        <vatNumber>NL003475268B01</vatNumber>
        <legalName>UNIVERSITEIT MAASTRICHT</legalName>
        <shortName>UM</shortName>
        <address>
          <street>Minderbroedersberg 4-6</street>
          <city>MAASTRICHT</city>
          <postalCode>6200 MD</postalCode>
          <country>NL</country>
          <postBox>616</postBox>
          <url>http://www.maastrichtuniversity.nl</url>
        </address>
        <departmentName>School for Mental Health &amp; Neuroscience</departmentName>
        <relations>
          <categories>
            <category classification="organizationActivityType" type="relatedOrganizationActivityType">
              <availableLanguages readOnly="true">de,en,es,fr,it,pl</availableLanguages>
              <code>/HES</code>
              <title>Higher or Secondary Education Establishments</title>
            </category>
          </categories>
          <regions>
            <region type="relatedRegion">
              <name>Netherlands</name>
              <nutsCode>NL</nutsCode>
              <euCode>NL</euCode>
              <isoCode>NL</isoCode>
              <rcn>391547432</rcn>
            </region>
          </regions>
        </relations>
      </organization>
      <organization ecContribution="462500" order="2" terminated="false" type="participant">
        <availableLanguages readOnly="true">en</availableLanguages>
        <rcn>1906578</rcn>
        <id>999620018</id>
        <vatNumber>ESQ5856414G</vatNumber>
        <legalName>CONSORCI INSTITUT D'INVESTIGACIONS BIOMEDIQUES AUGUST PI I SUNYER</legalName>
        <shortName>IDIBAPS</shortName>
        <address>
          <street>CALLE ROSSELLO 149 PUERTA BJS</street>
          <city>BARCELONA</city>
          <postalCode>08036</postalCode>
          <country>ES</country>
          <postBox>N/A</postBox>
          <url>http://www.idibaps.org/en_index.html</url>
        </address>
        <departmentName>Management</departmentName>
        <relations>
          <categories>
            <category classification="organizationActivityType" type="relatedOrganizationActivityType">
              <availableLanguages readOnly="true">de,en,es,fr,it,pl</availableLanguages>
              <code>/REC</code>
              <title>Research Organisations</title>
            </category>
          </categories>
          <regions>
            <region type="relatedRegion">
              <name>Spain</name>
              <nutsCode>ES</nutsCode>
              <euCode>ES</euCode>
              <isoCode>ES</isoCode>
              <rcn>242387496</rcn>
            </region>
          </regions>
        </relations>
      </organization>
      <organization ecContribution="51011.2" order="9" terminated="true" type="participant">
        <availableLanguages readOnly="true">en</availableLanguages>
        <rcn>1907706</rcn>
        <id>999445806</id>
        <vatNumber>GB135528317</vatNumber>
        <legalName>THE UK HEALTH &amp; ENVIRONMENT RESEARCH INSTITUTE</legalName>
        <shortName>HERI</shortName>
        <address>
          <street>PERA BUSINESS PARK NOTTINGHAM ROAD</street>
          <city>MELTON MOWBRAY</city>
          <postalCode>LE13 0PB</postalCode>
          <country>UK</country>
          <url>www.uk-heri.org.uk</url>
        </address>
        <relations>
          <categories>
            <category classification="organizationActivityType" type="relatedOrganizationActivityType">
              <availableLanguages readOnly="true">de,en,es,fr,it,pl</availableLanguages>
              <code>/PRC</code>
              <title>Private for-profit entities (excluding Higher or Secondary Education Establishments)</title>
            </category>
          </categories>
          <regions>
            <region type="relatedRegion">
              <name>United Kingdom</name>
              <nutsCode>UK</nutsCode>
              <euCode>UK</euCode>
              <isoCode>GB</isoCode>
              <rcn>508725800</rcn>
            </region>
          </regions>
        </relations>
      </organization>
      <organization ecContribution="499803.75" order="5" terminated="false" type="participant">
        <availableLanguages readOnly="true">en</availableLanguages>
        <rcn>1905556</rcn>
        <id>999984350</id>
        <vatNumber>GB125506730</vatNumber>
        <legalName>THE CHANCELLOR, MASTERS AND SCHOLARS OF THE UNIVERSITY OF OXFORD</legalName>
        <shortName>UOXF</shortName>
        <address>
          <street>WELLINGTON SQUARE UNIVERSITY OFFICES</street>
          <city>OXFORD</city>
          <postalCode>OX1 2JD</postalCode>
          <country>UK</country>
          <postBox>N/A</postBox>
          <url>www.ox.ac.uk</url>
        </address>
        <departmentName>Research Services</departmentName>
        <relations>
          <categories>
            <category classification="organizationActivityType" type="relatedOrganizationActivityType">
              <availableLanguages readOnly="true">de,en,es,fr,it,pl</availableLanguages>
              <code>/HES</code>
              <title>Higher or Secondary Education Establishments</title>
            </category>
          </categories>
          <regions>
            <region type="relatedRegion">
              <name>United Kingdom</name>
              <nutsCode>UK</nutsCode>
              <euCode>UK</euCode>
              <isoCode>GB</isoCode>
              <rcn>508725800</rcn>
            </region>
          </regions>
        </relations>
      </organization>
      <organization ecContribution="567500" order="7" terminated="false" type="participant">
        <availableLanguages readOnly="true">en</availableLanguages>
        <rcn>2391679</rcn>
        <id>946362265</id>
        <vatNumber>DE274366663</vatNumber>
        <legalName>KOMPETENZNETZ VORHOFFLIMMERN E.V.</legalName>
        <shortName>AFNET</shortName>
        <address>
          <street>Mendelstrasse 11</street>
          <city>Muenster</city>
          <postalCode>48149</postalCode>
          <country>DE</country>
        </address>
        <relations>
          <categories>
            <category classification="organizationActivityType" type="relatedOrganizationActivityType">
              <availableLanguages readOnly="true">de,en,es,fr,it,pl</availableLanguages>
              <code>/OTH</code>
              <title>Other</title>
            </category>
          </categories>
          <regions>
            <region type="relatedRegion">
              <name>Germany</name>
              <nutsCode>DE</nutsCode>
              <euCode>DE</euCode>
              <isoCode>DE</isoCode>
              <rcn>221940264</rcn>
            </region>
          </regions>
        </relations>
      </organization>
      <organization ecContribution="383367.5" order="6" terminated="false" type="participant">
        <availableLanguages readOnly="true">en</availableLanguages>
        <rcn>1945394</rcn>
        <id>909875521</id>
        <vatNumber>FR90130023385</vatNumber>
        <legalName>SORBONNE UNIVERSITE</legalName>
        <shortName>SU</shortName>
        <address>
          <street>21 RUE DE L'ECOLE DE MEDECINE</street>
          <city>PARIS</city>
          <postalCode>75006</postalCode>
          <country>FR</country>
        </address>
        <relations>
          <categories>
            <category classification="organizationActivityType" type="relatedOrganizationActivityType">
              <availableLanguages readOnly="true">de,en,es,fr,it,pl</availableLanguages>
              <code>/HES</code>
              <title>Higher or Secondary Education Establishments</title>
            </category>
          </categories>
          <regions>
            <region type="relatedRegion">
              <name>France</name>
              <nutsCode>FR</nutsCode>
              <euCode>FR</euCode>
              <isoCode>FR</isoCode>
              <rcn>258902568</rcn>
            </region>
          </regions>
        </relations>
      </organization>
    <categories>
      <category classification="projectFundingSchemeCategory" type="relatedProjectFundingSchemeCategory">
        <availableLanguages readOnly="true">en</availableLanguages>
        <code>/RIA</code>
        <title>Research and Innovation action</title>
      </category>
    </categories>
