  <rcn>193439</rcn>
  <acronym>COMBILASER</acronym>
  <objective>The continuous growth of laser-based manufacturing processes has allowed the introduction of many new applications in different industries during last years.  This advance has brought many advantages in terms of parts complexity, required resources (human and material) or environmental impact. On the other side, parts manufacturing through laser based processes require specific designs/adjustments for each one of the applications (this delays considerably the time-to-market of new products). This means that a more holistic approach will be desirable in the following years in order to meet rapidly-changing market requirements. In addition to this fact, productivity will always be a great concern for European companies. The aspects that restrict process productivity are linked to non-productive intervals, such as scrap generation, defective parts manufacturing or pores/cracks appearance that make parts useless. In this environment, the use of easily controllable manufacturing processes is mandatory in order to increase process productivity and reduce the time-to-market while keeping or increasing final quality of manufactured products. Laser processes have the main advantage of being controllable processes, additionally to being fast and accurate processes, allowing precise actuation over the equipment parameters that directly can be translated in a change of the physical parameters, those that affect to the final quality of manufactured parts. Both laser welding and cladding rely on the same physical process of material melting. Therefore, all of them have common problems. In order to overcome undesirable situations, new strategies need to be developed which will be based on two different main branches, all of them under zero defects manufacturing philosophy: 1) Monitoring, and 2) NDT solutions. The objective of COMBILASER is the combination of these two worlds through a self-learning system.</objective>
  <title>COMbination of non-contact, high speed monitoring and non-destructive techniques applicable to LASER Based Manufacturing through a self-learning system</title>
      <organization ecContribution="160750" order="12" terminated="false" type="participant">
        <availableLanguages readOnly="true">en</availableLanguages>
        <rcn>2398605</rcn>
        <id>945536504</id>
        <vatNumber>SI95266623</vatNumber>
        <legalName>SIEVA, PODJETJE ZA RAZVOJ IN TRZENJ V AVTOMOBILSKI INDUSTRIJI DOO</legalName>
        <shortName>SiEVA d.o.o.</shortName>
        <address>
          <street>POLJE 15</street>
          <city>Šempeter pri Gorici</city>
          <postalCode>5290</postalCode>
          <country>SI</country>
        </address>
        <relations>
          <categories>
            <category classification="organizationActivityType" type="relatedOrganizationActivityType">
              <availableLanguages readOnly="true">de,en,es,fr,it,pl</availableLanguages>
              <code>/PRC</code>
              <title>Private for-profit entities (excluding Higher or Secondary Education Establishments)</title>
            </category>
          </categories>
          <regions>
            <region type="relatedRegion">
              <name>Slovenia</name>
              <nutsCode>SI</nutsCode>
              <euCode>SI</euCode>
              <isoCode>SI</isoCode>
              <rcn>474647080</rcn>
            </region>
          </regions>
        </relations>
      </organization>
      <organization ecContribution="252125" order="9" terminated="false" type="participant">
        <availableLanguages readOnly="true">en</availableLanguages>
        <rcn>1913407</rcn>
        <id>972028077</id>
        <vatNumber>FR58394601900</vatNumber>
        <legalName>MONDRAGON ASSEMBLY SA</legalName>
        <shortName>MASSO</shortName>
        <address>
          <street>INES ROUTE NATIONALE 7 QUARTIER PRADINES</street>
          <city>ORANGE</city>
          <postalCode>84100</postalCode>
          <country>FR</country>
          <url>www.mondragon-assembly.com</url>
        </address>
        <relations>
          <categories>
            <category classification="organizationActivityType" type="relatedOrganizationActivityType">
              <availableLanguages readOnly="true">de,en,es,fr,it,pl</availableLanguages>
              <code>/PRC</code>
              <title>Private for-profit entities (excluding Higher or Secondary Education Establishments)</title>
            </category>
          </categories>
          <regions>
            <region type="relatedRegion">
              <name>France</name>
              <nutsCode>FR</nutsCode>
              <euCode>FR</euCode>
              <isoCode>FR</isoCode>
              <rcn>258902568</rcn>
            </region>
          </regions>
        </relations>
      </organization>
      <organization ecContribution="117500" order="11" terminated="false" type="participant">
        <availableLanguages readOnly="true">en</availableLanguages>
        <rcn>2191601</rcn>
        <id>954146418</id>
        <vatNumber>FI19231845</vatNumber>
        <legalName>CAVITAR OY</legalName>
        <shortName>CAVITAR</shortName>
        <address>
          <street>KUOKKAMAANTIE 4 A</street>
          <city>TAMPERE</city>
          <postalCode>33800</postalCode>
          <country>FI</country>
          <url>www.cavitar.com</url>
        </address>
        <relations>
          <categories>
            <category classification="organizationActivityType" type="relatedOrganizationActivityType">
              <availableLanguages readOnly="true">de,en,es,fr,it,pl</availableLanguages>
              <code>/PRC</code>
              <title>Private for-profit entities (excluding Higher or Secondary Education Establishments)</title>
            </category>
          </categories>
          <regions>
            <region type="relatedRegion">
              <name>Finland</name>
              <nutsCode>FI</nutsCode>
              <euCode>FI</euCode>
              <isoCode>FI</isoCode>
              <rcn>256543272</rcn>
            </region>
          </regions>
        </relations>
      </organization>
      <organization ecContribution="348263.75" order="5" terminated="false" type="participant">
        <availableLanguages readOnly="true">en</availableLanguages>
        <rcn>1906163</rcn>
        <id>999976881</id>
        <vatNumber>GB648238808</vatNumber>
        <legalName>THE UNIVERSITY OF SHEFFIELD</legalName>
        <shortName>USFD</shortName>
        <address>
          <street>FIRTH COURT WESTERN BANK</street>
          <city>SHEFFIELD</city>
          <postalCode>S10 2TN</postalCode>
          <country>UK</country>
          <url>www.shef.ac.uk</url>
        </address>
        <departmentName>Research Finance</departmentName>
        <relations>
          <categories>
            <category classification="organizationActivityType" type="relatedOrganizationActivityType">
              <availableLanguages readOnly="true">de,en,es,fr,it,pl</availableLanguages>
              <code>/HES</code>
              <title>Higher or Secondary Education Establishments</title>
            </category>
          </categories>
          <regions>
            <region type="relatedRegion">
              <name>United Kingdom</name>
              <nutsCode>UK</nutsCode>
              <euCode>UK</euCode>
              <isoCode>GB</isoCode>
              <rcn>508725800</rcn>
            </region>
          </regions>
        </relations>
      </organization>
      <organization ecContribution="499250" order="2" terminated="false" type="participant">
        <availableLanguages readOnly="true">en</availableLanguages>
        <rcn>1921852</rcn>
        <id>948667082</id>
        <vatNumber>ESF20759072</vatNumber>
        <legalName>LORTEK S COOP</legalName>
        <shortName>LORTEK</shortName>
        <address>
          <street>ARRANOMENDIA KALEA 4 A</street>
          <city>ORDIZIA</city>
          <postalCode>20240</postalCode>
          <country>ES</country>
          <postBox>000</postBox>
          <url>www.lortek.es</url>
        </address>
        <relations>
          <categories>
            <category classification="organizationActivityType" type="relatedOrganizationActivityType">
              <availableLanguages readOnly="true">de,en,es,fr,it,pl</availableLanguages>
              <code>/REC</code>
              <title>Research Organisations</title>
            </category>
          </categories>
          <regions>
            <region type="relatedRegion">
              <name>Spain</name>
              <nutsCode>ES</nutsCode>
              <euCode>ES</euCode>
              <isoCode>ES</isoCode>
              <rcn>242387496</rcn>
            </region>
          </regions>
        </relations>
      </organization>
      <organization ecContribution="100500" order="6" terminated="false" type="participant">
        <availableLanguages readOnly="true">en</availableLanguages>
        <rcn>1923317</rcn>
        <id>997809028</id>
        <vatNumber>DE184355976</vatNumber>
        <legalName>LASERLINE GESELLSCHAFT FUR ENTWICKLUNG UND VERTRIEB VON DIODENLASERN GMBH</legalName>
        <shortName>LASERLINE</shortName>
        <address>
          <street>FRAUNHOFER STRASSE</street>
          <city>MULHEIM KARLICH</city>
          <postalCode>FRAUNHOFER STRASSE</postalCode>
          <country>DE</country>
          <geolocation>50.3894819,7.5222826</geolocation>
        </address>
        <relations>
          <categories>
            <category classification="organizationActivityType" type="relatedOrganizationActivityType">
              <availableLanguages readOnly="true">de,en,es,fr,it,pl</availableLanguages>
              <code>/PRC</code>
              <title>Private for-profit entities (excluding Higher or Secondary Education Establishments)</title>
            </category>
          </categories>
          <regions>
            <region type="relatedRegion">
              <name>Germany</name>
              <nutsCode>DE</nutsCode>
              <euCode>DE</euCode>
              <isoCode>DE</isoCode>
              <rcn>221940264</rcn>
            </region>
          </regions>
        </relations>
      </organization>
      <organization ecContribution="135125" order="8" terminated="false" type="participant">
        <availableLanguages readOnly="true">en</availableLanguages>
        <rcn>2143650</rcn>
        <id>992493913</id>
        <vatNumber>ESF20076758</vatNumber>
        <legalName>orkli sociedad cooperativa</legalName>
        <shortName>Orkli</shortName>
        <address>
          <street>Carretera Zaldibia s/n</street>
          <city>Ordizia</city>
          <postalCode>20240</postalCode>
          <country>ES</country>
          <url>www.orkli.es</url>
        </address>
        <relations>
          <categories>
            <category classification="organizationActivityType" type="relatedOrganizationActivityType">
              <availableLanguages readOnly="true">de,en,es,fr,it,pl</availableLanguages>
              <code>/PRC</code>
              <title>Private for-profit entities (excluding Higher or Secondary Education Establishments)</title>
            </category>
          </categories>
          <regions>
            <region type="relatedRegion">
              <name>Spain</name>
              <nutsCode>ES</nutsCode>
              <euCode>ES</euCode>
              <isoCode>ES</isoCode>
              <rcn>242387496</rcn>
            </region>
          </regions>
        </relations>
      </organization>
      <organization ecContribution="471062.5" order="1" terminated="false" type="coordinator">
        <availableLanguages readOnly="true">en</availableLanguages>
        <rcn>2398594</rcn>
        <id>986554409</id>
        <vatNumber>SI48669776</vatNumber>
        <legalName>HIDRIA AET d.o.o. Druzba za proizvodnjo vzignih sistemov in elektronike d.o.o.</legalName>
        <shortName>HAET</shortName>
        <address>
          <street>POLJUBINJ 89A</street>
          <city>TOLMIN</city>
          <postalCode>5220</postalCode>
          <country>SI</country>
        </address>
        <departmentName>EU projects</departmentName>
        <relations>
          <categories>
            <category classification="organizationActivityType" type="relatedOrganizationActivityType">
              <availableLanguages readOnly="true">de,en,es,fr,it,pl</availableLanguages>
              <code>/PRC</code>
              <title>Private for-profit entities (excluding Higher or Secondary Education Establishments)</title>
            </category>
          </categories>
          <regions>
            <region type="relatedRegion">
              <name>Slovenia</name>
              <nutsCode>SI</nutsCode>
              <euCode>SI</euCode>
              <isoCode>SI</isoCode>
              <rcn>474647080</rcn>
            </region>
          </regions>
        </relations>
      </organization>
      <organization ecContribution="497218.75" order="4" terminated="false" type="participant">
        <availableLanguages readOnly="true">en</availableLanguages>
        <rcn>1966780</rcn>
        <id>996560056</id>
        <vatNumber>ATU64690418</vatNumber>
        <legalName>Research Center for Non Destructive Testing GmbH</legalName>
        <shortName>RECENDT</shortName>
        <address>
          <street>ALTENBERGER STRASSE 69</street>
          <city>Linz</city>
          <postalCode>4040</postalCode>
          <country>AT</country>
          <url>www.recendt.at</url>
        </address>
        <relations>
          <categories>
            <category classification="organizationActivityType" type="relatedOrganizationActivityType">
              <availableLanguages readOnly="true">de,en,es,fr,it,pl</availableLanguages>
              <code>/REC</code>
              <title>Research Organisations</title>
            </category>
          </categories>
          <regions>
            <region type="relatedRegion">
              <name>Austria</name>
              <nutsCode>AT</nutsCode>
              <euCode>AT</euCode>
              <isoCode>AT</isoCode>
              <rcn>175540776</rcn>
            </region>
          </regions>
        </relations>
      </organization>
      <organization ecContribution="487062.5" order="3" terminated="false" type="participant">
        <availableLanguages readOnly="true">en</availableLanguages>
        <rcn>1932203</rcn>
        <id>999588590</id>
        <vatNumber>DE115669907</vatNumber>
        <legalName>LZH LASER ZENTRUM HANNOVER E.V.</legalName>
        <shortName>LZH</shortName>
        <address>
          <street>HOLLERITHALLEE 8</street>
          <city>HANNOVER</city>
          <postalCode>30419</postalCode>
          <country>DE</country>
          <postBox>000</postBox>
        </address>
        <departmentName>Materials and Processes Department</departmentName>
        <relations>
          <categories>
            <category classification="organizationActivityType" type="relatedOrganizationActivityType">
              <availableLanguages readOnly="true">de,en,es,fr,it,pl</availableLanguages>
              <code>/REC</code>
              <title>Research Organisations</title>
            </category>
          </categories>
          <regions>
            <region type="relatedRegion">
              <name>Germany</name>
              <nutsCode>DE</nutsCode>
              <euCode>DE</euCode>
              <isoCode>DE</isoCode>
              <rcn>221940264</rcn>
            </region>
          </regions>
        </relations>
      </organization>
      <organization ecContribution="148750" order="10" terminated="false" type="participant">
        <availableLanguages readOnly="true">en</availableLanguages>
        <rcn>2398603</rcn>
        <id>943858016</id>
        <vatNumber>DE173254180</vatNumber>
        <legalName>4D INGENIEURGESELLSCHAFT FUR TECHNISCHE DIENSTLEISTUNGEN MBH</legalName>
        <shortName>4D</shortName>
        <address>
          <street>BURGWEDELER STRASSE 79</street>
          <city>Isernhagen</city>
          <postalCode>30916</postalCode>
          <country>DE</country>
        </address>
        <relations>
          <categories>
            <category classification="organizationActivityType" type="relatedOrganizationActivityType">
              <availableLanguages readOnly="true">de,en,es,fr,it,pl</availableLanguages>
              <code>/PRC</code>
              <title>Private for-profit entities (excluding Higher or Secondary Education Establishments)</title>
            </category>
          </categories>
          <regions>
            <region type="relatedRegion">
              <name>Germany</name>
              <nutsCode>DE</nutsCode>
              <euCode>DE</euCode>
              <isoCode>DE</isoCode>
              <rcn>221940264</rcn>
            </region>
          </regions>
        </relations>
      </organization>
      <organization ecContribution="221812.5" order="7" terminated="false" type="participant">
        <availableLanguages readOnly="true">en</availableLanguages>
        <rcn>2192317</rcn>
        <id>998177337</id>
        <vatNumber>ESB17048448</vatNumber>
        <legalName>Talleres Mecanicos Comas SLU</legalName>
        <shortName>TMC</shortName>
        <address>
          <street>Avinguda Estacio 54</street>
          <city>Blanes</city>
          <postalCode>17300</postalCode>
          <country>ES</country>
          <postBox>184</postBox>
          <url>www.tmcomas.com</url>
        </address>
        <relations>
          <categories>
            <category classification="organizationActivityType" type="relatedOrganizationActivityType">
              <availableLanguages readOnly="true">de,en,es,fr,it,pl</availableLanguages>
              <code>/PRC</code>
              <title>Private for-profit entities (excluding Higher or Secondary Education Establishments)</title>
            </category>
          </categories>
          <regions>
            <region type="relatedRegion">
              <name>Spain</name>
              <nutsCode>ES</nutsCode>
              <euCode>ES</euCode>
              <isoCode>ES</isoCode>
              <rcn>242387496</rcn>
            </region>
          </regions>
        </relations>
      </organization>
    <categories>
      <category classification="projectFundingSchemeCategory" type="relatedProjectFundingSchemeCategory">
        <availableLanguages readOnly="true">en</availableLanguages>
        <code>/RIA</code>
        <title>Research and Innovation action</title>
      </category>
    </categories>
