  <rcn>193456</rcn>
  <acronym>HEARTOFSTROKE</acronym>
  <objective>My aim is to understand the cause of stroke in every single patient. Brain microinfarcts and macroinfarcts cause a major healthcare burden in Western societies both in terms of morbidity and costs. Cardiovascular thromboemboli from the heart, aorta and neck arteries are considered as the main cause. Still, the vast majority of brain infarcts are unexplained. In contrast to the thromboembolic explanation for brain infarcts, heart infarcts are known to be caused by local atherosclerotic plaque of the coronary arteries and impaired perfusion. This has led to successful preventive and therapeutic strategies against myocardial infarction. For brain infarcts, a blind eye is turned to local atherosclerotic plaque in the intracranial vasculature (Pipes) and impaired Perfusion as possible causes of macro and microinfarcts (Parenchyma). For the ‘3Ps’ (Pipes, Perfusion, Parenchyma) I have created new research fields based on innovative noninvasive arterial spin labeling perfusion MRI, perfusion reserve, perfusion territory and vessel wall MRI methods. In this project, I will go an important step beyond the state of the art by investigating the total intracranial burden of disease of these ‘3Ps’ and systematic evaluations in patients. Pipes: novel methods to visualise and characterise intracranial plaque including inflammatory plaque enhancement, intraplaque haemorrhage and calcification detection. Perfusion: novel methods to investigate hemodynamic impairment in areas with critically low perfusion with noninvasive arterial spin labeling MRI methods and perfusion reserve methods specific for each intracranial perfusion territory. Parenchyma: novel methods to detect microinfarcts. Technical innovations (Pipes, Perfusion) will be applied in synergy to explain micro and macroinfarcts (Parenchyma). Patient specific biomarkers will, similar to the heart, pave the way for designing preventive and therapeutic strategies aimed at reducing the burden of neurodegenerative diseases.</objective>
  <title>The heart of stroke: Pipes, Perfusion, Parenchyma</title>
      <organization ecContribution="1499450" order="1" terminated="false" type="coordinator">
        <availableLanguages readOnly="true">en</availableLanguages>
        <rcn>1906267</rcn>
        <id>999915189</id>
        <vatNumber>NL004205315B01</vatNumber>
        <legalName>UNIVERSITAIR MEDISCH CENTRUM UTRECHT</legalName>
        <shortName>UMC UTRECHT</shortName>
        <address>
          <street>HEIDELBERGLAAN 100</street>
          <city>UTRECHT</city>
          <postalCode>3584 CX</postalCode>
          <country>NL</country>
          <postBox>85500</postBox>
          <url>www.umcutrecht.nl</url>
        </address>
        <departmentName>Pediatrics</departmentName>
        <relations>
          <categories>
            <category classification="organizationActivityType" type="relatedOrganizationActivityType">
              <availableLanguages readOnly="true">de,en,es,fr,it,pl</availableLanguages>
              <code>/HES</code>
              <title>Higher or Secondary Education Establishments</title>
            </category>
          </categories>
          <regions>
            <region type="relatedRegion">
              <name>Netherlands</name>
              <nutsCode>NL</nutsCode>
              <euCode>NL</euCode>
              <isoCode>NL</isoCode>
              <rcn>391547432</rcn>
            </region>
          </regions>
        </relations>
      </organization>
    <categories>
      <category classification="projectFundingSchemeCategory" type="relatedProjectFundingSchemeCategory">
        <availableLanguages readOnly="true">en</availableLanguages>
        <code>/ERC-STG</code>
        <title>Starting Grant</title>
      </category>
    </categories>
