  <rcn>193563</rcn>
  <acronym>MolStruKT</acronym>
  <objective>Accurate chromosome segregation in eukaryotes requires the assembly of the macromolecular kinetochore complex at centromeres to attach chromosomes to the mitotic spindle. The kinetochore proteins are organized in stable subcomplexes that bind to dynamic microtubules and ensure fidelity of sister chromatid separation through feedback control. Characterizing the kinetochore structure will significantly advance our understanding of chromosome segregation and how defects in this process can lead to aneuploidy, which is associated with tumorigenesis. X-ray crystallography has provided detailed insights into the function of subcomplexes, however, a molecular analysis of the native kinetochore subunit architecture is still missing. I have recently combined chemical cross-linking with mass spectrometry (CXMS) which allows for the first time the topological analysis of native macromolecular protein structures by a comprehensive set of distance restraints. Applying this approach to kinetochores assembled on budding yeast minichromosomes I aim to elucidate the architecture of the native centromere-assembled kinetochore complex and analyze how tension sensing by the chromosomal passenger complex is integrated into the structure. Secondly, the systematic analyses of changes in phosphorylation levels and in protein stoichiometries of soluble and nucleosome-associated human kinetochore complexes will reveal how the tight temporal control of assembling a functional kinetochore in mitosis is achieved. Thirdly, I will investigate the architecture of the centromere-associated network of kinetochore proteins by CXMS to unveil its role in directing CENP-A replenishment at mitotic exit in order to maintain centromere identity through generations. The analysis of the native kinetochore structure in different functional states will provide fundamental mechanistic insights and help us to understand how this architecture confers fidelity to centromere propagation and chromosome segregation.</objective>
  <title>Molecular structure and cell cycle regulated assembly of the kinetochore</title>
      <organization ecContribution="1499932" order="1" terminated="false" type="coordinator">
        <availableLanguages readOnly="true">en</availableLanguages>
        <rcn>1905689</rcn>
        <id>999978433</id>
        <vatNumber>DE811205325</vatNumber>
        <legalName>LUDWIG-MAXIMILIANS-UNIVERSITAET MUENCHEN</legalName>
        <shortName>LMU MUENCHEN</shortName>
        <address>
          <street>GESCHWISTER SCHOLL PLATZ  1</street>
          <city>MUENCHEN</city>
          <postalCode>80539</postalCode>
          <country>DE</country>
          <postBox>000</postBox>
          <url>www.uni-muenchen.de</url>
        </address>
        <departmentName>Institute für Informatik</departmentName>
        <relations>
          <categories>
            <category classification="organizationActivityType" type="relatedOrganizationActivityType">
              <availableLanguages readOnly="true">de,en,es,fr,it,pl</availableLanguages>
              <code>/HES</code>
              <title>Higher or Secondary Education Establishments</title>
            </category>
          </categories>
          <regions>
            <region type="relatedRegion">
              <name>Germany</name>
              <nutsCode>DE</nutsCode>
              <euCode>DE</euCode>
              <isoCode>DE</isoCode>
              <rcn>221940264</rcn>
            </region>
          </regions>
        </relations>
      </organization>
    <categories>
      <category classification="projectFundingSchemeCategory" type="relatedProjectFundingSchemeCategory">
        <availableLanguages readOnly="true">en</availableLanguages>
        <code>/ERC-STG</code>
        <title>Starting Grant</title>
      </category>
    </categories>
