  <rcn>193181</rcn>
  <acronym>EuroMix</acronym>
  <objective>Euromix aim to develop an experimentally verified, tiered strategy for the risk assessment of mixtures of multiple chemicals derived from multiple sources across different life stages. The project takes account of the gender dimension and balances the risk of chemicals present in foods against the benefits of those foods.
Important concepts for this new strategy are prioritisation criteria for chemicals based on their exposure and hazard characteristics and evaluation of the role of mode of action in grouping chemicals into cumulative assessment groups. In-silico and in-vitro tools will be developed and verified against in-vivo experiments, with focus on four selected endpoints (liver, hormones, development and immunology) to provide a full proof-of-principle. The EuroMix project will result in an innovative platform of bioassays for mixture testing and refined categorisation of chemicals in cumulative assessment groups.
New hazard and exposure models will be embedded in a model toolbox, made available for stakeholders through an openly accessible web-based platform. Access to the web-based tools will be facilitated by training. Criteria will be set and guidance will be written on how to use and implement the tiered test strategy. Dissemination and harmonisation of the approach within EU, Codex Alimentarius, and WHO will be achieved by involving a.o. WHO and US-EPA in the project and by the participation of experts playing a key role in helping establish international food safety policies.
It is expected that the new mechanism-based strategy, the bioassay platform,  the openly accessible web-based model toolbox, and clear guidance on a tiered hazard and exposure test and risk assessment strategy  will boost innovation in the public and private sector, provide a sound scientific basis for managing risks to public health from chemical mixtures, ultimately reduce the use of laboratory animals, and support the global discussion of risk assessment policies for mixtures.</objective>
  <title>EuroMix</title>
      <organization ecContribution="75093" order="14" terminated="false" type="participant">
        <availableLanguages readOnly="true">en</availableLanguages>
        <rcn>1908735</rcn>
        <id>999478689</id>
        <vatNumber>CZ75010330</vatNumber>
        <legalName>STATNI ZDRAVOTNI USTAV</legalName>
        <shortName>SZU</shortName>
        <address>
          <street>Srobarova 48</street>
          <city>PRAHA 10</city>
          <postalCode>10042</postalCode>
          <country>CZ</country>
          <url>www.szu.cz</url>
        </address>
        <relations>
          <categories>
            <category classification="organizationActivityType" type="relatedOrganizationActivityType">
              <availableLanguages readOnly="true">de,en,es,fr,it,pl</availableLanguages>
              <code>/REC</code>
              <title>Research Organisations</title>
            </category>
          </categories>
          <regions>
            <region type="relatedRegion">
              <name>Czech Republic</name>
              <nutsCode>CZ</nutsCode>
              <euCode>CZ</euCode>
              <isoCode>CZ</isoCode>
              <rcn>210668072</rcn>
            </region>
          </regions>
        </relations>
      </organization>
      <organization ecContribution="425720" order="16" terminated="false" type="participant">
        <availableLanguages readOnly="true">en</availableLanguages>
        <rcn>1907509</rcn>
        <id>999880560</id>
        <vatNumber>ESQ9350003A</vatNumber>
        <legalName>UNIVERSITAT ROVIRA I VIRGILI</legalName>
        <shortName>URV</shortName>
        <address>
          <street>CARRER DE ESCORXADOR</street>
          <city>TARRAGONA</city>
          <postalCode>43003</postalCode>
          <country>ES</country>
          <postBox>000</postBox>
          <url>http://www.urv.cat</url>
        </address>
        <departmentName>Rectorate</departmentName>
        <relations>
          <categories>
            <category classification="organizationActivityType" type="relatedOrganizationActivityType">
              <availableLanguages readOnly="true">de,en,es,fr,it,pl</availableLanguages>
              <code>/HES</code>
              <title>Higher or Secondary Education Establishments</title>
            </category>
          </categories>
          <regions>
            <region type="relatedRegion">
              <name>Spain</name>
              <nutsCode>ES</nutsCode>
              <euCode>ES</euCode>
              <isoCode>ES</isoCode>
              <rcn>242387496</rcn>
            </region>
          </regions>
        </relations>
      </organization>
      <organization ecContribution="797875" order="9" terminated="false" type="participant">
        <availableLanguages readOnly="true">en</availableLanguages>
        <rcn>1914147</rcn>
        <id>998771171</id>
        <legalName>BUNDESINSTITUT FUER RISIKOBEWERTUNG</legalName>
        <shortName>BFR</shortName>
        <address>
          <street>MAX DOHRN STRASSE 8-10</street>
          <city>BERLIN</city>
          <postalCode>10589</postalCode>
          <country>DE</country>
          <url>www.bfr.bund.de</url>
        </address>
        <relations>
          <categories>
            <category classification="organizationActivityType" type="relatedOrganizationActivityType">
              <availableLanguages readOnly="true">de,en,es,fr,it,pl</availableLanguages>
              <code>/REC</code>
              <title>Research Organisations</title>
            </category>
          </categories>
          <regions>
            <region type="relatedRegion">
              <name>Germany</name>
              <nutsCode>DE</nutsCode>
              <euCode>DE</euCode>
              <isoCode>DE</isoCode>
              <rcn>221940264</rcn>
            </region>
          </regions>
        </relations>
      </organization>
      <organization ecContribution="497738" order="15" terminated="false" type="participant">
        <availableLanguages readOnly="true">en</availableLanguages>
        <rcn>1906337</rcn>
        <id>999478883</id>
        <vatNumber>NO983744516MVA</vatNumber>
        <legalName>FOLKEHELSEINSTITUTTET</legalName>
        <shortName>NORWEGIAN INSTITUTE OF PUBLIC HEALTH NIPH</shortName>
        <address>
          <street>LOVISENBERGGATA 8</street>
          <city>OSLO</city>
          <postalCode>0456</postalCode>
          <country>NO</country>
          <postBox>4404 Nydalen</postBox>
          <url>www.fhi.no</url>
        </address>
        <relations>
          <categories>
            <category classification="organizationActivityType" type="relatedOrganizationActivityType">
              <availableLanguages readOnly="true">de,en,es,fr,it,pl</availableLanguages>
              <code>/REC</code>
              <title>Research Organisations</title>
            </category>
          </categories>
          <regions>
            <region type="relatedRegion">
              <name>Norway</name>
              <nutsCode>NO</nutsCode>
              <euCode>NO</euCode>
              <isoCode>NO</isoCode>
              <rcn>392333864</rcn>
            </region>
          </regions>
        </relations>
      </organization>
      <organization ecContribution="297500" order="3" terminated="false" type="participant">
        <availableLanguages readOnly="true">en</availableLanguages>
        <rcn>1905566</rcn>
        <id>999993468</id>
        <vatNumber>GB649926678</vatNumber>
        <legalName>IMPERIAL COLLEGE OF SCIENCE TECHNOLOGY AND MEDICINE</legalName>
        <shortName>Imperial</shortName>
        <address>
          <street>SOUTH KENSINGTON CAMPUS EXHIBITION ROAD</street>
          <city>LONDON</city>
          <postalCode>SW7 2AZ</postalCode>
          <country>UK</country>
          <postBox>N/A</postBox>
          <url>http://www.imperial.ac.uk/</url>
        </address>
        <departmentName>Level 2</departmentName>
        <departmentName>Faculty Building</departmentName>
        <relations>
          <categories>
            <category classification="organizationActivityType" type="relatedOrganizationActivityType">
              <availableLanguages readOnly="true">de,en,es,fr,it,pl</availableLanguages>
              <code>/HES</code>
              <title>Higher or Secondary Education Establishments</title>
            </category>
          </categories>
          <regions>
            <region type="relatedRegion">
              <name>United Kingdom</name>
              <nutsCode>UK</nutsCode>
              <euCode>UK</euCode>
              <isoCode>GB</isoCode>
              <rcn>508725800</rcn>
            </region>
          </regions>
        </relations>
      </organization>
      <organization ecContribution="348958" order="7" terminated="false" type="participant">
        <availableLanguages readOnly="true">en</availableLanguages>
        <rcn>1906194</rcn>
        <id>999986096</id>
        <vatNumber>BE0248015142</vatNumber>
        <legalName>UNIVERSITEIT GENT</legalName>
        <shortName>UGENT</shortName>
        <address>
          <street>SINT PIETERSNIEUWSTRAAT 25</street>
          <city>GENT</city>
          <postalCode>9000</postalCode>
          <country>BE</country>
          <postBox>000</postBox>
          <url>http://www.ugent.be</url>
        </address>
        <departmentName>D</departmentName>
        <relations>
          <categories>
            <category classification="organizationActivityType" type="relatedOrganizationActivityType">
              <availableLanguages readOnly="true">de,en,es,fr,it,pl</availableLanguages>
              <code>/HES</code>
              <title>Higher or Secondary Education Establishments</title>
            </category>
          </categories>
          <regions>
            <region type="relatedRegion">
              <name>Belgium</name>
              <nutsCode>BE</nutsCode>
              <euCode>BE</euCode>
              <isoCode>BE</isoCode>
              <rcn>188385832</rcn>
            </region>
          </regions>
        </relations>
      </organization>
      <organization ecContribution="50313" order="13" terminated="false" type="participant">
        <availableLanguages readOnly="true">en</availableLanguages>
        <rcn>1907608</rcn>
        <id>948891346</id>
        <vatNumber>SI44724535</vatNumber>
        <legalName>NACIONALNI INSTITUT ZA JAVNO ZDRAVJE</legalName>
        <shortName>NIJZ</shortName>
        <address>
          <street>TRUBARJEVA CESTA 2</street>
          <city>LJUBLJANA</city>
          <postalCode>1000</postalCode>
          <country>SI</country>
          <postBox>000</postBox>
          <url>www.nijz.si</url>
        </address>
        <departmentName>Healthcare Informatics Centre</departmentName>
        <relations>
          <categories>
            <category classification="organizationActivityType" type="relatedOrganizationActivityType">
              <availableLanguages readOnly="true">de,en,es,fr,it,pl</availableLanguages>
              <code>/REC</code>
              <title>Research Organisations</title>
            </category>
          </categories>
          <regions>
            <region type="relatedRegion">
              <name>Slovenia</name>
              <nutsCode>SI</nutsCode>
              <euCode>SI</euCode>
              <isoCode>SI</isoCode>
              <rcn>474647080</rcn>
            </region>
          </regions>
        </relations>
      </organization>
      <organization ecContribution="298144" order="6" terminated="false" type="participant">
        <availableLanguages readOnly="true">en</availableLanguages>
        <rcn>1905766</rcn>
        <id>999958063</id>
        <vatNumber>FR73381984921</vatNumber>
        <legalName>INSTITUT NATIONAL DE L ENVIRONNEMENT ET DES RISQUES INERIS</legalName>
        <shortName>INSTITUT NATIONAL DE L ENVIRONNEMENT ET DES RISQUES INERIS</shortName>
        <address>
          <street>Parc Technologique Alata</street>
          <city>VERNEUIL EN HALATTE</city>
          <postalCode>60550</postalCode>
          <country>FR</country>
          <postBox>BP 2</postBox>
          <url>www.ineris.fr</url>
        </address>
        <departmentName>Direction des Risques Accidentels</departmentName>
        <relations>
          <categories>
            <category classification="organizationActivityType" type="relatedOrganizationActivityType">
              <availableLanguages readOnly="true">de,en,es,fr,it,pl</availableLanguages>
              <code>/REC</code>
              <title>Research Organisations</title>
            </category>
          </categories>
          <regions>
            <region type="relatedRegion">
              <name>France</name>
              <nutsCode>FR</nutsCode>
              <euCode>FR</euCode>
              <isoCode>FR</isoCode>
              <rcn>258902568</rcn>
            </region>
          </regions>
        </relations>
      </organization>
      <organization ecContribution="313681" order="11" terminated="false" type="participant">
        <availableLanguages readOnly="true">en</availableLanguages>
        <rcn>1910452</rcn>
        <id>999766100</id>
        <vatNumber>IS92790</vatNumber>
        <legalName>MATIS OHF</legalName>
        <shortName>MATIS</shortName>
        <address>
          <street>VINLANDSLEID 12</street>
          <city>REYKJAVIK</city>
          <postalCode>113</postalCode>
          <country>IS</country>
          <postBox>000</postBox>
          <url>www.matis.is</url>
        </address>
        <relations>
          <categories>
            <category classification="organizationActivityType" type="relatedOrganizationActivityType">
              <availableLanguages readOnly="true">de,en,es,fr,it,pl</availableLanguages>
              <code>/REC</code>
              <title>Research Organisations</title>
            </category>
          </categories>
          <regions>
            <region type="relatedRegion">
              <name>Iceland</name>
              <nutsCode>IS</nutsCode>
              <euCode>IS</euCode>
              <isoCode>IS</isoCode>
              <rcn>309496360</rcn>
            </region>
          </regions>
        </relations>
      </organization>
      <organization ecContribution="0" order="22" terminated="true" type="participant">
        <availableLanguages readOnly="true">en</availableLanguages>
        <rcn>1906475</rcn>
        <id>999904713</id>
        <vatNumber>GB888800181</vatNumber>
        <legalName>THE SECRETARY OF STATE FOR ENVIRONMENT, FOOD AND RURAL AFFAIRS</legalName>
        <shortName>DEFRA</shortName>
        <address>
          <street>Area 1A, Nobel House, Smith Square 17</street>
          <city>LONDON</city>
          <postalCode>SW1P 3JR</postalCode>
          <country>UK</country>
          <url>www.defra.gov.uk</url>
        </address>
        <departmentName>Food and Environment Research Agency</departmentName>
        <relations>
          <categories>
            <category classification="organizationActivityType" type="relatedOrganizationActivityType">
              <availableLanguages readOnly="true">de,en,es,fr,it,pl</availableLanguages>
              <code>/PUB</code>
              <title>Public bodies (excluding Research Organisations and Secondary or Higher Education Establishments)</title>
            </category>
          </categories>
          <regions>
            <region type="relatedRegion">
              <name>United Kingdom</name>
              <nutsCode>UK</nutsCode>
              <euCode>UK</euCode>
              <isoCode>GB</isoCode>
              <rcn>508725800</rcn>
            </region>
          </regions>
        </relations>
      </organization>
      <organization ecContribution="249633" order="17" terminated="false" type="participant">
        <availableLanguages readOnly="true">en</availableLanguages>
        <rcn>1911283</rcn>
        <id>998193633</id>
        <vatNumber>EL090114189</vatNumber>
        <legalName>BENAKI PHYTOPATHOLOGICAL INSTITUTE</legalName>
        <shortName>BPI</shortName>
        <address>
          <street>Stefanou Delta street 8</street>
          <city>ATHINA</city>
          <postalCode>14561</postalCode>
          <country>EL</country>
          <url>www.bpi.gr</url>
        </address>
        <relations>
          <categories>
            <category classification="organizationActivityType" type="relatedOrganizationActivityType">
              <availableLanguages readOnly="true">de,en,es,fr,it,pl</availableLanguages>
              <code>/REC</code>
              <title>Research Organisations</title>
            </category>
          </categories>
          <regions>
            <region type="relatedRegion">
              <name>Greece</name>
              <nutsCode>GR</nutsCode>
              <euCode>EL</euCode>
              <isoCode>GR</isoCode>
              <rcn>240552488</rcn>
            </region>
          </regions>
        </relations>
      </organization>
      <organization ecContribution="48750" order="8" terminated="false" type="participant">
        <availableLanguages readOnly="true">en</availableLanguages>
        <rcn>1962920</rcn>
        <id>997315589</id>
        <vatNumber>BE0413638088</vatNumber>
        <legalName>EUROPEAN FRESH PRODUCE ASSOCIATION AISBL</legalName>
        <shortName>FE</shortName>
        <address>
          <street>RUE DE TREVES   49-51</street>
          <city>BRUXELLES</city>
          <postalCode>1040</postalCode>
          <country>BE</country>
          <url>www.freshfel.org</url>
        </address>
        <relations>
          <categories>
            <category classification="organizationActivityType" type="relatedOrganizationActivityType">
              <availableLanguages readOnly="true">de,en,es,fr,it,pl</availableLanguages>
              <code>/OTH</code>
              <title>Other</title>
            </category>
          </categories>
          <regions>
            <region type="relatedRegion">
              <name>Belgium</name>
              <nutsCode>BE</nutsCode>
              <euCode>BE</euCode>
              <isoCode>BE</isoCode>
              <rcn>188385832</rcn>
            </region>
          </regions>
        </relations>
      </organization>
      <organization ecContribution="1024699.68" order="1" terminated="false" type="coordinator">
        <availableLanguages readOnly="true">en</availableLanguages>
        <rcn>1905799</rcn>
        <id>999991431</id>
        <vatNumber>NL821772302B01</vatNumber>
        <legalName>RIJKSINSTITUUT VOOR VOLKSGEZONDHEID EN MILIEU</legalName>
        <shortName>RIVM</shortName>
        <address>
          <street>Antonie Van Leeuwenhoeklaan  9</street>
          <city>BILTHOVEN</city>
          <postalCode>3721 MA</postalCode>
          <country>NL</country>
          <postBox>1</postBox>
          <url>www.rivm.nl</url>
        </address>
        <relations>
          <categories>
            <category classification="organizationActivityType" type="relatedOrganizationActivityType">
              <availableLanguages readOnly="true">de,en,es,fr,it,pl</availableLanguages>
              <code>/REC</code>
              <title>Research Organisations</title>
            </category>
          </categories>
          <regions>
            <region type="relatedRegion">
              <name>Netherlands</name>
              <nutsCode>NL</nutsCode>
              <euCode>NL</euCode>
              <isoCode>NL</isoCode>
              <rcn>391547432</rcn>
            </region>
          </regions>
        </relations>
      </organization>
      <organization ecContribution="0" order="21" terminated="false" type="participant">
        <availableLanguages readOnly="true">en</availableLanguages>
        <rcn>1905561</rcn>
        <id>999979015</id>
        <vatNumber>CHE115203630</vatNumber>
        <legalName>EIDGENOESSISCHE TECHNISCHE HOCHSCHULE ZUERICH</legalName>
        <shortName>ETH Zürich</shortName>
        <address>
          <street>Raemistrasse  101</street>
          <city>ZUERICH</city>
          <postalCode>8092</postalCode>
          <country>CH</country>
          <postBox>N/A</postBox>
          <url>https://www.ethz.ch/de.html</url>
        </address>
        <departmentName>Integrated Systems Laboratory</departmentName>
        <relations>
          <categories>
            <category classification="organizationActivityType" type="relatedOrganizationActivityType">
              <availableLanguages readOnly="true">de,en,es,fr,it,pl</availableLanguages>
              <code>/HES</code>
              <title>Higher or Secondary Education Establishments</title>
            </category>
          </categories>
          <regions>
            <region type="relatedRegion">
              <name>Switzerland</name>
              <nutsCode>CH</nutsCode>
              <euCode>CH</euCode>
              <isoCode>CH</isoCode>
              <rcn>205949480</rcn>
            </region>
          </regions>
        </relations>
      </organization>
      <organization ecContribution="50000" order="12" terminated="false" type="participant">
        <availableLanguages readOnly="true">en</availableLanguages>
        <rcn>2103497</rcn>
        <id>994267946</id>
        <legalName>Ministry of Health of the Republic of Cyprus</legalName>
        <shortName>Health Ministry</shortName>
        <address>
          <street>1 Prodromou Street &amp; 17 Chilonos Street 1 &amp; 17</street>
          <city>Nicosia</city>
          <postalCode>1448</postalCode>
          <country>CY</country>
        </address>
        <departmentName>ICT</departmentName>
        <relations>
          <categories>
            <category classification="organizationActivityType" type="relatedOrganizationActivityType">
              <availableLanguages readOnly="true">de,en,es,fr,it,pl</availableLanguages>
              <code>/PUB</code>
              <title>Public bodies (excluding Research Organisations and Secondary or Higher Education Establishments)</title>
            </category>
          </categories>
          <regions>
            <region type="relatedRegion">
              <name>Cyprus</name>
              <nutsCode>CY</nutsCode>
              <euCode>CY</euCode>
              <isoCode>CY</isoCode>
              <rcn>210405928</rcn>
            </region>
          </regions>
        </relations>
      </organization>
      <organization ecContribution="74982" order="19" terminated="false" type="participant">
        <availableLanguages readOnly="true">en</availableLanguages>
        <rcn>1905565</rcn>
        <id>999990655</id>
        <vatNumber>DK30060946</vatNumber>
        <legalName>DANMARKS TEKNISKE UNIVERSITET</legalName>
        <shortName>DTU</shortName>
        <address>
          <street>ANKER ENGELUNDSVEJ 1 BYGNING 101 A</street>
          <city>KGS LYNGBY</city>
          <postalCode>2800</postalCode>
          <country>DK</country>
          <postBox>N/A</postBox>
          <url>www.dtu.dk</url>
        </address>
        <departmentName>Department of Photonics Engineering</departmentName>
        <relations>
          <categories>
            <category classification="organizationActivityType" type="relatedOrganizationActivityType">
              <availableLanguages readOnly="true">de,en,es,fr,it,pl</availableLanguages>
              <code>/HES</code>
              <title>Higher or Secondary Education Establishments</title>
            </category>
          </categories>
          <regions>
            <region type="relatedRegion">
              <name>Denmark</name>
              <nutsCode>DK</nutsCode>
              <euCode>DK</euCode>
              <isoCode>DK</isoCode>
              <rcn>223513128</rcn>
            </region>
          </regions>
        </relations>
      </organization>
      <organization ecContribution="592538.81" order="18" terminated="false" type="participant">
        <availableLanguages readOnly="true">en</availableLanguages>
        <rcn>1907167</rcn>
        <id>999995796</id>
        <vatNumber>IT03064870151</vatNumber>
        <legalName>UNIVERSITA DEGLI STUDI DI MILANO</legalName>
        <shortName>UMIL</shortName>
        <address>
          <street>Via Festa Del Perdono  7</street>
          <city>MILANO</city>
          <postalCode>20122</postalCode>
          <country>IT</country>
          <postBox>N/A</postBox>
          <url>www.unimi.it</url>
        </address>
        <departmentName>Department of Computer Science</departmentName>
        <relations>
          <categories>
            <category classification="organizationActivityType" type="relatedOrganizationActivityType">
              <availableLanguages readOnly="true">de,en,es,fr,it,pl</availableLanguages>
              <code>/HES</code>
              <title>Higher or Secondary Education Establishments</title>
            </category>
          </categories>
          <regions>
            <region type="relatedRegion">
              <name>Italy</name>
              <nutsCode>IT</nutsCode>
              <euCode>IT</euCode>
              <isoCode>IT</isoCode>
              <rcn>309758504</rcn>
            </region>
          </regions>
        </relations>
      </organization>
      <organization ecContribution="484702" order="10" terminated="false" type="participant">
        <availableLanguages readOnly="true">en</availableLanguages>
        <rcn>1906240</rcn>
        <id>999978530</id>
        <vatNumber>SE202100297301</vatNumber>
        <legalName>KAROLINSKA INSTITUTET</legalName>
        <shortName>KI</shortName>
        <address>
          <street>Nobels Vag 5</street>
          <city>STOCKHOLM</city>
          <postalCode>17177</postalCode>
          <country>SE</country>
          <postBox>N/A</postBox>
          <url>www.ki.se</url>
        </address>
        <departmentName>Institute of Environmental Medicine</departmentName>
        <relations>
          <categories>
            <category classification="organizationActivityType" type="relatedOrganizationActivityType">
              <availableLanguages readOnly="true">de,en,es,fr,it,pl</availableLanguages>
              <code>/HES</code>
              <title>Higher or Secondary Education Establishments</title>
            </category>
          </categories>
          <regions>
            <region type="relatedRegion">
              <name>Sweden</name>
              <nutsCode>SE</nutsCode>
              <euCode>SE</euCode>
              <isoCode>SE</isoCode>
              <rcn>473598504</rcn>
            </region>
          </regions>
        </relations>
      </organization>
      <organization ecContribution="371039.35" order="23" terminated="false" type="participant">
        <availableLanguages readOnly="true">en</availableLanguages>
        <rcn>2353883</rcn>
        <id>930929856</id>
        <vatNumber>GB618184140</vatNumber>
        <legalName>FERA SCIENCE LIMITED</legalName>
        <shortName>FERA</shortName>
        <address>
          <street>17 ROCHESTER ROW</street>
          <city>LONDON</city>
          <postalCode>SW1P 1QT</postalCode>
          <country>UK</country>
          <postBox>000</postBox>
          <url>www.fera.co.uk</url>
        </address>
        <relations>
          <categories>
            <category classification="organizationActivityType" type="relatedOrganizationActivityType">
              <availableLanguages readOnly="true">de,en,es,fr,it,pl</availableLanguages>
              <code>/PRC</code>
              <title>Private for-profit entities (excluding Higher or Secondary Education Establishments)</title>
            </category>
          </categories>
          <regions>
            <region type="relatedRegion">
              <name>United Kingdom</name>
              <nutsCode>UK</nutsCode>
              <euCode>UK</euCode>
              <isoCode>GB</isoCode>
              <rcn>508725800</rcn>
            </region>
          </regions>
        </relations>
      </organization>
      <organization ecContribution="13229.16" order="20" terminated="false" type="participant">
        <availableLanguages readOnly="true">en</availableLanguages>
        <rcn>1905797</rcn>
        <id>999461811</id>
        <vatNumber>GB888810177</vatNumber>
        <legalName>HEALTH AND SAFETY EXECUTIVE</legalName>
        <shortName>HSE</shortName>
        <address>
          <street>MERTON ROAD, REDGRAVE COURT</street>
          <city>BOOTLE MERSEYSIDE</city>
          <postalCode>L20 7HS</postalCode>
          <country>UK</country>
          <url>http://www.hse.gov.uk</url>
        </address>
        <relations>
          <categories>
            <category classification="organizationActivityType" type="relatedOrganizationActivityType">
              <availableLanguages readOnly="true">de,en,es,fr,it,pl</availableLanguages>
              <code>/REC</code>
              <title>Research Organisations</title>
            </category>
          </categories>
          <regions>
            <region type="relatedRegion">
              <name>United Kingdom</name>
              <nutsCode>UK</nutsCode>
              <euCode>UK</euCode>
              <isoCode>GB</isoCode>
              <rcn>508725800</rcn>
            </region>
          </regions>
        </relations>
      </organization>
      <organization ecContribution="348341" order="5" terminated="false" type="participant">
        <availableLanguages readOnly="true">en</availableLanguages>
        <rcn>1906233</rcn>
        <id>999993274</id>
        <vatNumber>FR57180070039</vatNumber>
        <legalName>INSTITUT NATIONAL DE LA RECHERCHE AGRONOMIQUE</legalName>
        <shortName>INRA</shortName>
        <address>
          <street>Rue De L'Universite  147</street>
          <city>PARIS CEDEX 07</city>
          <postalCode>75338</postalCode>
          <country>FR</country>
          <url>www.inra.fr</url>
        </address>
        <departmentName>INRA</departmentName>
        <departmentName> Centre de Versailles grignon</departmentName>
        <relations>
          <categories>
            <category classification="organizationActivityType" type="relatedOrganizationActivityType">
              <availableLanguages readOnly="true">de,en,es,fr,it,pl</availableLanguages>
              <code>/REC</code>
              <title>Research Organisations</title>
            </category>
          </categories>
          <regions>
            <region type="relatedRegion">
              <name>France</name>
              <nutsCode>FR</nutsCode>
              <euCode>FR</euCode>
              <isoCode>FR</isoCode>
              <rcn>258902568</rcn>
            </region>
          </regions>
        </relations>
      </organization>
      <organization ecContribution="449286" order="4" terminated="false" type="participant">
        <availableLanguages readOnly="true">en</availableLanguages>
        <rcn>1909206</rcn>
        <id>983552356</id>
        <vatNumber>FR54130012024</vatNumber>
        <legalName>AGENCE NATIONALE DE LA SECURITE SANITAIRE DE L ALIMENTATION DE L ENVIRONNEMENT ET DU TRAVAIL</legalName>
        <shortName>ANSES</shortName>
        <address>
          <street>14 RUE PIERRE ET MARIE CURIE</street>
          <city>MAISONS ALFORT</city>
          <postalCode>94700</postalCode>
          <country>FR</country>
          <url>www.anses.fr</url>
        </address>
        <relations>
          <categories>
            <category classification="organizationActivityType" type="relatedOrganizationActivityType">
              <availableLanguages readOnly="true">de,en,es,fr,it,pl</availableLanguages>
              <code>/REC</code>
              <title>Research Organisations</title>
            </category>
          </categories>
          <regions>
            <region type="relatedRegion">
              <name>France</name>
              <nutsCode>FR</nutsCode>
              <euCode>FR</euCode>
              <isoCode>FR</isoCode>
              <rcn>258902568</rcn>
            </region>
          </regions>
        </relations>
      </organization>
      <organization ecContribution="1186874" order="2" terminated="false" type="participant">
        <availableLanguages readOnly="true">en</availableLanguages>
        <rcn>1906407</rcn>
        <id>999547365</id>
        <vatNumber>NL806511618B01</vatNumber>
        <legalName>STICHTING WAGENINGEN RESEARCH</legalName>
        <shortName>WR</shortName>
        <address>
          <street>DROEVENDAALSESTEEG 4</street>
          <city>WAGENINGEN</city>
          <postalCode>6708 PB</postalCode>
          <country>NL</country>
          <postBox>9101</postBox>
          <url>http://www.wageningenur.nl/nl.htm</url>
        </address>
        <departmentName>LEI Wageningen UR</departmentName>
        <relations>
          <categories>
            <category classification="organizationActivityType" type="relatedOrganizationActivityType">
              <availableLanguages readOnly="true">de,en,es,fr,it,pl</availableLanguages>
              <code>/REC</code>
              <title>Research Organisations</title>
            </category>
          </categories>
          <regions>
            <region type="relatedRegion">
              <name>Netherlands</name>
              <nutsCode>NL</nutsCode>
              <euCode>NL</euCode>
              <isoCode>NL</isoCode>
              <rcn>391547432</rcn>
            </region>
          </regions>
        </relations>
      </organization>
    <categories>
      <category classification="projectFundingSchemeCategory" type="relatedProjectFundingSchemeCategory">
        <availableLanguages readOnly="true">en</availableLanguages>
        <code>/RIA</code>
        <title>Research and Innovation action</title>
      </category>
    </categories>
