  <rcn>193343</rcn>
  <acronym>HIPSTER</acronym>
  <objective>High pressure and temperature (HPT) processing is a candidate technology for commercial food processing to obtain safer, high quality food products with extended shelf life, both chilled and shelf stable. Although it is accepted that HPT is environmentally friendly and can help to retain the fresh-like characteristics of foods better than conventional and other novel treatments, it has not yet been scaled-up and fully implemented into the food industry due to two major reasons:
• The lack of knowledge on the inactivation mechanisms and decision making tools enabling food industry to apply and control suitable treatments. In addition, its added value (best quality product) compared to current treatments must be demonstrated
• The unavailability of suitable industrial equipment and process parameters control tools. 
HIPSTER addresses the main barriers preventing the first market introduction and full deployment of HPT. The overall objective of the project is to develop and demonstrate fit for use knowledge, tools and industrial equipments in order to effectively implement this milder processing technology in the food industry. Specific objectives:
- Development of affordable equipment at industrial scale suitable for the implementation of high pressure-temperature (HPT) processing
- Definition of minimum process variables by means of the evaluation of microbiological risks for the main pathogenic and spoilage microorganisms of concern. A public database containing microbial kinetic parameters, determined under well-defined processing conditions will be generated. The database will include new knowledge and data already available.
- Verification and validation of the solutions in an industrial environment, including compliance with legal requirements, economic feasibility, and sustainability
HIPSTER will be implemented by an industry-driven consortium comprising 5 industries (both technology providers and end-users) and 4 RTD organisations.</objective>
  <title>Deployment of high pressure and temperature food processing for sustainable, safe and nutritious foods with fresh-like quality</title>
      <organization ecContribution="113875" order="9" terminated="false" type="participant">
        <availableLanguages readOnly="true">en</availableLanguages>
        <rcn>1920922</rcn>
        <id>985482171</id>
        <vatNumber>BE0821102822</vatNumber>
        <legalName>YOURIS.COM</legalName>
        <shortName>YOURIS</shortName>
        <address>
          <street>DREVE DU PRESSOIR 38</street>
          <city>BRUSSELS</city>
          <postalCode>1190</postalCode>
          <country>BE</country>
          <url>www.youris.com</url>
        </address>
        <relations>
          <categories>
            <category classification="organizationActivityType" type="relatedOrganizationActivityType">
              <availableLanguages readOnly="true">de,en,es,fr,it,pl</availableLanguages>
              <code>/OTH</code>
              <title>Other</title>
            </category>
          </categories>
          <regions>
            <region type="relatedRegion">
              <name>Belgium</name>
              <nutsCode>BE</nutsCode>
              <euCode>BE</euCode>
              <isoCode>BE</isoCode>
              <rcn>188385832</rcn>
            </region>
          </regions>
        </relations>
      </organization>
      <organization ecContribution="134312.5" order="6" terminated="false" type="participant">
        <availableLanguages readOnly="true">en</availableLanguages>
        <rcn>2396533</rcn>
        <id>938940892</id>
        <legalName>INDUSTRIAS ALIMENTARIAS DE NAVARRA SA</legalName>
        <shortName>IAN</shortName>
        <address>
          <street>POLIGONO INDUSTRIAL PENALFONS SN</street>
          <city>VILLAFRANCA</city>
          <postalCode>31330</postalCode>
          <country>ES</country>
        </address>
        <relations>
          <categories>
            <category classification="organizationActivityType" type="relatedOrganizationActivityType">
              <availableLanguages readOnly="true">de,en,es,fr,it,pl</availableLanguages>
              <code>/PRC</code>
              <title>Private for-profit entities (excluding Higher or Secondary Education Establishments)</title>
            </category>
          </categories>
          <regions>
            <region type="relatedRegion">
              <name>Spain</name>
              <nutsCode>ES</nutsCode>
              <euCode>ES</euCode>
              <isoCode>ES</isoCode>
              <rcn>242387496</rcn>
            </region>
          </regions>
        </relations>
      </organization>
      <organization order="7" ecContribution="60375" terminated="false" type="participant">
        <availableLanguages readOnly="true">en</availableLanguages>
        <rcn>1908172</rcn>
        <id>986989939</id>
        <legalName>Marfo B.V</legalName>
        <shortName>MARFO</shortName>
        <address>
          <street>Koperstraat   31</street>
          <city>Lelystad</city>
          <postalCode>8211</postalCode>
          <country>NL</country>
          <postBox>PO box 137</postBox>
          <url>www.marfo.com</url>
        </address>
        <relations>
          <categories>
            <category classification="organizationActivityType" type="relatedOrganizationActivityType">
              <availableLanguages readOnly="true">de,en,es,fr,it,pl</availableLanguages>
              <code>/PRC</code>
              <title>Private for-profit entities (excluding Higher or Secondary Education Establishments)</title>
            </category>
          </categories>
          <regions>
            <region type="relatedRegion">
              <name>Netherlands</name>
              <nutsCode>NL</nutsCode>
              <euCode>NL</euCode>
              <isoCode>NL</isoCode>
              <rcn>391547432</rcn>
            </region>
          </regions>
        </relations>
      </organization>
      <organization ecContribution="300000" order="3" terminated="false" type="participant">
        <availableLanguages readOnly="true">en</availableLanguages>
        <rcn>1905691</rcn>
        <id>999977463</id>
        <vatNumber>DE811193231</vatNumber>
        <legalName>TECHNISCHE UNIVERSITAET MUENCHEN</legalName>
        <shortName>TUM</shortName>
        <address>
          <street>Arcisstrasse  21</street>
          <city>MUENCHEN</city>
          <postalCode>80333</postalCode>
          <country>DE</country>
          <url>www.tu-muenchen.de</url>
        </address>
        <departmentName>TUM Legal Office ZA5</departmentName>
        <relations>
          <categories>
            <category classification="organizationActivityType" type="relatedOrganizationActivityType">
              <availableLanguages readOnly="true">de,en,es,fr,it,pl</availableLanguages>
              <code>/HES</code>
              <title>Higher or Secondary Education Establishments</title>
            </category>
          </categories>
          <regions>
            <region type="relatedRegion">
              <name>Germany</name>
              <nutsCode>DE</nutsCode>
              <euCode>DE</euCode>
              <isoCode>DE</isoCode>
              <rcn>221940264</rcn>
            </region>
          </regions>
        </relations>
      </organization>
      <organization ecContribution="379589.75" order="2" terminated="false" type="participant">
        <availableLanguages readOnly="true">en</availableLanguages>
        <rcn>2396529</rcn>
        <id>938726522</id>
        <legalName>METRONICS TECHNOLOGIES SL</legalName>
        <shortName>METRONICS</shortName>
        <address>
          <street>POLIGONO INDUSTRIAL ARBIDE 1 NAVE 11</street>
          <city>NOAIN NAVARRA</city>
          <postalCode>31110</postalCode>
          <country>ES</country>
        </address>
        <relations>
          <categories>
            <category classification="organizationActivityType" type="relatedOrganizationActivityType">
              <availableLanguages readOnly="true">de,en,es,fr,it,pl</availableLanguages>
              <code>/PRC</code>
              <title>Private for-profit entities (excluding Higher or Secondary Education Establishments)</title>
            </category>
          </categories>
          <regions>
            <region type="relatedRegion">
              <name>Spain</name>
              <nutsCode>ES</nutsCode>
              <euCode>ES</euCode>
              <isoCode>ES</isoCode>
              <rcn>242387496</rcn>
            </region>
          </regions>
        </relations>
      </organization>
      <organization ecContribution="249922.75" order="5" terminated="false" type="participant">
        <availableLanguages readOnly="true">en</availableLanguages>
        <rcn>2062887</rcn>
        <id>963042482</id>
        <legalName>TOP BV</legalName>
        <shortName>TOP</shortName>
        <address>
          <street>AGRO BUSINESS PARK 10</street>
          <city>WAGENINGEN</city>
          <postalCode>6708</postalCode>
          <country>NL</country>
          <url>www.top-bv.nl</url>
        </address>
        <relations>
          <categories>
            <category classification="organizationActivityType" type="relatedOrganizationActivityType">
              <availableLanguages readOnly="true">de,en,es,fr,it,pl</availableLanguages>
              <code>/PRC</code>
              <title>Private for-profit entities (excluding Higher or Secondary Education Establishments)</title>
            </category>
          </categories>
          <regions>
            <region type="relatedRegion">
              <name>Netherlands</name>
              <nutsCode>NL</nutsCode>
              <euCode>NL</euCode>
              <isoCode>NL</isoCode>
              <rcn>391547432</rcn>
            </region>
          </regions>
        </relations>
      </organization>
      <organization ecContribution="437300" order="1" terminated="false" type="coordinator">
        <availableLanguages readOnly="true">en</availableLanguages>
        <rcn>2125854</rcn>
        <id>998317502</id>
        <vatNumber>ESG31096928</vatNumber>
        <legalName>CENTRO NACIONAL DE TECNOLOGIA Y SEGURIDAD ALIMENTARIA</legalName>
        <shortName>CNTA</shortName>
        <address>
          <street>Carretera NA-134 km 50</street>
          <city>San Adrián</city>
          <postalCode>31570</postalCode>
          <country>ES</country>
          <url>www.cnta.es</url>
        </address>
        <relations>
          <categories>
            <category classification="organizationActivityType" type="relatedOrganizationActivityType">
              <availableLanguages readOnly="true">de,en,es,fr,it,pl</availableLanguages>
              <code>/REC</code>
              <title>Research Organisations</title>
            </category>
          </categories>
          <regions>
            <region type="relatedRegion">
              <name>Spain</name>
              <nutsCode>ES</nutsCode>
              <euCode>ES</euCode>
              <isoCode>ES</isoCode>
              <rcn>242387496</rcn>
            </region>
          </regions>
        </relations>
      </organization>
      <organization ecContribution="100303.75" order="8" terminated="false" type="participant">
        <availableLanguages readOnly="true">en</availableLanguages>
        <rcn>1962484</rcn>
        <id>999684620</id>
        <legalName>ACTALIA ASSOCIATION</legalName>
        <shortName>ACTALIA</shortName>
        <address>
          <street>310, RUE POPIELUJKO</street>
          <city>SAINT LO</city>
          <postalCode>50000</postalCode>
          <country>FR</country>
          <postBox>000</postBox>
        </address>
        <relations>
          <categories>
            <category classification="organizationActivityType" type="relatedOrganizationActivityType">
              <availableLanguages readOnly="true">de,en,es,fr,it,pl</availableLanguages>
              <code>/REC</code>
              <title>Research Organisations</title>
            </category>
          </categories>
          <regions>
            <region type="relatedRegion">
              <name>France</name>
              <nutsCode>FR</nutsCode>
              <euCode>FR</euCode>
              <isoCode>FR</isoCode>
              <rcn>258902568</rcn>
            </region>
          </regions>
        </relations>
      </organization>
      <organization ecContribution="203250" order="4" terminated="false" type="participant">
        <availableLanguages readOnly="true">en</availableLanguages>
        <rcn>1905693</rcn>
        <id>999466952</id>
        <vatNumber>IE0650202O</vatNumber>
        <legalName>TEAGASC - AGRICULTURE AND FOOD DEVELOPMENT AUTHORITY</legalName>
        <shortName>TEAGASC</shortName>
        <address>
          <street>Oak Park</street>
          <city>Carlow</city>
          <postalCode>R93</postalCode>
          <country>IE</country>
          <url>www.teagasc.ie</url>
        </address>
        <relations>
          <categories>
            <category classification="organizationActivityType" type="relatedOrganizationActivityType">
              <availableLanguages readOnly="true">de,en,es,fr,it,pl</availableLanguages>
              <code>/REC</code>
              <title>Research Organisations</title>
            </category>
          </categories>
          <regions>
            <region type="relatedRegion">
              <name>Ireland</name>
              <nutsCode>IE</nutsCode>
              <euCode>IE</euCode>
              <isoCode>IE</isoCode>
              <rcn>305826344</rcn>
            </region>
          </regions>
        </relations>
      </organization>
    <categories>
      <category classification="projectFundingSchemeCategory" type="relatedProjectFundingSchemeCategory">
        <availableLanguages readOnly="true">en</availableLanguages>
        <code>/IA</code>
        <title>Innovation action</title>
      </category>
    </categories>
