  <rcn>193424</rcn>
  <acronym>RECOBA</acronym>
  <objective>In many aspects batch processes are superior to continuous. Therefore it is worthwhile to take advantage of recent progress in sensor technologies, modelling and automation to develop a new paradigm for the design and conduction of batch processes: a) operation at maximum efficiency, b) dynamic, quality driven process trajectories rather than fixed schedules c) detailed analysis and tracking of all relevant process and product parameter. The main objective of the proposed project is the maximization of efficiency (reg. quality, energy, raw materials, and costs) of batch processes. 
Integrated process control is essential for an efficient operation of industrial batch processes: it tracks the evolution of product properties, detects deviations from the target values for product quality and derives corrective actions at a stage when an automatic compensation of deviations from an optimal trajectory is still possible. This contributes to optimal energy and raw material utilisation, shortens production time and enhanced the product quality. 
With the ambition to deliver solutions with relevance to all sectors of the process industries, the RECOBA consortium represents a selection of batch processes operating industries and partners across the value chain of batch process control, among them 3 global players from the polymer industry (BASF), the steel industry (TKSE), and the silicon metal industry (ELKEM). 
Within RECOBA there will be developed and validated:
(1) New &amp; innovative solutions for the measurement of different types of quality aspects. 
(2) New models to realise integrated process control of batch processes &amp; suitable online parameter adaptation technologies to keep these models valid.
(3) Control modules to realise concepts for real-time, model based &amp; closed loop process control, which are easily adaptable to existing batch processes in various industrial sectors.
(4) Business models to approach relevant industrial sectors for a future market entry.</objective>
  <title>Cross-sectorial real-time sensing, advanced control and optimisation of batch processes saving energy and raw materials</title>
      <organization ecContribution="749307.5" order="8" terminated="false" type="participant">
        <availableLanguages readOnly="true">en</availableLanguages>
        <rcn>1924493</rcn>
        <id>974206406</id>
        <vatNumber>DE811115987</vatNumber>
        <legalName>VDEH-BETRIEBSFORSCHUNGSINSTITUT GMBH</legalName>
        <shortName>BFI</shortName>
        <address>
          <street>SOHNSTRASSE 65</street>
          <city>DUSSELDORF</city>
          <postalCode>40237</postalCode>
          <country>DE</country>
          <geolocation>51.2367127,6.8142143</geolocation>
        </address>
        <relations>
          <categories>
            <category classification="organizationActivityType" type="relatedOrganizationActivityType">
              <availableLanguages readOnly="true">de,en,es,fr,it,pl</availableLanguages>
              <code>/REC</code>
              <title>Research Organisations</title>
            </category>
          </categories>
          <regions>
            <region type="relatedRegion">
              <name>Germany</name>
              <nutsCode>DE</nutsCode>
              <euCode>DE</euCode>
              <isoCode>DE</isoCode>
              <rcn>221940264</rcn>
            </region>
          </regions>
        </relations>
      </organization>
      <organization ecContribution="888270" order="4" terminated="false" type="participant">
        <availableLanguages readOnly="true">en</availableLanguages>
        <rcn>1905558</rcn>
        <id>999977172</id>
        <vatNumber>GB823847609</vatNumber>
        <legalName>THE CHANCELLOR MASTERS AND SCHOLARS OF THE UNIVERSITY OF CAMBRIDGE</legalName>
        <shortName>UCAM</shortName>
        <address>
          <street>TRINITY LANE THE OLD SCHOOLS</street>
          <city>CAMBRIDGE</city>
          <postalCode>CB2 1TN</postalCode>
          <country>UK</country>
          <postBox>N/A</postBox>
          <url>www.cam.ac.uk</url>
        </address>
        <departmentName>Cambridge Research Office</departmentName>
        <relations>
          <categories>
            <category classification="organizationActivityType" type="relatedOrganizationActivityType">
              <availableLanguages readOnly="true">de,en,es,fr,it,pl</availableLanguages>
              <code>/HES</code>
              <title>Higher or Secondary Education Establishments</title>
            </category>
          </categories>
          <regions>
            <region type="relatedRegion">
              <name>United Kingdom</name>
              <nutsCode>UK</nutsCode>
              <euCode>UK</euCode>
              <isoCode>GB</isoCode>
              <rcn>508725800</rcn>
            </region>
          </regions>
        </relations>
      </organization>
      <organization ecContribution="714012.5" order="9" terminated="false" type="participant">
        <availableLanguages readOnly="true">en</availableLanguages>
        <rcn>1937312</rcn>
        <id>974420485</id>
        <vatNumber>NO982193451MVA</vatNumber>
        <legalName>CYBERNETICA AS</legalName>
        <shortName>CYB</shortName>
        <address>
          <street>LEIRFOSSVEIEN 27</street>
          <city>TRONDHEIM</city>
          <postalCode>7038</postalCode>
          <country>NO</country>
          <url>www.cybernetica.no</url>
        </address>
        <relations>
          <categories>
            <category classification="organizationActivityType" type="relatedOrganizationActivityType">
              <availableLanguages readOnly="true">de,en,es,fr,it,pl</availableLanguages>
              <code>/PRC</code>
              <title>Private for-profit entities (excluding Higher or Secondary Education Establishments)</title>
            </category>
          </categories>
          <regions>
            <region type="relatedRegion">
              <name>Norway</name>
              <nutsCode>NO</nutsCode>
              <euCode>NO</euCode>
              <isoCode>NO</isoCode>
              <rcn>392333864</rcn>
            </region>
          </regions>
        </relations>
      </organization>
      <organization ecContribution="401250" order="5" terminated="false" type="participant">
        <availableLanguages readOnly="true">en</availableLanguages>
        <rcn>1905639</rcn>
        <id>999983962</id>
        <vatNumber>DE121689807</vatNumber>
        <legalName>RHEINISCH-WESTFAELISCHE TECHNISCHE HOCHSCHULE AACHEN</legalName>
        <shortName>RWTH AACHEN</shortName>
        <address>
          <street>TEMPLERGRABEN 55</street>
          <city>AACHEN</city>
          <postalCode>52062</postalCode>
          <country>DE</country>
          <postBox>000</postBox>
          <url>www.rwth-aachen.de</url>
        </address>
        <departmentName>RWTH Aachen</departmentName>
        <relations>
          <categories>
            <category classification="organizationActivityType" type="relatedOrganizationActivityType">
              <availableLanguages readOnly="true">de,en,es,fr,it,pl</availableLanguages>
              <code>/HES</code>
              <title>Higher or Secondary Education Establishments</title>
            </category>
          </categories>
          <regions>
            <region type="relatedRegion">
              <name>Germany</name>
              <nutsCode>DE</nutsCode>
              <euCode>DE</euCode>
              <isoCode>DE</isoCode>
              <rcn>221940264</rcn>
            </region>
          </regions>
        </relations>
      </organization>
      <organization ecContribution="468028.75" order="6" terminated="false" type="participant">
        <availableLanguages readOnly="true">en</availableLanguages>
        <rcn>1908170</rcn>
        <id>999867853</id>
        <vatNumber>CZ60461373</vatNumber>
        <legalName>VYSOKA SKOLA CHEMICKO-TECHNOLOGICKA V PRAZE</legalName>
        <shortName>UCT</shortName>
        <address>
          <street>TECHNICKA 5</street>
          <city>PRAHA</city>
          <postalCode>166 28</postalCode>
          <country>CZ</country>
          <postBox>000</postBox>
          <url>www.vscht.cz</url>
        </address>
        <departmentName>Rectorate</departmentName>
        <departmentName> Department of R&amp;D</departmentName>
        <relations>
          <categories>
            <category classification="organizationActivityType" type="relatedOrganizationActivityType">
              <availableLanguages readOnly="true">de,en,es,fr,it,pl</availableLanguages>
              <code>/HES</code>
              <title>Higher or Secondary Education Establishments</title>
            </category>
          </categories>
          <regions>
            <region type="relatedRegion">
              <name>Czech Republic</name>
              <nutsCode>CZ</nutsCode>
              <euCode>CZ</euCode>
              <isoCode>CZ</isoCode>
              <rcn>210668072</rcn>
            </region>
          </regions>
        </relations>
      </organization>
      <organization ecContribution="413522.5" order="10" terminated="false" type="participant">
        <availableLanguages readOnly="true">en</availableLanguages>
        <rcn>2398256</rcn>
        <id>946526195</id>
        <vatNumber>PL6452207240</vatNumber>
        <legalName>MINKON SP ZOO</legalName>
        <shortName>MINK</shortName>
        <address>
          <street>Ul. Nakielska 42/44</street>
          <city>Tarnowskie Gory</city>
          <postalCode>42600</postalCode>
          <country>PL</country>
        </address>
        <relations>
          <categories>
            <category classification="organizationActivityType" type="relatedOrganizationActivityType">
              <availableLanguages readOnly="true">de,en,es,fr,it,pl</availableLanguages>
              <code>/PRC</code>
              <title>Private for-profit entities (excluding Higher or Secondary Education Establishments)</title>
            </category>
          </categories>
          <regions>
            <region type="relatedRegion">
              <name>Poland</name>
              <nutsCode>PL</nutsCode>
              <euCode>PL</euCode>
              <isoCode>PL</isoCode>
              <rcn>425101864</rcn>
            </region>
          </regions>
        </relations>
      </organization>
      <organization ecContribution="799648.75" order="1" terminated="false" type="coordinator">
        <availableLanguages readOnly="true">en</availableLanguages>
        <rcn>1908197</rcn>
        <id>999829926</id>
        <vatNumber>DE149145247</vatNumber>
        <legalName>BASF SE</legalName>
        <shortName>BASF SE</shortName>
        <address>
          <street>CARL BOSCH STRASSE 38</street>
          <city>LUDWIGSHAFEN AM RHEIN</city>
          <postalCode>67063</postalCode>
          <country>DE</country>
          <postBox>000</postBox>
          <url>www.basf.com</url>
        </address>
        <departmentName>GOH/B R&amp;D Cooperations</departmentName>
        <relations>
          <categories>
            <category classification="organizationActivityType" type="relatedOrganizationActivityType">
              <availableLanguages readOnly="true">de,en,es,fr,it,pl</availableLanguages>
              <code>/PRC</code>
              <title>Private for-profit entities (excluding Higher or Secondary Education Establishments)</title>
            </category>
          </categories>
          <regions>
            <region type="relatedRegion">
              <name>Germany</name>
              <nutsCode>DE</nutsCode>
              <euCode>DE</euCode>
              <isoCode>DE</isoCode>
              <rcn>221940264</rcn>
            </region>
          </regions>
        </relations>
      </organization>
      <organization ecContribution="610397.5" order="3" terminated="false" type="participant">
        <availableLanguages readOnly="true">en</availableLanguages>
        <rcn>2084745</rcn>
        <id>956130456</id>
        <vatNumber>NO911382008MVA</vatNumber>
        <legalName>ELKEM AS</legalName>
        <shortName>EKM</shortName>
        <address>
          <street>DRAMMENSVEIEN 169</street>
          <city>OSLO</city>
          <postalCode>0277</postalCode>
          <country>NO</country>
          <url>www.elkem.com</url>
        </address>
        <relations>
          <categories>
            <category classification="organizationActivityType" type="relatedOrganizationActivityType">
              <availableLanguages readOnly="true">de,en,es,fr,it,pl</availableLanguages>
              <code>/PRC</code>
              <title>Private for-profit entities (excluding Higher or Secondary Education Establishments)</title>
            </category>
          </categories>
          <regions>
            <region type="relatedRegion">
              <name>Norway</name>
              <nutsCode>NO</nutsCode>
              <euCode>NO</euCode>
              <isoCode>NO</isoCode>
              <rcn>392333864</rcn>
            </region>
          </regions>
        </relations>
      </organization>
      <organization ecContribution="505170" order="7" terminated="false" type="participant">
        <availableLanguages readOnly="true">en</availableLanguages>
        <rcn>1907444</rcn>
        <id>999865234</id>
        <vatNumber>ESQ4818001B</vatNumber>
        <legalName>UNIVERSIDAD DEL PAIS VASCO/ EUSKAL HERRIKO UNIBERTSITATEA</legalName>
        <shortName>UPV/EHU</shortName>
        <address>
          <street>BARRIO SARRIENA S N</street>
          <city>LEIOA</city>
          <postalCode>48940</postalCode>
          <country>ES</country>
          <postBox>000</postBox>
          <url>www.ehu.es</url>
        </address>
        <departmentName>Vice-Rectorate for Research</departmentName>
        <relations>
          <categories>
            <category classification="organizationActivityType" type="relatedOrganizationActivityType">
              <availableLanguages readOnly="true">de,en,es,fr,it,pl</availableLanguages>
              <code>/HES</code>
              <title>Higher or Secondary Education Establishments</title>
            </category>
          </categories>
          <regions>
            <region type="relatedRegion">
              <name>Spain</name>
              <nutsCode>ES</nutsCode>
              <euCode>ES</euCode>
              <isoCode>ES</isoCode>
              <rcn>242387496</rcn>
            </region>
          </regions>
        </relations>
      </organization>
      <organization ecContribution="449738.75" order="2" terminated="false" type="participant">
        <availableLanguages readOnly="true">en</availableLanguages>
        <rcn>1910021</rcn>
        <id>999918584</id>
        <vatNumber>DE812178585</vatNumber>
        <legalName>THYSSENKRUPP STEEL EUROPE AG</legalName>
        <shortName>TKSE</shortName>
        <address>
          <street>KAISER WILHELM STRASSE  100</street>
          <city>DUISBURG</city>
          <postalCode>47166</postalCode>
          <country>DE</country>
          <url>www.thyssenkrupp-steel-europe.com</url>
        </address>
        <relations>
          <categories>
            <category classification="organizationActivityType" type="relatedOrganizationActivityType">
              <availableLanguages readOnly="true">de,en,es,fr,it,pl</availableLanguages>
              <code>/PRC</code>
              <title>Private for-profit entities (excluding Higher or Secondary Education Establishments)</title>
            </category>
          </categories>
          <regions>
            <region type="relatedRegion">
              <name>Germany</name>
              <nutsCode>DE</nutsCode>
              <euCode>DE</euCode>
              <isoCode>DE</isoCode>
              <rcn>221940264</rcn>
            </region>
          </regions>
        </relations>
      </organization>
    <categories>
      <category classification="projectFundingSchemeCategory" type="relatedProjectFundingSchemeCategory">
        <availableLanguages readOnly="true">en</availableLanguages>
        <code>/RIA</code>
        <title>Research and Innovation action</title>
      </category>
    </categories>
