  <rcn>193407</rcn>
  <acronym>HIGHTS</acronym>
  <objective>Cooperative intelligent transport system (C-ITS) applications rely on knowledge of the geographical positions of vehicles.  Unfortunately, satellite-based positioning systems (e.g., GPS and Galileo) are unable to provide sufficiently accurate position information for many important applications and in certain challenging but common environments (e.g., urban canyons and tunnels).  This project addresses this problem by combining traditional satellite systems with an innovative use of on-board sensing and infrastructure-based wireless communication technologies (e.g., Wi-Fi, ITS-G5, UWB tracking, Zigbee, Bluetooth, LTE...) to produce advanced, highly-accurate positioning technologies for C-ITS. The results will be integrated into the facilities layer of ETSI C-ITS architecture and will thereby become available for all C-ITS applications, including those targeting the challenging use cases Traffic Safety of Vulnerable Users and Autonomous Driving/platooning. The project will therefore go beyond ego- and infra-structure-based positioning by incorporating them as building blocks to develop an enhanced European-wide positioning service platform based on enhanced Local Dynamic Maps and built on open European standards. Proof-of-concept systems developed in the project will combine infrastructure devices, reference vehicles, communication between road users and offline processing, and will be evaluated under real conditions at TASS' test site in Helmond, with the objective of assessing its capabilities to provide high precision positioning to C-ITS applications. When possible, codes and prototypes will be fully open-source and made available to the larger research community as well as to the automotive industry at the end of the project. All achievements will be published in top-tier events further guaranteeing an open-access to all technical publications produced. The project also aims at a strong commitment to bringing the developed solutions to standardization bodies</objective>
  <title>High precision positioning for cooperative ITS applications</title>
      <organization ecContribution="536250" order="10" terminated="false" type="participant">
        <availableLanguages readOnly="true">en</availableLanguages>
        <rcn>2397810</rcn>
        <id>962842468</id>
        <vatNumber>DE815285488</vatNumber>
        <legalName>ZIGPOS GMBH</legalName>
        <shortName>ZIGPOS</shortName>
        <address>
          <street>RACKNITZHOHE 35A</street>
          <city>DRESDEN</city>
          <postalCode>01217</postalCode>
          <country>DE</country>
        </address>
        <departmentName>R&amp;D</departmentName>
        <relations>
          <categories>
            <category classification="organizationActivityType" type="relatedOrganizationActivityType">
              <availableLanguages readOnly="true">de,en,es,fr,it,pl</availableLanguages>
              <code>/PRC</code>
              <title>Private for-profit entities (excluding Higher or Secondary Education Establishments)</title>
            </category>
          </categories>
          <regions>
            <region type="relatedRegion">
              <name>Germany</name>
              <nutsCode>DE</nutsCode>
              <euCode>DE</euCode>
              <isoCode>DE</isoCode>
              <rcn>221940264</rcn>
            </region>
          </regions>
        </relations>
      </organization>
      <organization ecContribution="288750" order="11" terminated="false" type="participant">
        <availableLanguages readOnly="true">en</availableLanguages>
        <rcn>2397811</rcn>
        <id>937592980</id>
        <vatNumber>NL855157689B01</vatNumber>
        <legalName>PAULSCONSULTANCY BV</legalName>
        <shortName>PaulsConsultancy</shortName>
        <address>
          <street>WITTEVROUWENSTRAAT 10J</street>
          <city>UTRECHT</city>
          <postalCode>3512</postalCode>
          <country>NL</country>
        </address>
        <relations>
          <categories>
            <category classification="organizationActivityType" type="relatedOrganizationActivityType">
              <availableLanguages readOnly="true">de,en,es,fr,it,pl</availableLanguages>
              <code>/PRC</code>
              <title>Private for-profit entities (excluding Higher or Secondary Education Establishments)</title>
            </category>
          </categories>
          <regions>
            <region type="relatedRegion">
              <name>Netherlands</name>
              <nutsCode>NL</nutsCode>
              <euCode>NL</euCode>
              <isoCode>NL</isoCode>
              <rcn>391547432</rcn>
            </region>
          </regions>
        </relations>
      </organization>
      <organization ecContribution="231535" order="7" terminated="false" type="participant">
        <availableLanguages readOnly="true">en</availableLanguages>
        <rcn>1913203</rcn>
        <id>999908787</id>
        <vatNumber>DE811128135</vatNumber>
        <legalName>ROBERT BOSCH GMBH</legalName>
        <shortName>Bosch</shortName>
        <address>
          <street>Robert-Bosch Platz 1</street>
          <city>GERLINGEN-SCHILLERHOEHE</city>
          <postalCode>70839</postalCode>
          <country>DE</country>
          <postBox>106050</postBox>
          <url>www.bosch.com</url>
        </address>
        <departmentName>C/AGP2</departmentName>
        <relations>
          <categories>
            <category classification="organizationActivityType" type="relatedOrganizationActivityType">
              <availableLanguages readOnly="true">de,en,es,fr,it,pl</availableLanguages>
              <code>/PRC</code>
              <title>Private for-profit entities (excluding Higher or Secondary Education Establishments)</title>
            </category>
          </categories>
          <regions>
            <region type="relatedRegion">
              <name>Germany</name>
              <nutsCode>DE</nutsCode>
              <euCode>DE</euCode>
              <isoCode>DE</isoCode>
              <rcn>221940264</rcn>
            </region>
          </regions>
        </relations>
      </organization>
      <organization ecContribution="440300" order="9" terminated="false" type="participant">
        <availableLanguages readOnly="true">en</availableLanguages>
        <rcn>2397809</rcn>
        <id>941799385</id>
        <vatNumber>FR06521277319</vatNumber>
        <legalName>BE SPOON SAS</legalName>
        <shortName>BeSpoon SAS</shortName>
        <address>
          <street>17 rue du Lac St André</street>
          <city>Le Bourget du Lac</city>
          <postalCode>73370</postalCode>
          <country>FR</country>
        </address>
        <relations>
          <categories>
            <category classification="organizationActivityType" type="relatedOrganizationActivityType">
              <availableLanguages readOnly="true">de,en,es,fr,it,pl</availableLanguages>
              <code>/PRC</code>
              <title>Private for-profit entities (excluding Higher or Secondary Education Establishments)</title>
            </category>
          </categories>
          <regions>
            <region type="relatedRegion">
              <name>France</name>
              <nutsCode>FR</nutsCode>
              <euCode>FR</euCode>
              <isoCode>FR</isoCode>
              <rcn>258902568</rcn>
            </region>
          </regions>
        </relations>
      </organization>
      <organization ecContribution="706175" order="4" terminated="false" type="participant">
        <availableLanguages readOnly="true">en</availableLanguages>
        <rcn>1905694</rcn>
        <id>999992401</id>
        <vatNumber>FR43775685019</vatNumber>
        <legalName>COMMISSARIAT A L ENERGIE ATOMIQUE ET AUX ENERGIES ALTERNATIVES</legalName>
        <shortName>CEA</shortName>
        <address>
          <street>RUE LEBLANC  25</street>
          <city>PARIS 15</city>
          <postalCode>75015</postalCode>
          <country>FR</country>
          <postBox>N/A</postBox>
          <url>www.cea.fr</url>
        </address>
        <departmentName>LETI-DTSI</departmentName>
        <relations>
          <categories>
            <category classification="organizationActivityType" type="relatedOrganizationActivityType">
              <availableLanguages readOnly="true">de,en,es,fr,it,pl</availableLanguages>
              <code>/REC</code>
              <title>Research Organisations</title>
            </category>
          </categories>
          <regions>
            <region type="relatedRegion">
              <name>France</name>
              <nutsCode>FR</nutsCode>
              <euCode>FR</euCode>
              <isoCode>FR</isoCode>
              <rcn>258902568</rcn>
            </region>
          </regions>
        </relations>
      </organization>
      <organization ecContribution="542225" order="12" terminated="false" type="participant">
        <availableLanguages readOnly="true">en</availableLanguages>
        <rcn>2397812</rcn>
        <id>937223313</id>
        <vatNumber>DE198612930</vatNumber>
        <legalName>OBJECTIVE SOFTWARE GMBH</legalName>
        <shortName>Objective Software GmbH</shortName>
        <address>
          <street>WELTENBURGER STR 70</street>
          <city>MUNCHEN</city>
          <postalCode>81677</postalCode>
          <country>DE</country>
        </address>
        <relations>
          <categories>
            <category classification="organizationActivityType" type="relatedOrganizationActivityType">
              <availableLanguages readOnly="true">de,en,es,fr,it,pl</availableLanguages>
              <code>/PRC</code>
              <title>Private for-profit entities (excluding Higher or Secondary Education Establishments)</title>
            </category>
          </categories>
          <regions>
            <region type="relatedRegion">
              <name>Germany</name>
              <nutsCode>DE</nutsCode>
              <euCode>DE</euCode>
              <isoCode>DE</isoCode>
              <rcn>221940264</rcn>
            </region>
          </regions>
        </relations>
      </organization>
      <organization ecContribution="203437.5" order="8" terminated="false" type="participant">
        <availableLanguages readOnly="true">en</availableLanguages>
        <rcn>2377576</rcn>
        <id>937654090</id>
        <vatNumber>NL850110373B01</vatNumber>
        <legalName>TASS INTERNATIONAL MOBILITY CENTER BV</legalName>
        <shortName>TASS</shortName>
        <address>
          <street>AUTOMOTIVE CAMPUS 10</street>
          <city>HELMOND</city>
          <postalCode>5708 JZ</postalCode>
          <country>NL</country>
        </address>
        <relations>
          <categories>
            <category classification="organizationActivityType" type="relatedOrganizationActivityType">
              <availableLanguages readOnly="true">de,en,es,fr,it,pl</availableLanguages>
              <code>/PRC</code>
              <title>Private for-profit entities (excluding Higher or Secondary Education Establishments)</title>
            </category>
          </categories>
          <regions>
            <region type="relatedRegion">
              <name>Netherlands</name>
              <nutsCode>NL</nutsCode>
              <euCode>NL</euCode>
              <isoCode>NL</isoCode>
              <rcn>391547432</rcn>
            </region>
          </regions>
        </relations>
      </organization>
      <organization ecContribution="917500" order="1" terminated="false" type="coordinator">
        <availableLanguages readOnly="true">en</availableLanguages>
        <rcn>1914932</rcn>
        <id>999897147</id>
        <vatNumber>DE199098639</vatNumber>
        <legalName>JACOBS UNIVERSITY BREMEN GGMBH</legalName>
        <shortName>JacobsUni</shortName>
        <address>
          <street>CAMPUS RING 1</street>
          <city>BREMEN</city>
          <postalCode>28759</postalCode>
          <country>DE</country>
          <postBox>N/A</postBox>
          <url>http://www.jacobs-university.de/</url>
        </address>
        <departmentName>Business Administration</departmentName>
        <relations>
          <categories>
            <category classification="organizationActivityType" type="relatedOrganizationActivityType">
              <availableLanguages readOnly="true">de,en,es,fr,it,pl</availableLanguages>
              <code>/HES</code>
              <title>Higher or Secondary Education Establishments</title>
            </category>
          </categories>
          <regions>
            <region type="relatedRegion">
              <name>Germany</name>
              <nutsCode>DE</nutsCode>
              <euCode>DE</euCode>
              <isoCode>DE</isoCode>
              <rcn>221940264</rcn>
            </region>
          </regions>
        </relations>
      </organization>
      <organization ecContribution="608146" order="3" terminated="false" type="participant">
        <availableLanguages readOnly="true">en</availableLanguages>
        <rcn>1905579</rcn>
        <id>999981731</id>
        <vatNumber>DE121965658</vatNumber>
        <legalName>DEUTSCHES ZENTRUM FUER LUFT - UND RAUMFAHRT EV</legalName>
        <shortName>DLR</shortName>
        <address>
          <street>Linder Hoehe</street>
          <city>KOELN</city>
          <postalCode>51147</postalCode>
          <country>DE</country>
          <url>www.dlr.de</url>
        </address>
        <departmentName>Contract Administration Oberpfaffenhofen</departmentName>
        <relations>
          <categories>
            <category classification="organizationActivityType" type="relatedOrganizationActivityType">
              <availableLanguages readOnly="true">de,en,es,fr,it,pl</availableLanguages>
              <code>/REC</code>
              <title>Research Organisations</title>
            </category>
          </categories>
          <regions>
            <region type="relatedRegion">
              <name>Germany</name>
              <nutsCode>DE</nutsCode>
              <euCode>DE</euCode>
              <isoCode>DE</isoCode>
              <rcn>221940264</rcn>
            </region>
          </regions>
        </relations>
      </organization>
      <organization ecContribution="125625" order="14" terminated="false" type="participant">
        <availableLanguages readOnly="true">en</availableLanguages>
        <rcn>2379848</rcn>
        <id>968974226</id>
        <vatNumber>DE268664864</vatNumber>
        <legalName>INNOTEC21 GMBH</legalName>
        <shortName>IT21</shortName>
        <address>
          <street>GOHLISER STRASSE 13</street>
          <city>LEIPZIG</city>
          <postalCode>04105</postalCode>
          <country>DE</country>
        </address>
        <departmentName>-</departmentName>
        <relations>
          <categories>
            <category classification="organizationActivityType" type="relatedOrganizationActivityType">
              <availableLanguages readOnly="true">de,en,es,fr,it,pl</availableLanguages>
              <code>/PRC</code>
              <title>Private for-profit entities (excluding Higher or Secondary Education Establishments)</title>
            </category>
          </categories>
          <regions>
            <region type="relatedRegion">
              <name>Germany</name>
              <nutsCode>DE</nutsCode>
              <euCode>DE</euCode>
              <isoCode>DE</isoCode>
              <rcn>221940264</rcn>
            </region>
          </regions>
        </relations>
      </organization>
      <organization ecContribution="327593.75" order="13" terminated="false" type="participant">
        <availableLanguages readOnly="true">en</availableLanguages>
        <rcn>1949268</rcn>
        <id>954771874</id>
        <vatNumber>DE268459591</vatNumber>
        <legalName>IBEO AUTOMOTIVE SYSTEMS GMBH</legalName>
        <shortName>IBEO</shortName>
        <address>
          <street>MERKURRING 60-62</street>
          <city>HAMBURG</city>
          <postalCode>22143</postalCode>
          <country>DE</country>
          <url>www.ibeo-as.com</url>
        </address>
        <relations>
          <categories>
            <category classification="organizationActivityType" type="relatedOrganizationActivityType">
              <availableLanguages readOnly="true">de,en,es,fr,it,pl</availableLanguages>
              <code>/PRC</code>
              <title>Private for-profit entities (excluding Higher or Secondary Education Establishments)</title>
            </category>
          </categories>
          <regions>
            <region type="relatedRegion">
              <name>Germany</name>
              <nutsCode>DE</nutsCode>
              <euCode>DE</euCode>
              <isoCode>DE</isoCode>
              <rcn>221940264</rcn>
            </region>
          </regions>
        </relations>
      </organization>
      <organization ecContribution="487678.75" order="2" terminated="false" type="participant">
        <availableLanguages readOnly="true">en</availableLanguages>
        <rcn>2098722</rcn>
        <id>999606147</id>
        <vatNumber>FR65383181575</vatNumber>
        <legalName>EURECOM</legalName>
        <shortName>EURECOM</shortName>
        <address>
          <street>ROUTE DES CHAPPES 450 CAMPUS SOPHIATECH</street>
          <city>BIOT</city>
          <postalCode>06410</postalCode>
          <country>FR</country>
          <postBox>193</postBox>
          <url>www.eurecom.fr</url>
        </address>
        <departmentName>General secretariat</departmentName>
        <relations>
          <categories>
            <category classification="organizationActivityType" type="relatedOrganizationActivityType">
              <availableLanguages readOnly="true">de,en,es,fr,it,pl</availableLanguages>
              <code>/HES</code>
              <title>Higher or Secondary Education Establishments</title>
            </category>
          </categories>
          <regions>
            <region type="relatedRegion">
              <name>France</name>
              <nutsCode>FR</nutsCode>
              <euCode>FR</euCode>
              <isoCode>FR</isoCode>
              <rcn>258902568</rcn>
            </region>
          </regions>
        </relations>
      </organization>
      <organization ecContribution="181250" order="6" terminated="false" type="participant">
        <availableLanguages readOnly="true">en</availableLanguages>
        <rcn>2397806</rcn>
        <id>996623882</id>
        <vatNumber>LU23009227</vatNumber>
        <legalName>FBCONSULTING SARL</legalName>
        <shortName>FBConsulting S.A.R.L.</shortName>
        <address>
          <street>ROUTE DE LUXEMBOURG 21</street>
          <city>WASSERBILLIG</city>
          <postalCode>6633</postalCode>
          <country>LU</country>
        </address>
        <relations>
          <categories>
            <category classification="organizationActivityType" type="relatedOrganizationActivityType">
              <availableLanguages readOnly="true">de,en,es,fr,it,pl</availableLanguages>
              <code>/PRC</code>
              <title>Private for-profit entities (excluding Higher or Secondary Education Establishments)</title>
            </category>
          </categories>
          <regions>
            <region type="relatedRegion">
              <name>Luxembourg</name>
              <nutsCode>LU</nutsCode>
              <euCode>LU</euCode>
              <isoCode>LU</isoCode>
              <rcn>360352296</rcn>
            </region>
          </regions>
        </relations>
      </organization>
      <organization ecContribution="403150" order="5" terminated="false" type="participant">
        <availableLanguages readOnly="true">en</availableLanguages>
        <rcn>1905553</rcn>
        <id>999980373</id>
        <vatNumber>SE556479559801</vatNumber>
        <legalName>CHALMERS TEKNISKA HOEGSKOLA AB</legalName>
        <shortName>Chalmers</shortName>
        <address>
          <street>-</street>
          <city>GOETEBORG</city>
          <postalCode>41296</postalCode>
          <country>SE</country>
          <postBox>N/A</postBox>
          <url>www.chalmers.se</url>
        </address>
        <departmentName>SAFER - Vehicle and Traffic Safety Centre at Chalmers</departmentName>
        <relations>
          <categories>
            <category classification="organizationActivityType" type="relatedOrganizationActivityType">
              <availableLanguages readOnly="true">de,en,es,fr,it,pl</availableLanguages>
              <code>/HES</code>
              <title>Higher or Secondary Education Establishments</title>
            </category>
          </categories>
          <regions>
            <region type="relatedRegion">
              <name>Sweden</name>
              <nutsCode>SE</nutsCode>
              <euCode>SE</euCode>
              <isoCode>SE</isoCode>
              <rcn>473598504</rcn>
            </region>
          </regions>
        </relations>
      </organization>
    <categories>
      <category classification="projectFundingSchemeCategory" type="relatedProjectFundingSchemeCategory">
        <availableLanguages readOnly="true">en</availableLanguages>
        <code>/RIA</code>
        <title>Research and Innovation action</title>
      </category>
    </categories>
