  <rcn>193246</rcn>
  <acronym>APERIM</acronym>
  <objective>Cancer treatment platforms that involve the use of the adaptive immune system have demonstrated profound tumour regressions including complete cure. Importantly, technological advances in next-generation sequencing (NGS) allow for the first time the development of personalised cancer immunotherapies that target patient specific mutations. However, clinical application is currently hampered by specific bottlenecks in bioinformatics, which we aim to address in this proposal. 

The overall objective of our trans-disciplinary network of leading experts in bioinformatics and cancer immunology is to develop an Advanced bioinformatics platform for PERrsonalised cancer IMmunotherapy (APERIM). Specifically we aim to develop: 

1) database for the integration of NGS data, images of whole tissue slides of tumour sections, and clinical data. To enhance the usability and the data sharing we will use semantic web technologies, and will provide standardised interfaces to a set of analytical tools. 

2) tools for automated quantification of tumour-infiltrating lymphocytes using whole tissue slide images and NGS data for patient stratification.

3) analytical pipeline for NGS-guided individualised cancer vaccines including crucial NGS data analysis and epitope selection components for the selection of vaccination targets.

4) a method for deriving T-cell receptor (TCR) sequences from NGS data and predicting TCR specificity.

We will achieve these aims using unique training and validation datasets available to the consortium. We will develop user-friendly software modules as well as analytical standard operating procedures for clinical use, and apply the bioinformatics platform in clinical settings. The bioinformatics platform will considerably accelerate the clinical translation and maximise the accessibility and utility of biomedical data in research and medicine.</objective>
  <title>APERIM: Advanced bioinformatics platform for PERsonalised cancer IMmunotherapy</title>
      <organization ecContribution="258000" order="6" terminated="false" type="participant">
        <availableLanguages readOnly="true">en</availableLanguages>
        <rcn>1906210</rcn>
        <id>999997833</id>
        <vatNumber>FR31180036048</vatNumber>
        <legalName>INSTITUT NATIONAL DE LA SANTE ET DE LA RECHERCHE MEDICALE</legalName>
        <shortName>INSERM</shortName>
        <address>
          <street>RUE DE TOLBIAC 101</street>
          <city>PARIS</city>
          <postalCode>75654</postalCode>
          <country>FR</country>
          <postBox>N/A</postBox>
          <url>www.inserm.fr</url>
        </address>
        <departmentName>Délégation Régionale Nord-Ouest</departmentName>
        <relations>
          <categories>
            <category classification="organizationActivityType" type="relatedOrganizationActivityType">
              <availableLanguages readOnly="true">de,en,es,fr,it,pl</availableLanguages>
              <code>/REC</code>
              <title>Research Organisations</title>
            </category>
          </categories>
          <regions>
            <region type="relatedRegion">
              <name>France</name>
              <nutsCode>FR</nutsCode>
              <euCode>FR</euCode>
              <isoCode>FR</isoCode>
              <rcn>258902568</rcn>
            </region>
          </regions>
        </relations>
      </organization>
      <organization ecContribution="135250" order="5" terminated="false" type="participant">
        <availableLanguages readOnly="true">en</availableLanguages>
        <rcn>1910106</rcn>
        <id>999880657</id>
        <vatNumber>CZ00216224</vatNumber>
        <legalName>Masarykova univerzita</legalName>
        <shortName>MU</shortName>
        <address>
          <street>Zerotinovo namesti 9</street>
          <city>BRNO STRED</city>
          <postalCode>60177</postalCode>
          <country>CZ</country>
          <url>http://www.muni.cz</url>
        </address>
        <departmentName>Faculty of Informatics</departmentName>
        <relations>
          <categories>
            <category classification="organizationActivityType" type="relatedOrganizationActivityType">
              <availableLanguages readOnly="true">de,en,es,fr,it,pl</availableLanguages>
              <code>/HES</code>
              <title>Higher or Secondary Education Establishments</title>
            </category>
          </categories>
          <regions>
            <region type="relatedRegion">
              <name>Czech Republic</name>
              <nutsCode>CZ</nutsCode>
              <euCode>CZ</euCode>
              <isoCode>CZ</isoCode>
              <rcn>210668072</rcn>
            </region>
          </regions>
        </relations>
      </organization>
      <organization ecContribution="327000" order="9" terminated="false" type="participant">
        <availableLanguages readOnly="true">en</availableLanguages>
        <rcn>1905768</rcn>
        <id>998579887</id>
        <vatNumber>DE167014845</vatNumber>
        <legalName>DEFINIENS AG</legalName>
        <shortName>Definiens</shortName>
        <address>
          <street>BERNHARD WICKI STR 5</street>
          <city>MUNCHEN</city>
          <postalCode>80636</postalCode>
          <country>DE</country>
          <url>www.definiens.com</url>
        </address>
        <relations>
          <categories>
            <category classification="organizationActivityType" type="relatedOrganizationActivityType">
              <availableLanguages readOnly="true">de,en,es,fr,it,pl</availableLanguages>
              <code>/PRC</code>
              <title>Private for-profit entities (excluding Higher or Secondary Education Establishments)</title>
            </category>
          </categories>
          <regions>
            <region type="relatedRegion">
              <name>Germany</name>
              <nutsCode>DE</nutsCode>
              <euCode>DE</euCode>
              <isoCode>DE</isoCode>
              <rcn>221940264</rcn>
            </region>
          </regions>
        </relations>
      </organization>
      <organization ecContribution="420540" order="1" terminated="false" type="coordinator">
        <availableLanguages readOnly="true">en</availableLanguages>
        <rcn>1907598</rcn>
        <id>999855437</id>
        <vatNumber>ATU57495455</vatNumber>
        <legalName>MEDIZINISCHE UNIVERSITAT INNSBRUCK</legalName>
        <shortName>MUI</shortName>
        <address>
          <street>CHRISTOPH PROBST PLATZ 1</street>
          <city>INNSBRUCK</city>
          <postalCode>6020</postalCode>
          <country>AT</country>
          <postBox>N/A</postBox>
          <url>www.i-med.ac.at</url>
        </address>
        <departmentName>Servicecenter Forschung</departmentName>
        <relations>
          <categories>
            <category classification="organizationActivityType" type="relatedOrganizationActivityType">
              <availableLanguages readOnly="true">de,en,es,fr,it,pl</availableLanguages>
              <code>/HES</code>
              <title>Higher or Secondary Education Establishments</title>
            </category>
          </categories>
          <regions>
            <region type="relatedRegion">
              <name>Austria</name>
              <nutsCode>AT</nutsCode>
              <euCode>AT</euCode>
              <isoCode>AT</isoCode>
              <rcn>175540776</rcn>
            </region>
          </regions>
        </relations>
      </organization>
      <organization ecContribution="307125" order="10" terminated="false" type="participant">
        <availableLanguages readOnly="true">en</availableLanguages>
        <rcn>2391861</rcn>
        <id>956640482</id>
        <vatNumber>DE276099525</vatNumber>
        <legalName>APTAIT GMBH</legalName>
        <shortName>AptaIT</shortName>
        <address>
          <street>LEONHARDISTRASSE 2E</street>
          <city>DIESSEN</city>
          <postalCode>86911</postalCode>
          <country>DE</country>
        </address>
        <relations>
          <categories>
            <category classification="organizationActivityType" type="relatedOrganizationActivityType">
              <availableLanguages readOnly="true">de,en,es,fr,it,pl</availableLanguages>
              <code>/PRC</code>
              <title>Private for-profit entities (excluding Higher or Secondary Education Establishments)</title>
            </category>
          </categories>
          <regions>
            <region type="relatedRegion">
              <name>Germany</name>
              <nutsCode>DE</nutsCode>
              <euCode>DE</euCode>
              <isoCode>DE</isoCode>
              <rcn>221940264</rcn>
            </region>
          </regions>
        </relations>
      </organization>
      <organization ecContribution="243360" order="11" terminated="false" type="participant">
        <availableLanguages readOnly="true">en</availableLanguages>
        <rcn>2094752</rcn>
        <id>998806382</id>
        <vatNumber>ATU53747904</vatNumber>
        <legalName>CENTER OF EXCELLENCE IN MEDICINE AND IT GMBH</legalName>
        <shortName>Cemit</shortName>
        <address>
          <street>KARL KAPFERER STRASSE 5</street>
          <city>INNSBRUCK</city>
          <postalCode>6020</postalCode>
          <country>AT</country>
          <url>www.cemit.at</url>
        </address>
        <relations>
          <categories>
            <category classification="organizationActivityType" type="relatedOrganizationActivityType">
              <availableLanguages readOnly="true">de,en,es,fr,it,pl</availableLanguages>
              <code>/PRC</code>
              <title>Private for-profit entities (excluding Higher or Secondary Education Establishments)</title>
            </category>
          </categories>
          <regions>
            <region type="relatedRegion">
              <name>Austria</name>
              <nutsCode>AT</nutsCode>
              <euCode>AT</euCode>
              <isoCode>AT</isoCode>
              <rcn>175540776</rcn>
            </region>
          </regions>
        </relations>
      </organization>
      <organization ecContribution="279000" order="8" terminated="false" type="participant">
        <availableLanguages readOnly="true">en</availableLanguages>
        <rcn>1908705</rcn>
        <id>999984738</id>
        <vatNumber>NL002562169B01</vatNumber>
        <legalName>STICHTING HET NEDERLANDS KANKER INSTITUUT-ANTONI VAN LEEUWENHOEK ZIEKENHUIS</legalName>
        <shortName>NKI AVL</shortName>
        <address>
          <street>PLESMANLAAN 121</street>
          <city>AMSTERDAM</city>
          <postalCode>1066 CX</postalCode>
          <country>NL</country>
          <postBox>N/A</postBox>
          <url>www.nki.nl</url>
        </address>
        <departmentName>NKI-AVL</departmentName>
        <relations>
          <categories>
            <category classification="organizationActivityType" type="relatedOrganizationActivityType">
              <availableLanguages readOnly="true">de,en,es,fr,it,pl</availableLanguages>
              <code>/REC</code>
              <title>Research Organisations</title>
            </category>
          </categories>
          <regions>
            <region type="relatedRegion">
              <name>Netherlands</name>
              <nutsCode>NL</nutsCode>
              <euCode>NL</euCode>
              <isoCode>NL</isoCode>
              <rcn>391547432</rcn>
            </region>
          </regions>
        </relations>
      </organization>
      <organization ecContribution="347250" order="7" terminated="false" type="participant">
        <availableLanguages readOnly="true">en</availableLanguages>
        <rcn>2198652</rcn>
        <id>959576381</id>
        <vatNumber>DE269156552</vatNumber>
        <legalName>TRON - TRANSLATIONALE ONKOLOGIE ANDER UNIVERSITATSMEDIZIN DER JOHANNES GUTENBERG-UNIVERSITAT MAINZ GEMEINNUTZIGE GMBH</legalName>
        <shortName>TRON</shortName>
        <address>
          <street>FREILIGRATHSTRASSE 12</street>
          <city>MAINZ</city>
          <postalCode>55131</postalCode>
          <country>DE</country>
          <url>http://www.tron-mainz.de/</url>
        </address>
        <relations>
          <categories>
            <category classification="organizationActivityType" type="relatedOrganizationActivityType">
              <availableLanguages readOnly="true">de,en,es,fr,it,pl</availableLanguages>
              <code>/REC</code>
              <title>Research Organisations</title>
            </category>
          </categories>
          <regions>
            <region type="relatedRegion">
              <name>Germany</name>
              <nutsCode>DE</nutsCode>
              <euCode>DE</euCode>
              <isoCode>DE</isoCode>
              <rcn>221940264</rcn>
            </region>
          </regions>
        </relations>
      </organization>
      <organization ecContribution="185262.5" order="2" terminated="false" type="participant">
        <availableLanguages readOnly="true">en</availableLanguages>
        <rcn>1907200</rcn>
        <id>998922879</id>
        <vatNumber>ESG82316753</vatNumber>
        <legalName>FUNDACION CENTRO NACIONAL DE INVESTIGACIONES CARDIOVASCULARES CARLOS III</legalName>
        <shortName>CNIC</shortName>
        <address>
          <street>C/ MELCHOR FERNANDEZ ALMAGRO  3</street>
          <city>MADRID</city>
          <postalCode>28029</postalCode>
          <country>ES</country>
          <url>www.cnic.es</url>
        </address>
        <departmentName>Traslational Platform</departmentName>
        <relations>
          <categories>
            <category classification="organizationActivityType" type="relatedOrganizationActivityType">
              <availableLanguages readOnly="true">de,en,es,fr,it,pl</availableLanguages>
              <code>/REC</code>
              <title>Research Organisations</title>
            </category>
          </categories>
          <regions>
            <region type="relatedRegion">
              <name>Spain</name>
              <nutsCode>ES</nutsCode>
              <euCode>ES</euCode>
              <isoCode>ES</isoCode>
              <rcn>242387496</rcn>
            </region>
          </regions>
        </relations>
      </organization>
      <organization ecContribution="249000" order="4" terminated="false" type="participant">
        <availableLanguages readOnly="true">en</availableLanguages>
        <rcn>1905698</rcn>
        <id>999985805</id>
        <vatNumber>NL001798650B01</vatNumber>
        <legalName>UNIVERSITEIT UTRECHT</legalName>
        <shortName>UU</shortName>
        <address>
          <street>HEIDELBERGLAAN 8</street>
          <city>UTRECHT</city>
          <postalCode>3584 CS</postalCode>
          <country>NL</country>
          <postBox>N/A</postBox>
          <url>www.uu.nl</url>
        </address>
        <departmentName>Freudenthal Instituut</departmentName>
        <relations>
          <categories>
            <category classification="organizationActivityType" type="relatedOrganizationActivityType">
              <availableLanguages readOnly="true">de,en,es,fr,it,pl</availableLanguages>
              <code>/HES</code>
              <title>Higher or Secondary Education Establishments</title>
            </category>
          </categories>
          <regions>
            <region type="relatedRegion">
              <name>Netherlands</name>
              <nutsCode>NL</nutsCode>
              <euCode>NL</euCode>
              <isoCode>NL</isoCode>
              <rcn>391547432</rcn>
            </region>
          </regions>
        </relations>
      </organization>
      <organization ecContribution="247500" order="3" terminated="false" type="participant">
        <availableLanguages readOnly="true">en</availableLanguages>
        <rcn>1905979</rcn>
        <id>999991916</id>
        <vatNumber>DE812383453</vatNumber>
        <legalName>EBERHARD KARLS UNIVERSITAET TUEBINGEN</legalName>
        <shortName>EKUT</shortName>
        <address>
          <street>GESCHWISTER-SCHOLL-PLATZ</street>
          <city>TUEBINGEN</city>
          <postalCode>72074</postalCode>
          <country>DE</country>
          <postBox>N/A</postBox>
          <url>www.uni-tuebingen.de</url>
        </address>
        <departmentName>Cognitive Neurology</departmentName>
        <departmentName> Medicine Department</departmentName>
        <relations>
          <categories>
            <category classification="organizationActivityType" type="relatedOrganizationActivityType">
              <availableLanguages readOnly="true">de,en,es,fr,it,pl</availableLanguages>
              <code>/HES</code>
              <title>Higher or Secondary Education Establishments</title>
            </category>
          </categories>
          <regions>
            <region type="relatedRegion">
              <name>Germany</name>
              <nutsCode>DE</nutsCode>
              <euCode>DE</euCode>
              <isoCode>DE</isoCode>
              <rcn>221940264</rcn>
            </region>
          </regions>
        </relations>
      </organization>
    <categories>
      <category classification="projectFundingSchemeCategory" type="relatedProjectFundingSchemeCategory">
        <availableLanguages readOnly="true">en</availableLanguages>
        <code>/RIA</code>
        <title>Research and Innovation action</title>
      </category>
    </categories>
