  <rcn>193449</rcn>
  <acronym>BOREALIS</acronym>
  <objective>Borealis project presents an advanced concept of machine for powder deposition additive manufacturing and ablation processes that integrates 5 AM technologies in a unique solution. The machine is characterized by a redundant structures constituted by a large portal and a small PKM enabling the covering of a large range of working cube and a pattern of ejective nozzles and hybrid laser source targeting a deposition rate of 2000cm3/h with 30 sec set-up times. The machine is enriched with a software infrastructure which enable a persistent monitoring and in line adaptation of the process with zero scraps along with number of energy and resource efficiency optimization policies and harvesting systems which make the proposed solution the less environmental invasive in the current market.
Borealis idea results from a consortium composed by the excellence of developers of worldwide recognized laser machines and advanced material processing together with the highly precision and flexible mechatronic designers. These two big clusters decided to join their expertise and focus on new manufacturing challenges coming from complex product machining in the field of aerospace, medtech and automotive represented by major partners in the market. 
Borealis project targets a TRL 6 and will provide as outcome of three years work two complete Borealis machine in two dimensions – a lab scale machine and a full size machine – which are foreseen to be translated into industrial solution by 2019.</objective>
  <title>Borealis – the 3A energy class Flexible Machine for the new Additive and Subtractive Manufacturing on next generation of complex 3D metal parts.</title>
      <organization ecContribution="527500" order="3" terminated="false" type="participant">
        <availableLanguages readOnly="true">en</availableLanguages>
        <rcn>2209815</rcn>
        <id>952984358</id>
        <vatNumber>IT10777180018</vatNumber>
        <legalName>IRIS SRL</legalName>
        <shortName>IRIS SRL</shortName>
        <address>
          <street>CORSO UNIONE SOVIETICA 612/21</street>
          <city>TORINO</city>
          <postalCode>10135</postalCode>
          <country>IT</country>
          <url>www.irissrl.org</url>
        </address>
        <relations>
          <categories>
            <category classification="organizationActivityType" type="relatedOrganizationActivityType">
              <availableLanguages readOnly="true">de,en,es,fr,it,pl</availableLanguages>
              <code>/PRC</code>
              <title>Private for-profit entities (excluding Higher or Secondary Education Establishments)</title>
            </category>
          </categories>
          <regions>
            <region type="relatedRegion">
              <name>Italy</name>
              <nutsCode>IT</nutsCode>
              <euCode>IT</euCode>
              <isoCode>IT</isoCode>
              <rcn>309758504</rcn>
            </region>
          </regions>
        </relations>
      </organization>
      <organization ecContribution="397500" order="14" terminated="false" type="participant">
        <availableLanguages readOnly="true">en</availableLanguages>
        <rcn>1938721</rcn>
        <id>997405023</id>
        <vatNumber>IT06004830722</vatNumber>
        <legalName>SYNESIS-SOCIETA CONSORTILE A RESPONSABILITA LIMITATA</legalName>
        <shortName>SYNESIS</shortName>
        <address>
          <street>VIA CAVOUR 2</street>
          <city>LOMAZZO CO</city>
          <postalCode>22074</postalCode>
          <country>IT</country>
          <postBox>000</postBox>
        </address>
        <relations>
          <categories>
            <category classification="organizationActivityType" type="relatedOrganizationActivityType">
              <availableLanguages readOnly="true">de,en,es,fr,it,pl</availableLanguages>
              <code>/OTH</code>
              <title>Other</title>
            </category>
          </categories>
          <regions>
            <region type="relatedRegion">
              <name>Italy</name>
              <nutsCode>IT</nutsCode>
              <euCode>IT</euCode>
              <isoCode>IT</isoCode>
              <rcn>309758504</rcn>
            </region>
          </regions>
        </relations>
      </organization>
      <organization ecContribution="250500" order="12" terminated="false" type="participant">
        <availableLanguages readOnly="true">en</availableLanguages>
        <rcn>2398730</rcn>
        <id>944660982</id>
        <vatNumber>ESB76632546</vatNumber>
        <legalName>DIAD GROUP ES SL</legalName>
        <shortName>DIAD GROUP ES</shortName>
        <address>
          <street>CL MAR ADRIATICO 2 BL 5 3B RESIDENCIAL LOS MARTINES</street>
          <city>EL MEDANO GRANADILLA DE ABONA</city>
          <postalCode>38612</postalCode>
          <country>ES</country>
        </address>
        <relations>
          <categories>
            <category classification="organizationActivityType" type="relatedOrganizationActivityType">
              <availableLanguages readOnly="true">de,en,es,fr,it,pl</availableLanguages>
              <code>/PRC</code>
              <title>Private for-profit entities (excluding Higher or Secondary Education Establishments)</title>
            </category>
          </categories>
          <regions>
            <region type="relatedRegion">
              <name>Spain</name>
              <nutsCode>ES</nutsCode>
              <euCode>ES</euCode>
              <isoCode>ES</isoCode>
              <rcn>242387496</rcn>
            </region>
          </regions>
        </relations>
      </organization>
      <organization ecContribution="368750" order="9" terminated="false" type="participant">
        <availableLanguages readOnly="true">en</availableLanguages>
        <rcn>2158370</rcn>
        <id>986393389</id>
        <vatNumber>EL998688671</vatNumber>
        <legalName>SYSTHMATA YPOLOGISTIKIS ORASHS IRIDA LABS AE</legalName>
        <shortName>IRIDA</shortName>
        <address>
          <street>MAGOULA</street>
          <city>RIO</city>
          <postalCode>26500</postalCode>
          <country>EL</country>
          <url>www.iridalabs.gr</url>
        </address>
        <relations>
          <categories>
            <category classification="organizationActivityType" type="relatedOrganizationActivityType">
              <availableLanguages readOnly="true">de,en,es,fr,it,pl</availableLanguages>
              <code>/PRC</code>
              <title>Private for-profit entities (excluding Higher or Secondary Education Establishments)</title>
            </category>
          </categories>
          <regions>
            <region type="relatedRegion">
              <name>Greece</name>
              <nutsCode>GR</nutsCode>
              <euCode>EL</euCode>
              <isoCode>GR</isoCode>
              <rcn>240552488</rcn>
            </region>
          </regions>
        </relations>
      </organization>
      <organization ecContribution="411250" order="5" terminated="false" type="participant">
        <availableLanguages readOnly="true">en</availableLanguages>
        <rcn>1906036</rcn>
        <id>999988909</id>
        <vatNumber>NL002875718B01</vatNumber>
        <legalName>NEDERLANDSE ORGANISATIE VOOR TOEGEPAST NATUURWETENSCHAPPELIJK ONDERZOEK TNO</legalName>
        <shortName>NETHERLANDS ORGANISATION FOR APPLIED SCIENTIFIC RESEARCH</shortName>
        <address>
          <street>ANNA VAN BUERENPLEIN 1</street>
          <city>DEN HAAG</city>
          <postalCode>2595 DA</postalCode>
          <country>NL</country>
          <postBox>000</postBox>
          <url>www.tno.nl</url>
        </address>
        <departmentName>Industrial Innovation</departmentName>
        <relations>
          <categories>
            <category classification="organizationActivityType" type="relatedOrganizationActivityType">
              <availableLanguages readOnly="true">de,en,es,fr,it,pl</availableLanguages>
              <code>/REC</code>
              <title>Research Organisations</title>
            </category>
          </categories>
          <regions>
            <region type="relatedRegion">
              <name>Netherlands</name>
              <nutsCode>NL</nutsCode>
              <euCode>NL</euCode>
              <isoCode>NL</isoCode>
              <rcn>391547432</rcn>
            </region>
          </regions>
        </relations>
      </organization>
      <organization ecContribution="374437.5" order="6" terminated="false" type="participant">
        <availableLanguages readOnly="true">en</availableLanguages>
        <rcn>1905912</rcn>
        <id>999984059</id>
        <vatNumber>DE129515865</vatNumber>
        <legalName>FRAUNHOFER GESELLSCHAFT ZUR FOERDERUNG DER ANGEWANDTEN FORSCHUNG E.V.</legalName>
        <shortName>Fraunhofer</shortName>
        <address>
          <street>HANSASTRASSE 27C</street>
          <city>MUNCHEN</city>
          <postalCode>80686</postalCode>
          <country>DE</country>
          <postBox>000</postBox>
          <url>www.fraunhofer.de</url>
        </address>
        <departmentName>Integrated Project Management</departmentName>
        <relations>
          <categories>
            <category classification="organizationActivityType" type="relatedOrganizationActivityType">
              <availableLanguages readOnly="true">de,en,es,fr,it,pl</availableLanguages>
              <code>/REC</code>
              <title>Research Organisations</title>
            </category>
          </categories>
          <regions>
            <region type="relatedRegion">
              <name>Germany</name>
              <nutsCode>DE</nutsCode>
              <euCode>DE</euCode>
              <isoCode>DE</isoCode>
              <rcn>221940264</rcn>
            </region>
          </regions>
        </relations>
      </organization>
      <organization ecContribution="450000" order="18" terminated="false" type="participant">
        <availableLanguages readOnly="true">en</availableLanguages>
        <rcn>2209817</rcn>
        <id>950258949</id>
        <vatNumber>IT02299060018</vatNumber>
        <legalName>PRIMA ELECTRO SPA</legalName>
        <shortName>PRIMA</shortName>
        <address>
          <street>STRADA CARIGNANO 48 2</street>
          <city>MONCALIERI</city>
          <postalCode>10024</postalCode>
          <country>IT</country>
          <url>www.primaelectro.com</url>
        </address>
        <relations>
          <categories>
            <category classification="organizationActivityType" type="relatedOrganizationActivityType">
              <availableLanguages readOnly="true">de,en,es,fr,it,pl</availableLanguages>
              <code>/PRC</code>
              <title>Private for-profit entities (excluding Higher or Secondary Education Establishments)</title>
            </category>
          </categories>
          <regions>
            <region type="relatedRegion">
              <name>Italy</name>
              <nutsCode>IT</nutsCode>
              <euCode>IT</euCode>
              <isoCode>IT</isoCode>
              <rcn>309758504</rcn>
            </region>
          </regions>
        </relations>
      </organization>
      <organization ecContribution="1246437.5" order="1" terminated="false" type="coordinator">
        <availableLanguages readOnly="true">en</availableLanguages>
        <rcn>1939222</rcn>
        <id>990071920</id>
        <vatNumber>IT03736080015</vatNumber>
        <legalName>PRIMA INDUSTRIE SPA</legalName>
        <shortName>PRIMA</shortName>
        <address>
          <street>VIA ANTONELLI 32</street>
          <city>COLLEGNO</city>
          <postalCode>10093</postalCode>
          <country>IT</country>
          <url>www.primaindustrie.com</url>
        </address>
        <departmentName>R&amp;D</departmentName>
        <relations>
          <categories>
            <category classification="organizationActivityType" type="relatedOrganizationActivityType">
              <availableLanguages readOnly="true">de,en,es,fr,it,pl</availableLanguages>
              <code>/PRC</code>
              <title>Private for-profit entities (excluding Higher or Secondary Education Establishments)</title>
            </category>
          </categories>
          <regions>
            <region type="relatedRegion">
              <name>Italy</name>
              <nutsCode>IT</nutsCode>
              <euCode>IT</euCode>
              <isoCode>IT</isoCode>
              <rcn>309758504</rcn>
            </region>
          </regions>
        </relations>
      </organization>
      <organization ecContribution="705000" order="11" terminated="false" type="participant">
        <availableLanguages readOnly="true">en</availableLanguages>
        <rcn>2209820</rcn>
        <id>951718120</id>
        <vatNumber>IT10832010010</vatNumber>
        <legalName>OPI PHOTONICS SRL</legalName>
        <shortName>OPI</shortName>
        <address>
          <street>Via Conte Rosso 3</street>
          <city>TORINO</city>
          <postalCode>10121</postalCode>
          <country>IT</country>
        </address>
        <relations>
          <categories>
            <category classification="organizationActivityType" type="relatedOrganizationActivityType">
              <availableLanguages readOnly="true">de,en,es,fr,it,pl</availableLanguages>
              <code>/PRC</code>
              <title>Private for-profit entities (excluding Higher or Secondary Education Establishments)</title>
            </category>
          </categories>
          <regions>
            <region type="relatedRegion">
              <name>Italy</name>
              <nutsCode>IT</nutsCode>
              <euCode>IT</euCode>
              <isoCode>IT</isoCode>
              <rcn>309758504</rcn>
            </region>
          </regions>
        </relations>
      </organization>
      <organization ecContribution="0" order="13" terminated="false" type="participant">
        <availableLanguages readOnly="true">en</availableLanguages>
        <rcn>2398731</rcn>
        <id>943838616</id>
        <vatNumber>CHE187827019MVST</vatNumber>
        <legalName>SINTEA SMART SAGL</legalName>
        <shortName>Sintea Smart S.A.</shortName>
        <address>
          <street>VIA BAGUTTI 5</street>
          <city>LUGANO</city>
          <postalCode>6900</postalCode>
          <country>CH</country>
        </address>
        <relations>
          <categories>
            <category classification="organizationActivityType" type="relatedOrganizationActivityType">
              <availableLanguages readOnly="true">de,en,es,fr,it,pl</availableLanguages>
              <code>/PRC</code>
              <title>Private for-profit entities (excluding Higher or Secondary Education Establishments)</title>
            </category>
          </categories>
          <regions>
            <region type="relatedRegion">
              <name>Switzerland</name>
              <nutsCode>CH</nutsCode>
              <euCode>CH</euCode>
              <isoCode>CH</isoCode>
              <rcn>205949480</rcn>
            </region>
          </regions>
        </relations>
      </organization>
      <organization ecContribution="390000" order="4" terminated="false" type="participant">
        <availableLanguages readOnly="true">en</availableLanguages>
        <rcn>1905674</rcn>
        <id>999977754</id>
        <vatNumber>IT00518460019</vatNumber>
        <legalName>POLITECNICO DI TORINO</legalName>
        <shortName>POLITO</shortName>
        <address>
          <street>CORSO DUCA DEGLI ABRUZZI 24</street>
          <city>TORINO</city>
          <postalCode>10129</postalCode>
          <country>IT</country>
          <postBox>000</postBox>
          <url>www.polito.it</url>
        </address>
        <departmentName>Dept. of control and  Computer Engineering</departmentName>
        <relations>
          <categories>
            <category classification="organizationActivityType" type="relatedOrganizationActivityType">
              <availableLanguages readOnly="true">de,en,es,fr,it,pl</availableLanguages>
              <code>/HES</code>
              <title>Higher or Secondary Education Establishments</title>
            </category>
          </categories>
          <regions>
            <region type="relatedRegion">
              <name>Italy</name>
              <nutsCode>IT</nutsCode>
              <euCode>IT</euCode>
              <isoCode>IT</isoCode>
              <rcn>309758504</rcn>
            </region>
          </regions>
        </relations>
      </organization>
      <organization ecContribution="228750" order="17" terminated="false" type="participant">
        <availableLanguages readOnly="true">en</availableLanguages>
        <rcn>1910725</rcn>
        <id>950043221</id>
        <vatNumber>IT10898340012</vatNumber>
        <legalName>GE AVIO SRL</legalName>
        <shortName>GE AVIO SRL</shortName>
        <address>
          <street>VIA I MAGGIO 99</street>
          <city>RIVALTA DI TORINO</city>
          <postalCode>10040</postalCode>
          <country>IT</country>
          <postBox>000</postBox>
          <url>www.avioaero.com</url>
        </address>
        <relations>
          <categories>
            <category classification="organizationActivityType" type="relatedOrganizationActivityType">
              <availableLanguages readOnly="true">de,en,es,fr,it,pl</availableLanguages>
              <code>/PRC</code>
              <title>Private for-profit entities (excluding Higher or Secondary Education Establishments)</title>
            </category>
          </categories>
          <regions>
            <region type="relatedRegion">
              <name>Italy</name>
              <nutsCode>IT</nutsCode>
              <euCode>IT</euCode>
              <isoCode>IT</isoCode>
              <rcn>309758504</rcn>
            </region>
          </regions>
        </relations>
      </organization>
      <organization ecContribution="356250" order="8" terminated="false" type="participant">
        <availableLanguages readOnly="true">en</availableLanguages>
        <rcn>2209464</rcn>
        <id>951718508</id>
        <vatNumber>DE129349265</vatNumber>
        <legalName>FRAMOS GMBH</legalName>
        <shortName>Framos GmbH</shortName>
        <address>
          <street>MEHLBEERENSTRASSE 2</street>
          <city>TAUFKIRCHEN</city>
          <postalCode>82024</postalCode>
          <country>DE</country>
          <url>www.framos.eu</url>
        </address>
        <relations>
          <categories>
            <category classification="organizationActivityType" type="relatedOrganizationActivityType">
              <availableLanguages readOnly="true">de,en,es,fr,it,pl</availableLanguages>
              <code>/PRC</code>
              <title>Private for-profit entities (excluding Higher or Secondary Education Establishments)</title>
            </category>
          </categories>
          <regions>
            <region type="relatedRegion">
              <name>Germany</name>
              <nutsCode>DE</nutsCode>
              <euCode>DE</euCode>
              <isoCode>DE</isoCode>
              <rcn>221940264</rcn>
            </region>
          </regions>
        </relations>
      </organization>
      <organization ecContribution="0" order="2" terminated="false" type="participant">
        <availableLanguages readOnly="true">en</availableLanguages>
        <rcn>1908517</rcn>
        <id>999587620</id>
        <vatNumber>CHE108955570IVA</vatNumber>
        <legalName>SCUOLA UNIVERSITARIA PROFESSIONALEDELLA SVIZZERA ITALIANA</legalName>
        <shortName>SUPSI</shortName>
        <address>
          <street>STABILE LE GERRE</street>
          <city>MANNO</city>
          <postalCode>6928</postalCode>
          <country>CH</country>
          <url>www.supsi.ch</url>
        </address>
        <departmentName>IDSIA</departmentName>
        <relations>
          <categories>
            <category classification="organizationActivityType" type="relatedOrganizationActivityType">
              <availableLanguages readOnly="true">de,en,es,fr,it,pl</availableLanguages>
              <code>/HES</code>
              <title>Higher or Secondary Education Establishments</title>
            </category>
          </categories>
          <regions>
            <region type="relatedRegion">
              <name>Switzerland</name>
              <nutsCode>CH</nutsCode>
              <euCode>CH</euCode>
              <isoCode>CH</isoCode>
              <rcn>205949480</rcn>
            </region>
          </regions>
        </relations>
      </organization>
      <organization ecContribution="0" order="10" terminated="false" type="participant">
        <availableLanguages readOnly="true">en</availableLanguages>
        <rcn>2209819</rcn>
        <id>951629462</id>
        <vatNumber>CHE115870915MWST</vatNumber>
        <legalName>GLOBOTICS INDUSTRIES SA</legalName>
        <shortName>GLOBOTICS</shortName>
        <address>
          <street>VIA RIALE RIGHETTI</street>
          <city>BELLINZONA</city>
          <postalCode>6503</postalCode>
          <country>CH</country>
          <url>www.globotics.ch</url>
        </address>
        <relations>
          <categories>
            <category classification="organizationActivityType" type="relatedOrganizationActivityType">
              <availableLanguages readOnly="true">de,en,es,fr,it,pl</availableLanguages>
              <code>/PRC</code>
              <title>Private for-profit entities (excluding Higher or Secondary Education Establishments)</title>
            </category>
          </categories>
          <regions>
            <region type="relatedRegion">
              <name>Switzerland</name>
              <nutsCode>CH</nutsCode>
              <euCode>CH</euCode>
              <isoCode>CH</isoCode>
              <rcn>205949480</rcn>
            </region>
          </regions>
        </relations>
      </organization>
      <organization ecContribution="262500" order="16" terminated="false" type="participant">
        <availableLanguages readOnly="true">en</availableLanguages>
        <rcn>1905816</rcn>
        <id>999894528</id>
        <vatNumber>EL998219694</vatNumber>
        <legalName>PANEPISTIMIO PATRON</legalName>
        <shortName>UPAT</shortName>
        <address>
          <street>UNIVERSITY CAMPUS RIO PATRAS</street>
          <city>RIO PATRAS</city>
          <postalCode>265 04</postalCode>
          <country>EL</country>
          <postBox>26110</postBox>
          <url>www.upatras.gr</url>
        </address>
        <departmentName>Department of Computer Engineering</departmentName>
        <departmentName>University of Patras</departmentName>
        <relations>
          <categories>
            <category classification="organizationActivityType" type="relatedOrganizationActivityType">
              <availableLanguages readOnly="true">de,en,es,fr,it,pl</availableLanguages>
              <code>/HES</code>
              <title>Higher or Secondary Education Establishments</title>
            </category>
          </categories>
          <regions>
            <region type="relatedRegion">
              <name>Greece</name>
              <nutsCode>GR</nutsCode>
              <euCode>EL</euCode>
              <isoCode>GR</isoCode>
              <rcn>240552488</rcn>
            </region>
          </regions>
        </relations>
      </organization>
    <categories>
      <category classification="projectFundingSchemeCategory" type="relatedProjectFundingSchemeCategory">
        <availableLanguages readOnly="true">en</availableLanguages>
        <code>/RIA</code>
        <title>Research and Innovation action</title>
      </category>
    </categories>
