  <rcn>193325</rcn>
  <acronym>PanCanRisk</acronym>
  <objective>Cancer sequencing studies have extensively investigated the landscape of somatic mutations that drive tumor development, however the importance of germline variation for cancer susceptibility has been neglected. We hypothesize that for cancer types affecting a large proportion of the population, a shared set of genes with variants of different levels of penetrance leads to the clinical phenotype. While rare germline variants are not interrogated by array-based genome-wide association studies (GWAS), these can be effectively studied by whole-genome or whole-exome sequencing. Here, we propose in-depth pan-cancer analyses, which will be implemented as part of the International Cancer Genome Consortium (ICGC) initiative, as a model to develop and apply the necessary bioinformatics tools and pipelines to fully exploit the cancer-genome datasets, and to harness the diagnostic power of genome sequencing in day-to-day clinical practice. Our proposal addresses the full chain of computational and statistical tools that are needed for clinically relevant diagnosis and intervention, including discovery in large cohorts, validation of putative causal sites in model systems and development of targeted cancer-risk panels. The consortium combines complementary expertise to extend the computational discovery of novel variants that influence cancer susceptibility to intergenic and regulatory variants; to integrate genomic, molecular phenotype, biomarker and clinical data; and to develop novel statistical methods for variant association and eQTL analysis. The project will deal with essential aspects on how data are collected, stored, organized, integrated, analyzed and exploited in cancer genetic clinics. We aim to provide a concerted, cross-disciplinary framework for a better understanding, integration and use of cancer clinical data in the evaluation of the multitude of genetic variants and mutations involved in cancer susceptibility, for the direct benefit of cancer patients.</objective>
  <title>Personalized bioinformatics for global cancer susceptibility identification and clinical management</title>
      <organization ecContribution="256342.5" order="2" terminated="false" type="participant">
        <availableLanguages readOnly="true">en</availableLanguages>
        <rcn>2396299</rcn>
        <id>948023293</id>
        <legalName>CONSULTORIO DEXEUS SAP</legalName>
        <shortName>CONSULTORIO DEXEUS</shortName>
        <address>
          <street>GRAN VIA CARLOS III 71-75</street>
          <city>BARCELONA</city>
          <postalCode>08028</postalCode>
          <country>ES</country>
        </address>
        <relations>
          <categories>
            <category classification="organizationActivityType" type="relatedOrganizationActivityType">
              <availableLanguages readOnly="true">de,en,es,fr,it,pl</availableLanguages>
              <code>/PRC</code>
              <title>Private for-profit entities (excluding Higher or Secondary Education Establishments)</title>
            </category>
          </categories>
          <regions>
            <region type="relatedRegion">
              <name>Spain</name>
              <nutsCode>ES</nutsCode>
              <euCode>ES</euCode>
              <isoCode>ES</isoCode>
              <rcn>242387496</rcn>
            </region>
          </regions>
        </relations>
      </organization>
      <organization ecContribution="508080" order="4" terminated="false" type="participant">
        <availableLanguages readOnly="true">en</availableLanguages>
        <rcn>1906282</rcn>
        <id>999988230</id>
        <legalName>EUROPEAN MOLECULAR BIOLOGY LABORATORY</legalName>
        <shortName>EMBL</shortName>
        <address>
          <street>Meyerhofstrasse  1</street>
          <city>HEIDELBERG</city>
          <postalCode>69117</postalCode>
          <country>DE</country>
          <postBox>N/A</postBox>
          <url>http://www.embl.de</url>
        </address>
        <departmentName>European Bioinformatics Institute</departmentName>
        <relations>
          <categories>
            <category classification="organizationActivityType" type="relatedOrganizationActivityType">
              <availableLanguages readOnly="true">de,en,es,fr,it,pl</availableLanguages>
              <code>/REC</code>
              <title>Research Organisations</title>
            </category>
          </categories>
          <regions>
            <region type="relatedRegion">
              <name>Germany</name>
              <nutsCode>DE</nutsCode>
              <euCode>DE</euCode>
              <isoCode>DE</isoCode>
              <rcn>221940264</rcn>
            </region>
          </regions>
        </relations>
      </organization>
      <organization ecContribution="328713.75" order="3" terminated="false" type="participant">
        <availableLanguages readOnly="true">en</availableLanguages>
        <rcn>1908707</rcn>
        <id>999896759</id>
        <vatNumber>FR32784257164</vatNumber>
        <legalName>INSTITUT CURIE</legalName>
        <shortName>INSTITUT CURIE</shortName>
        <address>
          <street>rue d'Ulm 26</street>
          <city>PARIS</city>
          <postalCode>75231</postalCode>
          <country>FR</country>
          <postBox>N/A</postBox>
          <url>www.curie.fr</url>
        </address>
        <departmentName>Institut Curie</departmentName>
        <relations>
          <categories>
            <category classification="organizationActivityType" type="relatedOrganizationActivityType">
              <availableLanguages readOnly="true">de,en,es,fr,it,pl</availableLanguages>
              <code>/REC</code>
              <title>Research Organisations</title>
            </category>
          </categories>
          <regions>
            <region type="relatedRegion">
              <name>France</name>
              <nutsCode>FR</nutsCode>
              <euCode>FR</euCode>
              <isoCode>FR</isoCode>
              <rcn>258902568</rcn>
            </region>
          </regions>
        </relations>
      </organization>
      <organization ecContribution="415287.5" order="6" terminated="false" type="participant">
        <availableLanguages readOnly="true">en</availableLanguages>
        <rcn>2396303</rcn>
        <id>947360686</id>
        <vatNumber>GB837260719</vatNumber>
        <legalName>PROTEINLOGIC LIMITED</legalName>
        <shortName>ProteinLogic Limited</shortName>
        <address>
          <street>SHAKESPEARE HOUSE 42 NEWMARKET ROAD</street>
          <city>CAMBRIDGE CAMBRIDGESHIRE</city>
          <postalCode>CB5 8EP</postalCode>
          <country>UK</country>
        </address>
        <relations>
          <categories>
            <category classification="organizationActivityType" type="relatedOrganizationActivityType">
              <availableLanguages readOnly="true">de,en,es,fr,it,pl</availableLanguages>
              <code>/PRC</code>
              <title>Private for-profit entities (excluding Higher or Secondary Education Establishments)</title>
            </category>
          </categories>
          <regions>
            <region type="relatedRegion">
              <name>United Kingdom</name>
              <nutsCode>UK</nutsCode>
              <euCode>UK</euCode>
              <isoCode>GB</isoCode>
              <rcn>508725800</rcn>
            </region>
          </regions>
        </relations>
      </organization>
      <organization ecContribution="606875" order="1" terminated="false" type="coordinator">
        <availableLanguages readOnly="true">en</availableLanguages>
        <rcn>1949531</rcn>
        <id>997225476</id>
        <legalName>FUNDACION PUBLICA GALEGA DE MEDICINA XENOMICA</legalName>
        <shortName>Fundación Pública Galega de Medicina Xenómica</shortName>
        <address>
          <street>Hospital Clínico Universitario. Edif. consultas planta -2. Choupana s/n</street>
          <city>Santiago de Compostela</city>
          <postalCode>15706</postalCode>
          <country>ES</country>
          <url>http://fundacion.xenomica.org/</url>
        </address>
        <relations>
          <categories>
            <category classification="organizationActivityType" type="relatedOrganizationActivityType">
              <availableLanguages readOnly="true">de,en,es,fr,it,pl</availableLanguages>
              <code>/REC</code>
              <title>Research Organisations</title>
            </category>
          </categories>
          <regions>
            <region type="relatedRegion">
              <name>Spain</name>
              <nutsCode>ES</nutsCode>
              <euCode>ES</euCode>
              <isoCode>ES</isoCode>
              <rcn>242387496</rcn>
            </region>
          </regions>
        </relations>
      </organization>
      <organization ecContribution="832885" order="5" terminated="false" type="participant">
        <availableLanguages readOnly="true">en</availableLanguages>
        <rcn>1905562</rcn>
        <id>999544455</id>
        <vatNumber>ESG62426937</vatNumber>
        <legalName>FUNDACIO CENTRE DE REGULACIO GENOMICA</legalName>
        <shortName>CRG</shortName>
        <address>
          <street>CARRER DOCTOR AIGUADER 88</street>
          <city>BARCELONA</city>
          <postalCode>08003</postalCode>
          <country>ES</country>
          <postBox>000</postBox>
          <url>www.crg.es</url>
        </address>
        <departmentName>Administration</departmentName>
        <relations>
          <categories>
            <category classification="organizationActivityType" type="relatedOrganizationActivityType">
              <availableLanguages readOnly="true">de,en,es,fr,it,pl</availableLanguages>
              <code>/REC</code>
              <title>Research Organisations</title>
            </category>
          </categories>
          <regions>
            <region type="relatedRegion">
              <name>Spain</name>
              <nutsCode>ES</nutsCode>
              <euCode>ES</euCode>
              <isoCode>ES</isoCode>
              <rcn>242387496</rcn>
            </region>
          </regions>
        </relations>
      </organization>
    <categories>
      <category classification="projectFundingSchemeCategory" type="relatedProjectFundingSchemeCategory">
        <availableLanguages readOnly="true">en</availableLanguages>
        <code>/RIA</code>
        <title>Research and Innovation action</title>
      </category>
    </categories>
