  <rcn>193351</rcn>
  <acronym>U-TURN</acronym>
  <objective>"The U-TURN project aims at addressing freight urban distribution, focusing on food logistics. The project will contribute to our understanding of freight distribution in urban areas, especially addressing the special requirements and needs of food transportation, and will suggest innovative collaboration practices and tools towards achieving more efficient operations from both an environmental and cost perspective. The project will analyse existing freight urban flows, identify synergies and winning logistics sharing and collaboration strategies and will assess them in three ways: through comparative analysis based on actual market data, through simulation experimentation and via pilot execution in four different countries: Germany, UK, Italy and Greece. U-TURN will further contribute to the adoption of these strategies through managerial assessment, quantifiable benefits and the provision of tools, including a ""smart"" transport matching tool, a collaboration platform, a simulation tool and economic assessment model.
The project aims to exploit the opportunities that currently exist for consolidation of transportation flows from food manufacturers to the various point-of-sales located in urban areas, as well as from local food producers and online retailers directly to consumers, and the high industrial interest behind this topic."</objective>
  <title>Rethinking Urban Transportation through advanced tools and supply chain collaboration</title>
      <organization ecContribution="220625" order="9" terminated="false" type="participant">
        <availableLanguages readOnly="true">en</availableLanguages>
        <rcn>2396661</rcn>
        <id>948298676</id>
        <vatNumber>EL800550429</vatNumber>
        <legalName>OPTILOG ADVISORY SERVICES MONOPROSOPI IKE</legalName>
        <shortName>OPTILOG</shortName>
        <address>
          <street>46 PROFTI IATROU</street>
          <city>ATHENS</city>
          <postalCode>19016</postalCode>
          <country>EL</country>
        </address>
        <relations>
          <categories>
            <category classification="organizationActivityType" type="relatedOrganizationActivityType">
              <availableLanguages readOnly="true">de,en,es,fr,it,pl</availableLanguages>
              <code>/PRC</code>
              <title>Private for-profit entities (excluding Higher or Secondary Education Establishments)</title>
            </category>
          </categories>
          <regions>
            <region type="relatedRegion">
              <name>Greece</name>
              <nutsCode>GR</nutsCode>
              <euCode>EL</euCode>
              <isoCode>GR</isoCode>
              <rcn>240552488</rcn>
            </region>
          </regions>
        </relations>
      </organization>
      <organization ecContribution="283125" order="7" terminated="false" type="participant">
        <availableLanguages readOnly="true">en</availableLanguages>
        <rcn>1923268</rcn>
        <id>997168634</id>
        <vatNumber>IT08578370150</vatNumber>
        <legalName>TRT TRASPORTI E TERRITORIO SRL</legalName>
        <shortName>TRT</shortName>
        <address>
          <street>VIA RUTILIA 10/8</street>
          <city>MILANO</city>
          <postalCode>20141</postalCode>
          <country>IT</country>
          <url>www.TRTtrasportieterritorio.it</url>
        </address>
        <relations>
          <categories>
            <category classification="organizationActivityType" type="relatedOrganizationActivityType">
              <availableLanguages readOnly="true">de,en,es,fr,it,pl</availableLanguages>
              <code>/PRC</code>
              <title>Private for-profit entities (excluding Higher or Secondary Education Establishments)</title>
            </category>
          </categories>
          <regions>
            <region type="relatedRegion">
              <name>Italy</name>
              <nutsCode>IT</nutsCode>
              <euCode>IT</euCode>
              <isoCode>IT</isoCode>
              <rcn>309758504</rcn>
            </region>
          </regions>
        </relations>
      </organization>
      <organization ecContribution="147500" order="1" terminated="false" type="coordinator">
        <availableLanguages readOnly="true">en</availableLanguages>
        <rcn>1920880</rcn>
        <id>999702468</id>
        <vatNumber>BE0472324870</vatNumber>
        <legalName>INTRASOFT INTERNATIONAL SA</legalName>
        <shortName>INTRASOFT</shortName>
        <address>
          <street>RUE MONTOYER 40</street>
          <city>BRUXELLES</city>
          <postalCode>1000</postalCode>
          <country>BE</country>
          <postBox>000</postBox>
        </address>
        <departmentName>Research &amp; Innovation Development</departmentName>
        <relations>
          <categories>
            <category classification="organizationActivityType" type="relatedOrganizationActivityType">
              <availableLanguages readOnly="true">de,en,es,fr,it,pl</availableLanguages>
              <code>/PRC</code>
              <title>Private for-profit entities (excluding Higher or Secondary Education Establishments)</title>
            </category>
          </categories>
          <regions>
            <region type="relatedRegion">
              <name>Belgium</name>
              <nutsCode>BE</nutsCode>
              <euCode>BE</euCode>
              <isoCode>BE</isoCode>
              <rcn>188385832</rcn>
            </region>
          </regions>
        </relations>
      </organization>
      <organization ecContribution="297197.5" order="5" terminated="false" type="participant">
        <availableLanguages readOnly="true">en</availableLanguages>
        <rcn>2191023</rcn>
        <id>971954163</id>
        <vatNumber>DE154989277</vatNumber>
        <legalName>SIMPLAN AG</legalName>
        <shortName>SIMPLAN</shortName>
        <address>
          <street>SOPHIE SCHOLL PLATZ 6</street>
          <city>HANAU</city>
          <postalCode>63452</postalCode>
          <country>DE</country>
          <url>www.SimPlan.de</url>
        </address>
        <departmentName>Management</departmentName>
        <relations>
          <categories>
            <category classification="organizationActivityType" type="relatedOrganizationActivityType">
              <availableLanguages readOnly="true">de,en,es,fr,it,pl</availableLanguages>
              <code>/PRC</code>
              <title>Private for-profit entities (excluding Higher or Secondary Education Establishments)</title>
            </category>
          </categories>
          <regions>
            <region type="relatedRegion">
              <name>Germany</name>
              <nutsCode>DE</nutsCode>
              <euCode>DE</euCode>
              <isoCode>DE</isoCode>
              <rcn>221940264</rcn>
            </region>
          </regions>
        </relations>
      </organization>
      <organization ecContribution="212112.5" order="6" terminated="false" type="participant">
        <availableLanguages readOnly="true">en</availableLanguages>
        <rcn>1921558</rcn>
        <id>958880406</id>
        <vatNumber>IT01654010345</vatNumber>
        <legalName>BARILLA G. E R. FRATELLI SPA</legalName>
        <shortName>BARILLA</shortName>
        <address>
          <street>VIA MANTOVA 166</street>
          <city>PARMA</city>
          <postalCode>43122</postalCode>
          <country>IT</country>
          <postBox>438</postBox>
        </address>
        <relations>
          <categories>
            <category classification="organizationActivityType" type="relatedOrganizationActivityType">
              <availableLanguages readOnly="true">de,en,es,fr,it,pl</availableLanguages>
              <code>/PRC</code>
              <title>Private for-profit entities (excluding Higher or Secondary Education Establishments)</title>
            </category>
          </categories>
          <regions>
            <region type="relatedRegion">
              <name>Italy</name>
              <nutsCode>IT</nutsCode>
              <euCode>IT</euCode>
              <isoCode>IT</isoCode>
              <rcn>309758504</rcn>
            </region>
          </regions>
        </relations>
      </organization>
      <organization ecContribution="290062.5" order="4" terminated="false" type="participant">
        <availableLanguages readOnly="true">en</availableLanguages>
        <rcn>1906992</rcn>
        <id>999848453</id>
        <vatNumber>DE811258273</vatNumber>
        <legalName>TECHNISCHE UNIVERSITAT DORTMUND</legalName>
        <shortName>TUDO</shortName>
        <address>
          <street>AUGUST SCHMIDT STRASSE 4</street>
          <city>DORTMUND</city>
          <postalCode>44227</postalCode>
          <country>DE</country>
          <postBox>000</postBox>
          <url>www.tu-dortmund.de</url>
        </address>
        <departmentName>Budget Department</departmentName>
        <relations>
          <categories>
            <category classification="organizationActivityType" type="relatedOrganizationActivityType">
              <availableLanguages readOnly="true">de,en,es,fr,it,pl</availableLanguages>
              <code>/HES</code>
              <title>Higher or Secondary Education Establishments</title>
            </category>
          </categories>
          <regions>
            <region type="relatedRegion">
              <name>Germany</name>
              <nutsCode>DE</nutsCode>
              <euCode>DE</euCode>
              <isoCode>DE</isoCode>
              <rcn>221940264</rcn>
            </region>
          </regions>
        </relations>
      </organization>
      <organization ecContribution="431250" order="2" terminated="false" type="participant">
        <availableLanguages readOnly="true">en</availableLanguages>
        <rcn>1906437</rcn>
        <id>999896856</id>
        <vatNumber>EL90034337</vatNumber>
        <legalName>ATHENS UNIVERSITY OF ECONOMICS AND BUSINESS - RESEARCH CENTER</legalName>
        <shortName>AUEB</shortName>
        <address>
          <street>KEFALLINIAS STREET 46</street>
          <city>ATHENS</city>
          <postalCode>11251</postalCode>
          <country>EL</country>
        </address>
        <departmentName>AUEB-RC</departmentName>
        <relations>
          <categories>
            <category classification="organizationActivityType" type="relatedOrganizationActivityType">
              <availableLanguages readOnly="true">de,en,es,fr,it,pl</availableLanguages>
              <code>/HES</code>
              <title>Higher or Secondary Education Establishments</title>
            </category>
          </categories>
          <regions>
            <region type="relatedRegion">
              <name>Greece</name>
              <nutsCode>GR</nutsCode>
              <euCode>EL</euCode>
              <isoCode>GR</isoCode>
              <rcn>240552488</rcn>
            </region>
          </regions>
        </relations>
      </organization>
      <organization ecContribution="321170" order="3" terminated="false" type="participant">
        <availableLanguages readOnly="true">en</availableLanguages>
        <rcn>1905683</rcn>
        <id>999440762</id>
        <vatNumber>GB491358622</vatNumber>
        <legalName>CRANFIELD UNIVERSITY</legalName>
        <shortName>CU</shortName>
        <address>
          <street>College Road</street>
          <city>CRANFIELD - BEDFORDSHIRE</city>
          <postalCode>MK43 0AL</postalCode>
          <country>UK</country>
          <url>www.cranfield.ac.uk</url>
        </address>
        <departmentName>B50</departmentName>
        <departmentName> Manufacturing Department</departmentName>
        <relations>
          <categories>
            <category classification="organizationActivityType" type="relatedOrganizationActivityType">
              <availableLanguages readOnly="true">de,en,es,fr,it,pl</availableLanguages>
              <code>/HES</code>
              <title>Higher or Secondary Education Establishments</title>
            </category>
          </categories>
          <regions>
            <region type="relatedRegion">
              <name>United Kingdom</name>
              <nutsCode>UK</nutsCode>
              <euCode>UK</euCode>
              <isoCode>GB</isoCode>
              <rcn>508725800</rcn>
            </region>
          </regions>
        </relations>
      </organization>
      <organization ecContribution="271250" order="10" terminated="false" type="participant">
        <availableLanguages readOnly="true">en</availableLanguages>
        <rcn>1916280</rcn>
        <id>999702371</id>
        <vatNumber>LU16853659</vatNumber>
        <legalName>INTRASOFT INTERNATIONAL SA</legalName>
        <shortName>IISA</shortName>
        <address>
          <street>RUE NICOLAS BOVE 2B</street>
          <city>LUXEMBOURG</city>
          <postalCode>1253</postalCode>
          <country>LU</country>
          <url>www.intrasoft-intl.com</url>
        </address>
        <departmentName>Research &amp; Innovation Development</departmentName>
        <relations>
          <categories>
            <category classification="organizationActivityType" type="relatedOrganizationActivityType">
              <availableLanguages readOnly="true">de,en,es,fr,it,pl</availableLanguages>
              <code>/PRC</code>
              <title>Private for-profit entities (excluding Higher or Secondary Education Establishments)</title>
            </category>
          </categories>
          <regions>
            <region type="relatedRegion">
              <name>Luxembourg</name>
              <nutsCode>LU</nutsCode>
              <euCode>LU</euCode>
              <isoCode>LU</isoCode>
              <rcn>360352296</rcn>
            </region>
          </regions>
        </relations>
      </organization>
      <organization ecContribution="261250" order="8" terminated="false" type="participant">
        <availableLanguages readOnly="true">en</availableLanguages>
        <rcn>2396660</rcn>
        <id>937284229</id>
        <vatNumber>GB623325958</vatNumber>
        <legalName>LCP CONSULTING LIMITED</legalName>
        <shortName>LCP</shortName>
        <address>
          <street>THE STABLES ASHLYNS HALL CHESHAM ROAD</street>
          <city>BERKHAMSTED</city>
          <postalCode>HP4 2ST</postalCode>
          <country>UK</country>
        </address>
        <relations>
          <categories>
            <category classification="organizationActivityType" type="relatedOrganizationActivityType">
              <availableLanguages readOnly="true">de,en,es,fr,it,pl</availableLanguages>
              <code>/PRC</code>
              <title>Private for-profit entities (excluding Higher or Secondary Education Establishments)</title>
            </category>
          </categories>
          <regions>
            <region type="relatedRegion">
              <name>United Kingdom</name>
              <nutsCode>UK</nutsCode>
              <euCode>UK</euCode>
              <isoCode>GB</isoCode>
              <rcn>508725800</rcn>
            </region>
          </regions>
        </relations>
      </organization>
    <categories>
      <category classification="projectFundingSchemeCategory" type="relatedProjectFundingSchemeCategory">
        <availableLanguages readOnly="true">en</availableLanguages>
        <code>/RIA</code>
        <title>Research and Innovation action</title>
      </category>
    </categories>
