  <rcn>193574</rcn>
  <acronym>ENHANCEDQMMR</acronym>
  <objective>Over the last 20 years, qualitative methods in political science have developed rapidly on three dimen-sions. First, set theory was formulated as an alternative to what is called the quantitative worldview. Second, process tracing for the analysis of mechanisms evolved as a complement to the estimation of marginal effects. Process tracing has also been tied to Bayesianism as opposed to frequentism. Third, process tracing became an element of multi-method research (MMR), integrating it with frequentist statistics or Qualitative Comparative Analysis (QCA). 

An important element of the development of qualitative methods is its contrast with quantitative methods. At the same time, quantitative researchers critically commented on that development. The constant exchange has contributed to the progress of qualitative methods, but the debate has reached an impasse in some respects, or has pursued one line of development while neglecting others.

Building on state-of-the-art qualitative methods, ENHANCEDQMMR seeks to overcome this impasse and to explore new ground.It makes four significant contributions to the progress of standalone qualitative methods and as part of MMR. First, it examines experimentally how researchers decide between a set-relational and correlational view on causation and whether they can realize designs in accord with their initial decision. Second, it develops tools for sensitivity analyses, diagnostics, and the modeling of diverse data structures via QCA for strengthening QCA-based inference. Third, it com-pares the performance of QCA and regression analyses under simulated data-generating processes with the goal of generating comparative diagnostics, possibly allowing one to adjudicate between both methods in observational research. Fourth, it formulates standards for Bayesian MMR by combining Bayesian process tracing with Bayesian statistics and Bayesian QCA, respectively. The insights of the project will be implemented in freely available software.</objective>
  <title>Enhanced Qualitative and Multi-Method Research in Political Science</title>
      <organization ecContribution="185312.5" order="2" terminated="true" type="participant">
        <availableLanguages readOnly="true">en</availableLanguages>
        <rcn>1905966</rcn>
        <id>999987454</id>
        <vatNumber>DE811245070</vatNumber>
        <legalName>UNIVERSITAET BREMEN</legalName>
        <shortName>UNI-HB</shortName>
        <address>
          <street>Bibliothekstrasse 1</street>
          <city>BREMEN</city>
          <postalCode>28359</postalCode>
          <country>DE</country>
          <postBox>33 04 40</postBox>
          <url>www.uni-bremen.de</url>
        </address>
        <departmentName>BIBA GmbH</departmentName>
        <relations>
          <categories>
            <category classification="organizationActivityType" type="relatedOrganizationActivityType">
              <availableLanguages readOnly="true">de,en,es,fr,it,pl</availableLanguages>
              <code>/HES</code>
              <title>Higher or Secondary Education Establishments</title>
            </category>
          </categories>
          <regions>
            <region type="relatedRegion">
              <name>Germany</name>
              <nutsCode>DE</nutsCode>
              <euCode>DE</euCode>
              <isoCode>DE</isoCode>
              <rcn>221940264</rcn>
            </region>
          </regions>
        </relations>
      </organization>
      <organization ecContribution="940262.5" order="1" terminated="false" type="coordinator">
        <availableLanguages readOnly="true">en</availableLanguages>
        <rcn>1906642</rcn>
        <id>999852915</id>
        <vatNumber>DE123486767</vatNumber>
        <legalName>UNIVERSITAET ZU KOELN</legalName>
        <shortName>UoC</shortName>
        <address>
          <street>ALBERTUS MAGNUS PLATZ</street>
          <city>KOELN</city>
          <postalCode>50931</postalCode>
          <country>DE</country>
          <postBox>000</postBox>
          <url>www.uni-koeln.de</url>
        </address>
        <departmentName>HK Informationsverarbeitung</departmentName>
        <relations>
          <categories>
            <category classification="organizationActivityType" type="relatedOrganizationActivityType">
              <availableLanguages readOnly="true">de,en,es,fr,it,pl</availableLanguages>
              <code>/HES</code>
              <title>Higher or Secondary Education Establishments</title>
            </category>
          </categories>
          <regions>
            <region type="relatedRegion">
              <name>Germany</name>
              <nutsCode>DE</nutsCode>
              <euCode>DE</euCode>
              <isoCode>DE</isoCode>
              <rcn>221940264</rcn>
            </region>
          </regions>
        </relations>
      </organization>
    <categories>
      <category classification="projectFundingSchemeCategory" type="relatedProjectFundingSchemeCategory">
        <availableLanguages readOnly="true">en</availableLanguages>
        <code>/ERC-STG</code>
        <title>Starting Grant</title>
      </category>
    </categories>
