  <rcn>193180</rcn>
  <acronym>BIOCYCLE</acronym>
  <objective>"The BIOCYCLE Project proposes to test and critically assess the benefits and risks of an innovative regimen for improving the treatment of Crohn’s disease (CD), a chronic immune-mediated inflammatory disease affecting the gastro-intestinal tract of an increasing number of patients. Currently, the combination of anti-TNFα monoclonal antibodies and immunosuppressants used without interruption is the gold standard for treating CD. However, long treatments are needed which raise safety concerns and costs. For maintaining the same level of efficacy while reducing risks and costs, the idea of BIOCYCLE is to use a regimen based on ""Treatment Cycles"" characterized by alternating periods where both drugs are administrated and periods where only either anti-TNFα or immunosuppressant is used. The central part of the Project will be a large-scale controlled multi-centric clinical study including 300 patients in EU and USA to test the feasibility of shifting from drugs combination used without interruption (control) to Treatment Cycles (experimental arms). Primary and secondary objectives of the clinical study have already been validated for generating the best qualitative and quantitative data on clinical outcomes, predictors of disease evolution and costs. In parallel, the Project will calculate costs-of-illness associated with the different regimens and will perform surveys among patients, caregivers and healthcare systems representatives to assess their readiness to include/support Treatment Cycles in the clinical practice. This will be the basis of a critical appraisal of Treatment Cycles and guidelines for helping caregivers to decide which treatment regimen best fits the specific needs of their patient. If proven, the benefits of Treatment Cycles for treating CD will be discussed with key-opinion leaders involved in the treatment of other immune-mediated inflammatory chronic diseases to support the evolution of disease-driven treatments towards needs-driven treatments."</objective>
  <title>BIOlogical therapy CYCLEs towards tailored, needs-driven, safer and cost-effective management of Crohn’s disease</title>
      <organization ecContribution="2217600" order="2" terminated="false" type="participant">
        <availableLanguages readOnly="true">en</availableLanguages>
        <rcn>2390480</rcn>
        <id>963318447</id>
        <vatNumber>FR32487575680</vatNumber>
        <legalName>GROUPE D'ETUDES THERAPEUTIQUES DES AFFECTIONS INFLAMMATOIRES DIGESTIVES ASSOCIATION</legalName>
        <shortName>GETAID</shortName>
        <address>
          <street>2 RUE AMBROISE PARE</street>
          <city>PARIS</city>
          <postalCode>75010</postalCode>
          <country>FR</country>
          <postBox>N/A</postBox>
          <url>www.getaid.org</url>
        </address>
        <relations>
          <categories>
            <category classification="organizationActivityType" type="relatedOrganizationActivityType">
              <availableLanguages readOnly="true">de,en,es,fr,it,pl</availableLanguages>
              <code>/REC</code>
              <title>Research Organisations</title>
            </category>
          </categories>
          <regions>
            <region type="relatedRegion">
              <name>France</name>
              <nutsCode>FR</nutsCode>
              <euCode>FR</euCode>
              <isoCode>FR</isoCode>
              <rcn>258902568</rcn>
            </region>
          </regions>
        </relations>
      </organization>
      <organization ecContribution="189500" order="13" terminated="false" type="participant">
        <availableLanguages readOnly="true">en</availableLanguages>
        <rcn>2390491</rcn>
        <id>951386574</id>
        <vatNumber>BE0840607146</vatNumber>
        <legalName>BRIDGE2HEALTH</legalName>
        <shortName>SCINNAMIC</shortName>
        <address>
          <street>DOMAINE UNIVERSITAIRE DU BAT B 35</street>
          <city>LIEGE</city>
          <postalCode>4000</postalCode>
          <country>BE</country>
        </address>
        <relations>
          <categories>
            <category classification="organizationActivityType" type="relatedOrganizationActivityType">
              <availableLanguages readOnly="true">de,en,es,fr,it,pl</availableLanguages>
              <code>/PRC</code>
              <title>Private for-profit entities (excluding Higher or Secondary Education Establishments)</title>
            </category>
          </categories>
          <regions>
            <region type="relatedRegion">
              <name>Belgium</name>
              <nutsCode>BE</nutsCode>
              <euCode>BE</euCode>
              <isoCode>BE</isoCode>
              <rcn>188385832</rcn>
            </region>
          </regions>
        </relations>
      </organization>
      <organization ecContribution="314271" order="11" terminated="false" type="participant">
        <availableLanguages readOnly="true">en</availableLanguages>
        <rcn>1906210</rcn>
        <id>999997833</id>
        <vatNumber>FR31180036048</vatNumber>
        <legalName>INSTITUT NATIONAL DE LA SANTE ET DE LA RECHERCHE MEDICALE</legalName>
        <shortName>INSERM</shortName>
        <address>
          <street>RUE DE TOLBIAC 101</street>
          <city>PARIS</city>
          <postalCode>75654</postalCode>
          <country>FR</country>
          <postBox>N/A</postBox>
          <url>www.inserm.fr</url>
        </address>
        <departmentName>Délégation Régionale Nord-Ouest</departmentName>
        <relations>
          <categories>
            <category classification="organizationActivityType" type="relatedOrganizationActivityType">
              <availableLanguages readOnly="true">de,en,es,fr,it,pl</availableLanguages>
              <code>/REC</code>
              <title>Research Organisations</title>
            </category>
          </categories>
          <regions>
            <region type="relatedRegion">
              <name>France</name>
              <nutsCode>FR</nutsCode>
              <euCode>FR</euCode>
              <isoCode>FR</isoCode>
              <rcn>258902568</rcn>
            </region>
          </regions>
        </relations>
      </organization>
      <organization ecContribution="114311" order="8" terminated="false" type="participant">
        <availableLanguages readOnly="true">en</availableLanguages>
        <rcn>2390486</rcn>
        <id>937560776</id>
        <legalName>CROHN'S &amp; COLITIS FOUNDATION OF AMERICA, INC.</legalName>
        <shortName>Crohn's &amp; Colitis Foundation of America</shortName>
        <address>
          <street>733 THIRD ROAD SUITE 501</street>
          <city>NEW YORK</city>
          <postalCode>10017</postalCode>
          <country>US</country>
        </address>
        <relations>
          <categories>
            <category classification="organizationActivityType" type="relatedOrganizationActivityType">
              <availableLanguages readOnly="true">de,en,es,fr,it,pl</availableLanguages>
              <code>/OTH</code>
              <title>Other</title>
            </category>
          </categories>
          <regions>
            <region type="relatedRegion">
              <name>United States</name>
              <nutsCode>US</nutsCode>
              <euCode>US</euCode>
              <isoCode>US</isoCode>
              <rcn>510822952</rcn>
            </region>
          </regions>
        </relations>
      </organization>
      <organization ecContribution="239416" order="7" terminated="false" type="participant">
        <availableLanguages readOnly="true">en</availableLanguages>
        <rcn>2390485</rcn>
        <id>937629549</id>
        <vatNumber>ATU68630109</vatNumber>
        <legalName>IBDIM - IBD IN MOTION GMBH</legalName>
        <shortName>IBDIM – IBD in Motion GmbH</shortName>
        <address>
          <street>UNGARGASSE 6/13</street>
          <city>WIEN</city>
          <postalCode>1030</postalCode>
          <country>AT</country>
        </address>
        <relations>
          <categories>
            <category classification="organizationActivityType" type="relatedOrganizationActivityType">
              <availableLanguages readOnly="true">de,en,es,fr,it,pl</availableLanguages>
              <code>/PRC</code>
              <title>Private for-profit entities (excluding Higher or Secondary Education Establishments)</title>
            </category>
          </categories>
          <regions>
            <region type="relatedRegion">
              <name>Austria</name>
              <nutsCode>AT</nutsCode>
              <euCode>AT</euCode>
              <isoCode>AT</isoCode>
              <rcn>175540776</rcn>
            </region>
          </regions>
        </relations>
      </organization>
      <organization ecContribution="122475" order="12" terminated="false" type="participant">
        <availableLanguages readOnly="true">en</availableLanguages>
        <rcn>1905952</rcn>
        <id>999980664</id>
        <vatNumber>BE0419052272</vatNumber>
        <legalName>UNIVERSITE CATHOLIQUE DE LOUVAIN</legalName>
        <shortName>UCL</shortName>
        <address>
          <street>PLACE DE L UNIVERSITE 1</street>
          <city>LOUVAIN LA NEUVE</city>
          <postalCode>1348</postalCode>
          <country>BE</country>
          <postBox>000</postBox>
          <url>www.uclouvain.be</url>
        </address>
        <departmentName>ICTEAM Institute</departmentName>
        <relations>
          <categories>
            <category classification="organizationActivityType" type="relatedOrganizationActivityType">
              <availableLanguages readOnly="true">de,en,es,fr,it,pl</availableLanguages>
              <code>/HES</code>
              <title>Higher or Secondary Education Establishments</title>
            </category>
          </categories>
          <regions>
            <region type="relatedRegion">
              <name>Belgium</name>
              <nutsCode>BE</nutsCode>
              <euCode>BE</euCode>
              <isoCode>BE</isoCode>
              <rcn>188385832</rcn>
            </region>
          </regions>
        </relations>
      </organization>
      <organization ecContribution="165963" order="6" terminated="false" type="participant">
        <availableLanguages readOnly="true">en</availableLanguages>
        <rcn>1906552</rcn>
        <id>998129904</id>
        <vatNumber>IL939411849</vatNumber>
        <legalName>MEDICAL RESEARCH INFRASTRUCTURE DEVELOPMENT AND HEALTH SERVICES FUND BY THE SHEBA MEDICAL CENTER</legalName>
        <shortName>Sheba Research Fund</shortName>
        <address>
          <street>TEL HASHOMER SHEBA MEDICAL CENTER</street>
          <city>RAMAT GAN</city>
          <postalCode>52621</postalCode>
          <country>IL</country>
          <postBox>N/A</postBox>
          <url>http://www.sheba.co.il</url>
        </address>
        <relations>
          <categories>
            <category classification="organizationActivityType" type="relatedOrganizationActivityType">
              <availableLanguages readOnly="true">de,en,es,fr,it,pl</availableLanguages>
              <code>/REC</code>
              <title>Research Organisations</title>
            </category>
          </categories>
          <regions>
            <region type="relatedRegion">
              <name>Israel</name>
              <nutsCode>IL</nutsCode>
              <euCode>IL</euCode>
              <isoCode>IL</isoCode>
              <rcn>307661352</rcn>
            </region>
          </regions>
        </relations>
      </organization>
      <organization ecContribution="321000" order="5" terminated="false" type="participant">
        <availableLanguages readOnly="true">en</availableLanguages>
        <rcn>1906202</rcn>
        <id>999992692</id>
        <vatNumber>DE228847810</vatNumber>
        <legalName>CHARITE - UNIVERSITAETSMEDIZIN BERLIN</legalName>
        <shortName>CHARITE - UNIVERSITAETSMEDIZIN BERLIN</shortName>
        <address>
          <street>Chariteplatz 1</street>
          <city>BERLIN</city>
          <postalCode>10117</postalCode>
          <country>DE</country>
          <postBox>N/A</postBox>
          <url>www.charite.de</url>
        </address>
        <departmentName>Finical Department</departmentName>
        <relations>
          <categories>
            <category classification="organizationActivityType" type="relatedOrganizationActivityType">
              <availableLanguages readOnly="true">de,en,es,fr,it,pl</availableLanguages>
              <code>/HES</code>
              <title>Higher or Secondary Education Establishments</title>
            </category>
          </categories>
          <regions>
            <region type="relatedRegion">
              <name>Germany</name>
              <nutsCode>DE</nutsCode>
              <euCode>DE</euCode>
              <isoCode>DE</isoCode>
              <rcn>221940264</rcn>
            </region>
          </regions>
        </relations>
      </organization>
      <organization ecContribution="821100" order="1" terminated="false" type="coordinator">
        <availableLanguages readOnly="true">en</availableLanguages>
        <rcn>2087253</rcn>
        <id>999495276</id>
        <legalName>CENTRE HOSPITALIER UNIVERSITAIRE DE LIEGE</legalName>
        <shortName>CENTRE HOSPITALIER UNIVERSITAIRE DE LIEGE</shortName>
        <address>
          <street>Sart Tilman B35</street>
          <city>LIEGE</city>
          <postalCode>4000</postalCode>
          <country>BE</country>
          <url>www.chuliege.be</url>
        </address>
        <relations>
          <categories>
            <category classification="organizationActivityType" type="relatedOrganizationActivityType">
              <availableLanguages readOnly="true">de,en,es,fr,it,pl</availableLanguages>
              <code>/REC</code>
              <title>Research Organisations</title>
            </category>
          </categories>
          <regions>
            <region type="relatedRegion">
              <name>Belgium</name>
              <nutsCode>BE</nutsCode>
              <euCode>BE</euCode>
              <isoCode>BE</isoCode>
              <rcn>188385832</rcn>
            </region>
          </regions>
        </relations>
      </organization>
      <organization ecContribution="121875" order="10" terminated="false" type="participant">
        <availableLanguages readOnly="true">en</availableLanguages>
        <rcn>1905548</rcn>
        <id>999981925</id>
        <vatNumber>SE202100315301</vatNumber>
        <legalName>GOETEBORGS UNIVERSITET</legalName>
        <shortName>UGOT</shortName>
        <address>
          <street>VASAPARKEN</street>
          <city>GOETEBORG</city>
          <postalCode>405 30</postalCode>
          <country>SE</country>
          <postBox>100</postBox>
          <url>www.gu.se</url>
        </address>
        <departmentName>Research and Innovation Services</departmentName>
        <relations>
          <categories>
            <category classification="organizationActivityType" type="relatedOrganizationActivityType">
              <availableLanguages readOnly="true">de,en,es,fr,it,pl</availableLanguages>
              <code>/HES</code>
              <title>Higher or Secondary Education Establishments</title>
            </category>
          </categories>
          <regions>
            <region type="relatedRegion">
              <name>Sweden</name>
              <nutsCode>SE</nutsCode>
              <euCode>SE</euCode>
              <isoCode>SE</isoCode>
              <rcn>473598504</rcn>
            </region>
          </regions>
        </relations>
      </organization>
      <organization ecContribution="922453" order="3" terminated="false" type="participant">
        <availableLanguages readOnly="true">en</availableLanguages>
        <rcn>1905557</rcn>
        <id>999974941</id>
        <vatNumber>GB592950700</vatNumber>
        <legalName>THE UNIVERSITY OF EDINBURGH</legalName>
        <shortName>UEDIN</shortName>
        <address>
          <street>OLD COLLEGE, SOUTH BRIDGE</street>
          <city>EDINBURGH</city>
          <postalCode>EH8 9YL</postalCode>
          <country>UK</country>
          <postBox>N/A</postBox>
          <url>www.ed.ac.uk</url>
        </address>
        <departmentName>Edinburgh Research and Innovation</departmentName>
        <relations>
          <categories>
            <category classification="organizationActivityType" type="relatedOrganizationActivityType">
              <availableLanguages readOnly="true">de,en,es,fr,it,pl</availableLanguages>
              <code>/HES</code>
              <title>Higher or Secondary Education Establishments</title>
            </category>
          </categories>
          <regions>
            <region type="relatedRegion">
              <name>United Kingdom</name>
              <nutsCode>UK</nutsCode>
              <euCode>UK</euCode>
              <isoCode>GB</isoCode>
              <rcn>508725800</rcn>
            </region>
          </regions>
        </relations>
      </organization>
      <organization ecContribution="352000" order="4" terminated="false" type="participant">
        <availableLanguages readOnly="true">en</availableLanguages>
        <rcn>1911994</rcn>
        <id>998165794</id>
        <vatNumber>SE232100025501</vatNumber>
        <legalName>SKANE LANS LANDSTING</legalName>
        <shortName>Regionskane</shortName>
        <address>
          <street>.</street>
          <city>KRISTIANSTAD</city>
          <postalCode>291 89</postalCode>
          <country>SE</country>
          <postBox>522</postBox>
          <url>www.skane.se</url>
        </address>
        <relations>
          <categories>
            <category classification="organizationActivityType" type="relatedOrganizationActivityType">
              <availableLanguages readOnly="true">de,en,es,fr,it,pl</availableLanguages>
              <code>/PUB</code>
              <title>Public bodies (excluding Research Organisations and Secondary or Higher Education Establishments)</title>
            </category>
          </categories>
          <regions>
            <region type="relatedRegion">
              <name>Sweden</name>
              <nutsCode>SE</nutsCode>
              <euCode>SE</euCode>
              <isoCode>SE</isoCode>
              <rcn>473598504</rcn>
            </region>
          </regions>
        </relations>
      </organization>
      <organization ecContribution="73625" order="9" terminated="false" type="participant">
        <availableLanguages readOnly="true">en</availableLanguages>
        <rcn>2390487</rcn>
        <id>937778638</id>
        <legalName>ASSOCIATION FRANCOIS AUPETIT</legalName>
        <shortName>association François Aupetit</shortName>
        <address>
          <street>32 RUE DE CAMBRAI</street>
          <city>PARIS</city>
          <postalCode>75019</postalCode>
          <country>FR</country>
        </address>
        <relations>
          <categories>
            <category classification="organizationActivityType" type="relatedOrganizationActivityType">
              <availableLanguages readOnly="true">de,en,es,fr,it,pl</availableLanguages>
              <code>/REC</code>
              <title>Research Organisations</title>
            </category>
          </categories>
          <regions>
            <region type="relatedRegion">
              <name>France</name>
              <nutsCode>FR</nutsCode>
              <euCode>FR</euCode>
              <isoCode>FR</isoCode>
              <rcn>258902568</rcn>
            </region>
          </regions>
        </relations>
      </organization>
    <categories>
      <category classification="projectFundingSchemeCategory" type="relatedProjectFundingSchemeCategory">
        <availableLanguages readOnly="true">en</availableLanguages>
        <code>/RIA</code>
        <title>Research and Innovation action</title>
      </category>
    </categories>
