  <rcn>193473</rcn>
  <acronym>FoF-Impact</acronym>
  <objective>The ‘Factories of the Future’ PPP launched in 2008/9 has been a proven success and triggered a unique cooperation between industry, researchers and the European Institutions. The objective of the FoF Impact CSA is to transform the FoF PPP from a research and demonstration programme under FP7 into an innovation programme in Horizon 2020. The FoF-Impact CSA will integrate, in one comprehensive and service-oriented package, a set of tools and measures (guidelines, technology transfer tools and market uptake mechanisms) in support of exploitation of project results generated by the FoF PPP.  The FoF-Impact CSA will build upon the existing work, such as the EFFRA Innovation Portal which offers a dynamic community-based environment for sharing and retrieving information about exploitable results.

The FoF-Impact CSA will also facilitate collaboration among the main stakeholders which are capable of enhancing the overall impact of the ‘Factories of the Future’ PPP in Horizon 2020 at local and company-level. These actors are: manufacturing industries (large and SMEs), national and regional and other European manufacturing initiatives and programmes (Eureka, Manunet etc); technology transfer organisations and market-uptake experts; industry-focused RTOs and institutes, marketers of exploitable results, potential users of exploitable results, possible investors and business angels. 

In summary, the FoF Impact CSA will provide tailor-made guidelines and tools (including a FoF-Impact helpdesk) that will service both individual 'Factories of the Future' projects as well as clusters of 'Factories of the Future' projects. The clustering of projects results will be supported both by the existing EFFRA Innovation Portal and through the organisation of specific events, oriented either to technologies, application sectors or specific challenges, and it will thus further stimulate cross-fertilisation and the identification of additional exploitation opportunities.</objective>
  <title>Enhanced impact of the Factories of the Future PPP through technology transfer and expanded community</title>
      <organization ecContribution="48300" order="7" terminated="false" type="participant">
        <availableLanguages readOnly="true">en</availableLanguages>
        <rcn>1905796</rcn>
        <id>999475294</id>
        <vatNumber>SE556053152601</vatNumber>
        <legalName>SWEREA IVF AB</legalName>
        <shortName>IVF</shortName>
        <address>
          <street>Argongatan  30</street>
          <city>MOELNDAL</city>
          <postalCode>43153</postalCode>
          <country>SE</country>
          <postBox>104</postBox>
          <url>www.swereaivf.se</url>
        </address>
        <relations>
          <categories>
            <category classification="organizationActivityType" type="relatedOrganizationActivityType">
              <availableLanguages readOnly="true">de,en,es,fr,it,pl</availableLanguages>
              <code>/REC</code>
              <title>Research Organisations</title>
            </category>
          </categories>
          <regions>
            <region type="relatedRegion">
              <name>Sweden</name>
              <nutsCode>SE</nutsCode>
              <euCode>SE</euCode>
              <isoCode>SE</isoCode>
              <rcn>473598504</rcn>
            </region>
          </regions>
        </relations>
      </organization>
      <organization ecContribution="194314.25" order="1" terminated="false" type="coordinator">
        <availableLanguages readOnly="true">en</availableLanguages>
        <rcn>2398941</rcn>
        <id>950565954</id>
        <vatNumber>BE0820489643</vatNumber>
        <legalName>EUROPEAN FACTORIES OF THE FUTURE RESEARCH ASSOCIATION AISBL</legalName>
        <shortName>EFFRA</shortName>
        <address>
          <street>Boulevard Auguste Reyers  80</street>
          <city>Brussels</city>
          <postalCode>1030</postalCode>
          <country>BE</country>
        </address>
        <departmentName>EFFRA Office</departmentName>
        <relations>
          <categories>
            <category classification="organizationActivityType" type="relatedOrganizationActivityType">
              <availableLanguages readOnly="true">de,en,es,fr,it,pl</availableLanguages>
              <code>/OTH</code>
              <title>Other</title>
            </category>
          </categories>
          <regions>
            <region type="relatedRegion">
              <name>Belgium</name>
              <nutsCode>BE</nutsCode>
              <euCode>BE</euCode>
              <isoCode>BE</isoCode>
              <rcn>188385832</rcn>
            </region>
          </regions>
        </relations>
      </organization>
      <organization ecContribution="14700" order="6" terminated="false" type="participant">
        <availableLanguages readOnly="true">en</availableLanguages>
        <rcn>2068252</rcn>
        <id>955000406</id>
        <vatNumber>ESF20350823</vatNumber>
        <legalName>MONDRAGON CORPORACION COOPERATIVA SCOOP</legalName>
        <shortName>MONDRAGON S COOP</shortName>
        <address>
          <street>PASEO JOSE M ARIZMENDIARRIETA 5</street>
          <city>MONDRAGON GUIPUZCOA</city>
          <postalCode>20500</postalCode>
          <country>ES</country>
          <url>www.mondragoncorporation.com</url>
        </address>
        <relations>
          <categories>
            <category classification="organizationActivityType" type="relatedOrganizationActivityType">
              <availableLanguages readOnly="true">de,en,es,fr,it,pl</availableLanguages>
              <code>/PRC</code>
              <title>Private for-profit entities (excluding Higher or Secondary Education Establishments)</title>
            </category>
          </categories>
          <regions>
            <region type="relatedRegion">
              <name>Spain</name>
              <nutsCode>ES</nutsCode>
              <euCode>ES</euCode>
              <isoCode>ES</isoCode>
              <rcn>242387496</rcn>
            </region>
          </regions>
        </relations>
      </organization>
      <organization ecContribution="18437.5" order="5" terminated="false" type="participant">
        <availableLanguages readOnly="true">en</availableLanguages>
        <rcn>1905767</rcn>
        <id>999604110</id>
        <vatNumber>ESG48975767</vatNumber>
        <legalName>FUNDACION TECNALIA RESEARCH &amp; INNOVATION</legalName>
        <shortName>TECNALIA</shortName>
        <address>
          <street>PARQUE CIENTIFICO Y TECNOLOGICO DE GIPUZKOA PASEO MIKELETEGI 2</street>
          <city>DONOSTIA SAN SEBASTIAN</city>
          <postalCode>20009</postalCode>
          <country>ES</country>
          <postBox>000</postBox>
          <url>www.tecnalia.com</url>
        </address>
        <departmentName>Energy and Environment Division</departmentName>
        <relations>
          <categories>
            <category classification="organizationActivityType" type="relatedOrganizationActivityType">
              <availableLanguages readOnly="true">de,en,es,fr,it,pl</availableLanguages>
              <code>/REC</code>
              <title>Research Organisations</title>
            </category>
          </categories>
          <regions>
            <region type="relatedRegion">
              <name>Spain</name>
              <nutsCode>ES</nutsCode>
              <euCode>ES</euCode>
              <isoCode>ES</isoCode>
              <rcn>242387496</rcn>
            </region>
          </regions>
        </relations>
      </organization>
      <organization ecContribution="15156" order="2" terminated="false" type="participant">
        <availableLanguages readOnly="true">en</availableLanguages>
        <rcn>2148393</rcn>
        <id>998981079</id>
        <vatNumber>BE0406605390</vatNumber>
        <legalName>AGORIA ASBL</legalName>
        <shortName>AGORIA ASBL</shortName>
        <address>
          <street>A REYERS 80 DIAMANT BUILDING</street>
          <city>BRUXELLES</city>
          <postalCode>1030</postalCode>
          <country>BE</country>
          <url>www.agoria.be</url>
        </address>
        <relations>
          <categories>
            <category classification="organizationActivityType" type="relatedOrganizationActivityType">
              <availableLanguages readOnly="true">de,en,es,fr,it,pl</availableLanguages>
              <code>/OTH</code>
              <title>Other</title>
            </category>
          </categories>
          <regions>
            <region type="relatedRegion">
              <name>Belgium</name>
              <nutsCode>BE</nutsCode>
              <euCode>BE</euCode>
              <isoCode>BE</isoCode>
              <rcn>188385832</rcn>
            </region>
          </regions>
        </relations>
      </organization>
      <organization ecContribution="21625" order="4" terminated="false" type="participant">
        <availableLanguages readOnly="true">en</availableLanguages>
        <rcn>2209194</rcn>
        <id>951700272</id>
        <legalName>FORSCHUNGSKURATORIUM MASCHINENBAU EV</legalName>
        <shortName>FKM</shortName>
        <address>
          <street>Lyoner Strasse  18</street>
          <city>Frankfurt am Main</city>
          <postalCode>60528</postalCode>
          <country>DE</country>
          <url>www.fkm-net.de</url>
        </address>
        <relations>
          <categories>
            <category classification="organizationActivityType" type="relatedOrganizationActivityType">
              <availableLanguages readOnly="true">de,en,es,fr,it,pl</availableLanguages>
              <code>/OTH</code>
              <title>Other</title>
            </category>
          </categories>
          <regions>
            <region type="relatedRegion">
              <name>Germany</name>
              <nutsCode>DE</nutsCode>
              <euCode>DE</euCode>
              <isoCode>DE</isoCode>
              <rcn>221940264</rcn>
            </region>
          </regions>
        </relations>
      </organization>
      <organization ecContribution="16093.75" order="9" terminated="false" type="participant">
        <availableLanguages readOnly="true">en</availableLanguages>
        <rcn>1905816</rcn>
        <id>999894528</id>
        <vatNumber>EL998219694</vatNumber>
        <legalName>PANEPISTIMIO PATRON</legalName>
        <shortName>UPAT</shortName>
        <address>
          <street>UNIVERSITY CAMPUS RIO PATRAS</street>
          <city>RIO PATRAS</city>
          <postalCode>265 04</postalCode>
          <country>EL</country>
          <postBox>26110</postBox>
          <url>www.upatras.gr</url>
        </address>
        <departmentName>Department of Computer Engineering</departmentName>
        <departmentName>University of Patras</departmentName>
        <relations>
          <categories>
            <category classification="organizationActivityType" type="relatedOrganizationActivityType">
              <availableLanguages readOnly="true">de,en,es,fr,it,pl</availableLanguages>
              <code>/HES</code>
              <title>Higher or Secondary Education Establishments</title>
            </category>
          </categories>
          <regions>
            <region type="relatedRegion">
              <name>Greece</name>
              <nutsCode>GR</nutsCode>
              <euCode>EL</euCode>
              <isoCode>GR</isoCode>
              <rcn>240552488</rcn>
            </region>
          </regions>
        </relations>
      </organization>
      <organization ecContribution="42500" order="3" terminated="false" type="participant">
        <availableLanguages readOnly="true">en</availableLanguages>
        <rcn>2090864</rcn>
        <id>998525664</id>
        <vatNumber>IT02648490361</vatNumber>
        <legalName>Centro di Ricerca e Innovazione tecnologica srl</legalName>
        <shortName>CRIT</shortName>
        <address>
          <street>Via Confine 2310</street>
          <city>VIGNOLA</city>
          <postalCode>41058</postalCode>
          <country>IT</country>
          <url>www.crit-research.it</url>
        </address>
        <relations>
          <categories>
            <category classification="organizationActivityType" type="relatedOrganizationActivityType">
              <availableLanguages readOnly="true">de,en,es,fr,it,pl</availableLanguages>
              <code>/PRC</code>
              <title>Private for-profit entities (excluding Higher or Secondary Education Establishments)</title>
            </category>
          </categories>
          <regions>
            <region type="relatedRegion">
              <name>Italy</name>
              <nutsCode>IT</nutsCode>
              <euCode>IT</euCode>
              <isoCode>IT</isoCode>
              <rcn>309758504</rcn>
            </region>
          </regions>
        </relations>
      </organization>
      <organization ecContribution="22432.5" order="8" terminated="false" type="participant">
        <availableLanguages readOnly="true">en</availableLanguages>
        <rcn>1906165</rcn>
        <id>999912764</id>
        <vatNumber>GB700170889</vatNumber>
        <legalName>TWI LIMITED</legalName>
        <shortName>TWI LIMITED</shortName>
        <address>
          <street>GRANTA PARK GREAT ABINGTON</street>
          <city>CAMBRIDGE</city>
          <postalCode>CB21 6AL</postalCode>
          <country>UK</country>
          <postBox>000</postBox>
          <url>www.twi.co.uk</url>
        </address>
        <departmentName>N/A</departmentName>
        <relations>
          <categories>
            <category classification="organizationActivityType" type="relatedOrganizationActivityType">
              <availableLanguages readOnly="true">de,en,es,fr,it,pl</availableLanguages>
              <code>/REC</code>
              <title>Research Organisations</title>
            </category>
          </categories>
          <regions>
            <region type="relatedRegion">
              <name>United Kingdom</name>
              <nutsCode>UK</nutsCode>
              <euCode>UK</euCode>
              <isoCode>GB</isoCode>
              <rcn>508725800</rcn>
            </region>
          </regions>
        </relations>
      </organization>
    <categories>
      <category classification="projectFundingSchemeCategory" type="relatedProjectFundingSchemeCategory">
        <availableLanguages readOnly="true">en</availableLanguages>
        <code>/CSA</code>
        <title>Coordination and support action</title>
      </category>
    </categories>
