  <rcn>193647</rcn>
  <acronym>FLDcure</acronym>
  <objective>Fatty Liver disease (FLD) is a widespread disease which can often progress to Nonalcoholic steatohepatitis, cirrhosis and liver cancer. At present FLD disease affects a huge perportion of the population and prompt treatment will be of major health benefits to the general population. We have developed a specific therapeutic targeting a microRNA we and others have shown to be involved in the pathogenesis of FLD. This therapeutic agent can dramatically reduce FLD in a mouse model. We would like to extend the pre-clinical studies in order to encourage interest of a pharmaceutical company who will license the technology and pursue clinical trials.</objective>
  <title>A potent Micro-RNA therapeutic for nonalcoholic fatty liver disease (NAFLD)</title>
    <categories>
      <category classification="projectFundingSchemeCategory" type="relatedProjectFundingSchemeCategory">
        <availableLanguages readOnly="true">en</availableLanguages>
        <code>/ERC-POC</code>
        <title>Proof of Concept Grant</title>
      </category>
    </categories>
