  <rcn>193373</rcn>
  <acronym>IT2RAIL</acronym>
  <objective>The IT²RAIL -“Information Technologies for Shift to rail” proposal, first step towards the long term IP4 -“IT for an Attractive Railway” SHIFT²RAIL Innovation Programme, aims at providing a new seamless travel experience, giving access to a complete multimodal travel offer which connects the first and last mile to long distance journeys.
This is achieved through the introduction of a ground breaking Technical Enabler based on two concepts:
• the traveler is placed at the heart of innovative solutions, accessing all multimodal travel services (shopping, ticketing, and tracking) through its travel-companion.
• An open published framework is providing full interoperability whilst limiting impacts on existing systems, without prerequisites for centralized standardization. 
This Technical Enabler will be completely settled in the context of the SHIFT²RAIL IP4, and IT²RAIL is proposing a reduced approach to the scale of a specified use case without weakening any of the key concepts of IP4, such as the usage of Semantic Web technologies, meta planning on distributed data, travel companion with a protected and secured personal wallet stored in the cloud and including the rights to travel. 
The use case will be defined as a specific instantiation of our open concepts, and will benefit from a completely scalable architecture fully instantiated in IP4. 
This approach is addressing all the key challenges of the work program, supporting a complete door-to- door intermodal travel offer and proposing a seamless integration of the very diverse existing and future services for planning, one-stop-shop ticketing, and real-time re-accommodation.
Moreover, thanks to an Interoperability framework which insulates travel applications from the standards fragmentation in multimodal transport, IT²RAIL liberates business-model innovations in the market-place, guaranteeing the economic self-sustainability of these e-services in the long-term.</objective>
  <title>INFORMATION TECHNOLOGIES FOR SHIFT TO RAIL</title>
      <organization ecContribution="132750" order="24" terminated="false" type="participant">
        <availableLanguages readOnly="true">en</availableLanguages>
        <rcn>2354407</rcn>
        <id>973592493</id>
        <vatNumber>DE170900133</vatNumber>
        <legalName>VBB VERKEHRSVERBUND BERLIN-BRANDENBURG GMBH</legalName>
        <shortName>VBB</shortName>
        <address>
          <street>HARDENBERGPLATZ 2</street>
          <city>BERLIN</city>
          <postalCode>10623</postalCode>
          <country>DE</country>
        </address>
        <relations>
          <categories>
            <category classification="organizationActivityType" type="relatedOrganizationActivityType">
              <availableLanguages readOnly="true">de,en,es,fr,it,pl</availableLanguages>
              <code>/PRC</code>
              <title>Private for-profit entities (excluding Higher or Secondary Education Establishments)</title>
            </category>
          </categories>
          <regions>
            <region type="relatedRegion">
              <name>Germany</name>
              <nutsCode>DE</nutsCode>
              <euCode>DE</euCode>
              <isoCode>DE</isoCode>
              <rcn>221940264</rcn>
            </region>
          </regions>
        </relations>
      </organization>
      <organization ecContribution="592312.5" order="8" terminated="false" type="participant">
        <availableLanguages readOnly="true">en</availableLanguages>
        <rcn>1913337</rcn>
        <id>972162131</id>
        <vatNumber>CZ26847281</vatNumber>
        <legalName>OLTIS GROUP AS</legalName>
        <shortName>OG</shortName>
        <address>
          <street>DR MILADY HORAKOVE 1200/27A</street>
          <city>OLOMOUC</city>
          <postalCode>77900</postalCode>
          <country>CZ</country>
          <postBox>000</postBox>
          <url>www.oltisgroup.com</url>
        </address>
        <relations>
          <categories>
            <category classification="organizationActivityType" type="relatedOrganizationActivityType">
              <availableLanguages readOnly="true">de,en,es,fr,it,pl</availableLanguages>
              <code>/PRC</code>
              <title>Private for-profit entities (excluding Higher or Secondary Education Establishments)</title>
            </category>
          </categories>
          <regions>
            <region type="relatedRegion">
              <name>Czech Republic</name>
              <nutsCode>CZ</nutsCode>
              <euCode>CZ</euCode>
              <isoCode>CZ</isoCode>
              <rcn>210668072</rcn>
            </region>
          </regions>
        </relations>
      </organization>
      <organization ecContribution="136850" order="28" terminated="false" type="participant">
        <availableLanguages readOnly="true">en</availableLanguages>
        <rcn>2373242</rcn>
        <id>953908477</id>
        <vatNumber>BE0818927943</vatNumber>
        <legalName>RINA CONSULTING</legalName>
        <shortName>DAPP</shortName>
        <address>
          <street>RUE BELLIARD 2A</street>
          <city>BRUXELLES</city>
          <postalCode>1040</postalCode>
          <country>BE</country>
        </address>
        <relations>
          <categories>
            <category classification="organizationActivityType" type="relatedOrganizationActivityType">
              <availableLanguages readOnly="true">de,en,es,fr,it,pl</availableLanguages>
              <code>/PRC</code>
              <title>Private for-profit entities (excluding Higher or Secondary Education Establishments)</title>
            </category>
          </categories>
          <regions>
            <region type="relatedRegion">
              <name>Belgium</name>
              <nutsCode>BE</nutsCode>
              <euCode>BE</euCode>
              <isoCode>BE</isoCode>
              <rcn>188385832</rcn>
            </region>
          </regions>
        </relations>
      </organization>
      <organization ecContribution="69250" order="22" terminated="false" type="participant">
        <availableLanguages readOnly="true">en</availableLanguages>
        <rcn>2396979</rcn>
        <id>972293857</id>
        <vatNumber>IT01752891208</vatNumber>
        <legalName>CNC CENTRO NUOVA COMUNICAZIONE SRL</legalName>
        <shortName>CNC</shortName>
        <address>
          <street>VIA ALESSANDRINI 17</street>
          <city>BOLOGNA BO</city>
          <postalCode>40126</postalCode>
          <country>IT</country>
        </address>
        <relations>
          <categories>
            <category classification="organizationActivityType" type="relatedOrganizationActivityType">
              <availableLanguages readOnly="true">de,en,es,fr,it,pl</availableLanguages>
              <code>/PRC</code>
              <title>Private for-profit entities (excluding Higher or Secondary Education Establishments)</title>
            </category>
          </categories>
          <regions>
            <region type="relatedRegion">
              <name>Italy</name>
              <nutsCode>IT</nutsCode>
              <euCode>IT</euCode>
              <isoCode>IT</isoCode>
              <rcn>309758504</rcn>
            </region>
          </regions>
        </relations>
      </organization>
      <organization ecContribution="198874.51" order="1" terminated="false" type="coordinator">
        <availableLanguages readOnly="true">en</availableLanguages>
        <rcn>1907652</rcn>
        <id>999920233</id>
        <vatNumber>BE0453405417</vatNumber>
        <legalName>UNION DES INDUSTRIES FERROVIAIRES EUROPEENNES - UNIFE</legalName>
        <shortName>UNIFE</shortName>
        <address>
          <street>AVENUE LOUISE 221</street>
          <city>BRUXELLES</city>
          <postalCode>1050</postalCode>
          <country>BE</country>
          <url>www.unife.org</url>
        </address>
        <relations>
          <categories>
            <category classification="organizationActivityType" type="relatedOrganizationActivityType">
              <availableLanguages readOnly="true">de,en,es,fr,it,pl</availableLanguages>
              <code>/OTH</code>
              <title>Other</title>
            </category>
          </categories>
          <regions>
            <region type="relatedRegion">
              <name>Belgium</name>
              <nutsCode>BE</nutsCode>
              <euCode>BE</euCode>
              <isoCode>BE</isoCode>
              <rcn>188385832</rcn>
            </region>
          </regions>
        </relations>
      </organization>
      <organization ecContribution="321892.19" order="15" terminated="true" type="participant">
        <availableLanguages readOnly="true">en</availableLanguages>
        <rcn>1907633</rcn>
        <id>999941767</id>
        <vatNumber>FR35552049447</vatNumber>
        <legalName>SNCF MOBILITES</legalName>
        <shortName>SNCF-M</shortName>
        <address>
          <street>9 RUE JEAN-PHILIPPE RAMEAU</street>
          <city>ST DENIS</city>
          <postalCode>93200</postalCode>
          <country>FR</country>
          <postBox>000</postBox>
          <url>www.sncf.fr</url>
        </address>
        <departmentName>Consultant</departmentName>
        <relations>
          <categories>
            <category classification="organizationActivityType" type="relatedOrganizationActivityType">
              <availableLanguages readOnly="true">de,en,es,fr,it,pl</availableLanguages>
              <code>/PUB</code>
              <title>Public bodies (excluding Research Organisations and Secondary or Higher Education Establishments)</title>
            </category>
          </categories>
          <regions>
            <region type="relatedRegion">
              <name>France</name>
              <nutsCode>FR</nutsCode>
              <euCode>FR</euCode>
              <isoCode>FR</isoCode>
              <rcn>258902568</rcn>
            </region>
          </regions>
        </relations>
      </organization>
      <organization ecContribution="1520" order="27" terminated="false" type="participant">
        <availableLanguages readOnly="true">en</availableLanguages>
        <rcn>2210221</rcn>
        <id>999754363</id>
        <vatNumber>EE100322358</vatNumber>
        <legalName>CYBERNETICA AS</legalName>
        <shortName>CYBER</shortName>
        <address>
          <street>MAEALUSE 2</street>
          <city>TALLINN</city>
          <postalCode>12618</postalCode>
          <country>EE</country>
          <url>www.cyber.ee</url>
        </address>
        <departmentName>Information Security Research Institute</departmentName>
        <relations>
          <categories>
            <category classification="organizationActivityType" type="relatedOrganizationActivityType">
              <availableLanguages readOnly="true">de,en,es,fr,it,pl</availableLanguages>
              <code>/PRC</code>
              <title>Private for-profit entities (excluding Higher or Secondary Education Establishments)</title>
            </category>
          </categories>
          <regions>
            <region type="relatedRegion">
              <name>Estonia</name>
              <nutsCode>EE</nutsCode>
              <euCode>EE</euCode>
              <isoCode>EE</isoCode>
              <rcn>238717480</rcn>
            </region>
          </regions>
        </relations>
      </organization>
      <organization ecContribution="138400.25" order="5" terminated="true" type="participant">
        <availableLanguages readOnly="true">en</availableLanguages>
        <rcn>1907209</rcn>
        <id>951262220</id>
        <vatNumber>IT10111831003</vatNumber>
        <legalName>SELEX ES SPA</legalName>
        <shortName>SES</shortName>
        <address>
          <street>PIAZZA MONTE GRAPPA 4</street>
          <city>ROMA</city>
          <postalCode>00195</postalCode>
          <country>IT</country>
          <postBox>000</postBox>
          <url>www.selex-es.com</url>
        </address>
        <relations>
          <categories>
            <category classification="organizationActivityType" type="relatedOrganizationActivityType">
              <availableLanguages readOnly="true">de,en,es,fr,it,pl</availableLanguages>
              <code>/PRC</code>
              <title>Private for-profit entities (excluding Higher or Secondary Education Establishments)</title>
            </category>
          </categories>
          <regions>
            <region type="relatedRegion">
              <name>Italy</name>
              <nutsCode>IT</nutsCode>
              <euCode>IT</euCode>
              <isoCode>IT</isoCode>
              <rcn>309758504</rcn>
            </region>
          </regions>
        </relations>
      </organization>
      <organization ecContribution="420375" order="11" terminated="false" type="participant">
        <availableLanguages readOnly="true">en</availableLanguages>
        <rcn>1905912</rcn>
        <id>999984059</id>
        <vatNumber>DE129515865</vatNumber>
        <legalName>FRAUNHOFER GESELLSCHAFT ZUR FOERDERUNG DER ANGEWANDTEN FORSCHUNG E.V.</legalName>
        <shortName>Fraunhofer</shortName>
        <address>
          <street>HANSASTRASSE 27C</street>
          <city>MUNCHEN</city>
          <postalCode>80686</postalCode>
          <country>DE</country>
          <postBox>000</postBox>
          <url>www.fraunhofer.de</url>
        </address>
        <departmentName>Integrated Project Management</departmentName>
        <relations>
          <categories>
            <category classification="organizationActivityType" type="relatedOrganizationActivityType">
              <availableLanguages readOnly="true">de,en,es,fr,it,pl</availableLanguages>
              <code>/REC</code>
              <title>Research Organisations</title>
            </category>
          </categories>
          <regions>
            <region type="relatedRegion">
              <name>Germany</name>
              <nutsCode>DE</nutsCode>
              <euCode>DE</euCode>
              <isoCode>DE</isoCode>
              <rcn>221940264</rcn>
            </region>
          </regions>
        </relations>
      </organization>
      <organization ecContribution="1266311.55" order="3" terminated="false" type="participant">
        <availableLanguages readOnly="true">en</availableLanguages>
        <rcn>2396960</rcn>
        <id>940448660</id>
        <vatNumber>ESA84409408</vatNumber>
        <legalName>AMADEUS IT GROUP SA</legalName>
        <shortName>AMADEUS</shortName>
        <address>
          <street>CALLE SALVADOR DE MADARIAGA 1</street>
          <city>MADRID</city>
          <postalCode>28027</postalCode>
          <country>ES</country>
        </address>
        <relations>
          <categories>
            <category classification="organizationActivityType" type="relatedOrganizationActivityType">
              <availableLanguages readOnly="true">de,en,es,fr,it,pl</availableLanguages>
              <code>/PRC</code>
              <title>Private for-profit entities (excluding Higher or Secondary Education Establishments)</title>
            </category>
          </categories>
          <regions>
            <region type="relatedRegion">
              <name>Spain</name>
              <nutsCode>ES</nutsCode>
              <euCode>ES</euCode>
              <isoCode>ES</isoCode>
              <rcn>242387496</rcn>
            </region>
          </regions>
        </relations>
      </organization>
      <organization ecContribution="163625" order="30" terminated="false" type="participant">
        <availableLanguages readOnly="true">en</availableLanguages>
        <rcn>2090579</rcn>
        <id>997998081</id>
        <vatNumber>FR64562113530</vatNumber>
        <legalName>GEMALTO SA</legalName>
        <shortName>GTO</shortName>
        <address>
          <street>RUE DE LA VERRERIE  6</street>
          <city>MEUDON</city>
          <postalCode>92190</postalCode>
          <country>FR</country>
          <url>www.gemalto.com</url>
        </address>
        <departmentName>CITO/Advanced Security</departmentName>
        <departmentName> Software &amp; Tools/Tools</departmentName>
        <departmentName> Innovation &amp;</departmentName>
        <relations>
          <categories>
            <category classification="organizationActivityType" type="relatedOrganizationActivityType">
              <availableLanguages readOnly="true">de,en,es,fr,it,pl</availableLanguages>
              <code>/PRC</code>
              <title>Private for-profit entities (excluding Higher or Secondary Education Establishments)</title>
            </category>
          </categories>
          <regions>
            <region type="relatedRegion">
              <name>France</name>
              <nutsCode>FR</nutsCode>
              <euCode>FR</euCode>
              <isoCode>FR</isoCode>
              <rcn>258902568</rcn>
            </region>
          </regions>
        </relations>
      </organization>
      <organization ecContribution="2007439.59" order="2" terminated="false" type="participant">
        <availableLanguages readOnly="true">en</availableLanguages>
        <rcn>1905995</rcn>
        <id>999971934</id>
        <vatNumber>FR01383470937</vatNumber>
        <legalName>THALES COMMUNICATIONS &amp; SECURITY SAS</legalName>
        <shortName>THALES</shortName>
        <address>
          <street>AVENUE DES LOUVRESSES 4</street>
          <city>GENNEVILLIERS</city>
          <postalCode>92230</postalCode>
          <country>FR</country>
          <postBox>000</postBox>
          <url>www.thalesgroup.com</url>
        </address>
        <departmentName>Technology</departmentName>
        <relations>
          <categories>
            <category classification="organizationActivityType" type="relatedOrganizationActivityType">
              <availableLanguages readOnly="true">de,en,es,fr,it,pl</availableLanguages>
              <code>/PRC</code>
              <title>Private for-profit entities (excluding Higher or Secondary Education Establishments)</title>
            </category>
          </categories>
          <regions>
            <region type="relatedRegion">
              <name>France</name>
              <nutsCode>FR</nutsCode>
              <euCode>FR</euCode>
              <isoCode>FR</isoCode>
              <rcn>258902568</rcn>
            </region>
          </regions>
        </relations>
      </organization>
      <organization ecContribution="112143.68" order="18" terminated="false" type="participant">
        <availableLanguages readOnly="true">en</availableLanguages>
        <rcn>1905694</rcn>
        <id>999992401</id>
        <vatNumber>FR43775685019</vatNumber>
        <legalName>COMMISSARIAT A L ENERGIE ATOMIQUE ET AUX ENERGIES ALTERNATIVES</legalName>
        <shortName>CEA</shortName>
        <address>
          <street>RUE LEBLANC  25</street>
          <city>PARIS 15</city>
          <postalCode>75015</postalCode>
          <country>FR</country>
          <postBox>N/A</postBox>
          <url>www.cea.fr</url>
        </address>
        <departmentName>LETI-DTSI</departmentName>
        <relations>
          <categories>
            <category classification="organizationActivityType" type="relatedOrganizationActivityType">
              <availableLanguages readOnly="true">de,en,es,fr,it,pl</availableLanguages>
              <code>/REC</code>
              <title>Research Organisations</title>
            </category>
          </categories>
          <regions>
            <region type="relatedRegion">
              <name>France</name>
              <nutsCode>FR</nutsCode>
              <euCode>FR</euCode>
              <isoCode>FR</isoCode>
              <rcn>258902568</rcn>
            </region>
          </regions>
        </relations>
      </organization>
      <organization ecContribution="114625" order="12" terminated="false" type="participant">
        <availableLanguages readOnly="true">en</availableLanguages>
        <rcn>2161051</rcn>
        <id>984142310</id>
        <vatNumber>FR78411123367</vatNumber>
        <legalName>ATTOMA SARL</legalName>
        <shortName>ATT</shortName>
        <address>
          <street>RUE TITON 25-27</street>
          <city>PARIS</city>
          <postalCode>75011</postalCode>
          <country>FR</country>
          <url>http://www.attoma-design.com/</url>
        </address>
        <relations>
          <categories>
            <category classification="organizationActivityType" type="relatedOrganizationActivityType">
              <availableLanguages readOnly="true">de,en,es,fr,it,pl</availableLanguages>
              <code>/PRC</code>
              <title>Private for-profit entities (excluding Higher or Secondary Education Establishments)</title>
            </category>
          </categories>
          <regions>
            <region type="relatedRegion">
              <name>France</name>
              <nutsCode>FR</nutsCode>
              <euCode>FR</euCode>
              <isoCode>FR</isoCode>
              <rcn>258902568</rcn>
            </region>
          </regions>
        </relations>
      </organization>
      <organization ecContribution="341625" order="6" terminated="false" type="participant">
        <availableLanguages readOnly="true">en</availableLanguages>
        <rcn>1910623</rcn>
        <id>999949624</id>
        <vatNumber>IT05403151003</vatNumber>
        <legalName>TRENITALIA SPA</legalName>
        <shortName>TRI</shortName>
        <address>
          <street>PIAZZA DELLA CROCE ROSSA 1</street>
          <city>ROMA</city>
          <postalCode>00161</postalCode>
          <country>IT</country>
          <url>www.trenitalia.com</url>
        </address>
        <relations>
          <categories>
            <category classification="organizationActivityType" type="relatedOrganizationActivityType">
              <availableLanguages readOnly="true">de,en,es,fr,it,pl</availableLanguages>
              <code>/PRC</code>
              <title>Private for-profit entities (excluding Higher or Secondary Education Establishments)</title>
            </category>
          </categories>
          <regions>
            <region type="relatedRegion">
              <name>Italy</name>
              <nutsCode>IT</nutsCode>
              <euCode>IT</euCode>
              <isoCode>IT</isoCode>
              <rcn>309758504</rcn>
            </region>
          </regions>
        </relations>
      </organization>
      <organization ecContribution="263375" order="9" terminated="false" type="participant">
        <availableLanguages readOnly="true">en</availableLanguages>
        <rcn>1951638</rcn>
        <id>999647178</id>
        <vatNumber>IT09144820157</vatNumber>
        <legalName>CEFRIEL - SOCIETA CONSORTILE A RESPONSABILITA LIMITATA</legalName>
        <shortName>CEFRIEL</shortName>
        <address>
          <street>VIA RENATO FUCINI  2</street>
          <city>MILANO</city>
          <postalCode>20133</postalCode>
          <country>IT</country>
        </address>
        <departmentName>Administration</departmentName>
        <relations>
          <categories>
            <category classification="organizationActivityType" type="relatedOrganizationActivityType">
              <availableLanguages readOnly="true">de,en,es,fr,it,pl</availableLanguages>
              <code>/REC</code>
              <title>Research Organisations</title>
            </category>
          </categories>
          <regions>
            <region type="relatedRegion">
              <name>Italy</name>
              <nutsCode>IT</nutsCode>
              <euCode>IT</euCode>
              <isoCode>IT</isoCode>
              <rcn>309758504</rcn>
            </region>
          </regions>
        </relations>
      </organization>
      <organization ecContribution="32960.69" order="21" terminated="false" type="participant">
        <availableLanguages readOnly="true">en</availableLanguages>
        <rcn>1913334</rcn>
        <id>996523778</id>
        <vatNumber>GB899092068</vatNumber>
        <legalName>RAIL SAFETY AND STANDARDS BOARD LIMITED</legalName>
        <shortName>RSSB</shortName>
        <address>
          <street>THE HELICON 1 SOUTH PLACE</street>
          <city>LONDON</city>
          <postalCode>EC2M 2RB</postalCode>
          <country>UK</country>
          <url>www.rssb.co.uk</url>
        </address>
        <relations>
          <categories>
            <category classification="organizationActivityType" type="relatedOrganizationActivityType">
              <availableLanguages readOnly="true">de,en,es,fr,it,pl</availableLanguages>
              <code>/OTH</code>
              <title>Other</title>
            </category>
          </categories>
          <regions>
            <region type="relatedRegion">
              <name>United Kingdom</name>
              <nutsCode>UK</nutsCode>
              <euCode>UK</euCode>
              <isoCode>GB</isoCode>
              <rcn>508725800</rcn>
            </region>
          </regions>
        </relations>
      </organization>
      <organization ecContribution="33150" order="26" terminated="true" type="participant">
        <availableLanguages readOnly="true">en</availableLanguages>
        <rcn>1905780</rcn>
        <id>999951467</id>
        <vatNumber>IT03476550102</vatNumber>
        <legalName>RINA CONSULTING SPA</legalName>
        <shortName>DAPP</shortName>
        <address>
          <street>VIA SAN NAZARO 19</street>
          <city>GENOVA</city>
          <postalCode>16145</postalCode>
          <country>IT</country>
          <postBox>000</postBox>
          <url>www.dappolonia.it</url>
        </address>
        <departmentName>Innovation Consulting Division</departmentName>
        <relations>
          <categories>
            <category classification="organizationActivityType" type="relatedOrganizationActivityType">
              <availableLanguages readOnly="true">de,en,es,fr,it,pl</availableLanguages>
              <code>/PRC</code>
              <title>Private for-profit entities (excluding Higher or Secondary Education Establishments)</title>
            </category>
          </categories>
          <regions>
            <region type="relatedRegion">
              <name>Italy</name>
              <nutsCode>IT</nutsCode>
              <euCode>IT</euCode>
              <isoCode>IT</isoCode>
              <rcn>309758504</rcn>
            </region>
          </regions>
        </relations>
      </organization>
      <organization ecContribution="1079625" order="4" terminated="false" type="participant">
        <availableLanguages readOnly="true">en</availableLanguages>
        <rcn>1907224</rcn>
        <id>999959130</id>
        <vatNumber>ESA28599033</vatNumber>
        <legalName>INDRA SISTEMAS SA</legalName>
        <shortName>INDRA</shortName>
        <address>
          <street>AVENIDA DE BRUSELAS 35</street>
          <city>ALCOBENDAS MADRID</city>
          <postalCode>28108</postalCode>
          <country>ES</country>
          <url>www.indra.es</url>
        </address>
        <departmentName>Ticketing</departmentName>
        <relations>
          <categories>
            <category classification="organizationActivityType" type="relatedOrganizationActivityType">
              <availableLanguages readOnly="true">de,en,es,fr,it,pl</availableLanguages>
              <code>/PRC</code>
              <title>Private for-profit entities (excluding Higher or Secondary Education Establishments)</title>
            </category>
          </categories>
          <regions>
            <region type="relatedRegion">
              <name>Spain</name>
              <nutsCode>ES</nutsCode>
              <euCode>ES</euCode>
              <isoCode>ES</isoCode>
              <rcn>242387496</rcn>
            </region>
          </regions>
        </relations>
      </organization>
      <organization ecContribution="13261.31" order="29" terminated="false" type="participant">
        <availableLanguages readOnly="true">en</availableLanguages>
        <rcn>1917365</rcn>
        <id>998916768</id>
        <vatNumber>ESA81673352</vatNumber>
        <legalName>ILUNION TECNOLOGIA Y ACCESIBILIDAD, S.A.</legalName>
        <shortName>ILUNION</shortName>
        <address>
          <street>CALLE ALBACETE 3 PISO 2 MIZAR BUILDING</street>
          <city>MADRID</city>
          <postalCode>28027</postalCode>
          <country>ES</country>
          <postBox>000</postBox>
          <url>www.technosite.es</url>
        </address>
        <departmentName>Research &amp; Development</departmentName>
        <relations>
          <categories>
            <category classification="organizationActivityType" type="relatedOrganizationActivityType">
              <availableLanguages readOnly="true">de,en,es,fr,it,pl</availableLanguages>
              <code>/PRC</code>
              <title>Private for-profit entities (excluding Higher or Secondary Education Establishments)</title>
            </category>
          </categories>
          <regions>
            <region type="relatedRegion">
              <name>Spain</name>
              <nutsCode>ES</nutsCode>
              <euCode>ES</euCode>
              <isoCode>ES</isoCode>
              <rcn>242387496</rcn>
            </region>
          </regions>
        </relations>
      </organization>
      <organization ecContribution="317375" order="16" terminated="false" type="participant">
        <availableLanguages readOnly="true">en</availableLanguages>
        <rcn>1910033</rcn>
        <id>999976202</id>
        <vatNumber>ESQ0818003F</vatNumber>
        <legalName>UNIVERSITAT POLITECNICA DE CATALUNYA</legalName>
        <shortName>UPC</shortName>
        <address>
          <street>CALLE JORDI GIRONA 31</street>
          <city>BARCELONA</city>
          <postalCode>08034</postalCode>
          <country>ES</country>
          <postBox>000</postBox>
          <url>www.upc.edu</url>
        </address>
        <departmentName>Technology Transfer Centre</departmentName>
        <relations>
          <categories>
            <category classification="organizationActivityType" type="relatedOrganizationActivityType">
              <availableLanguages readOnly="true">de,en,es,fr,it,pl</availableLanguages>
              <code>/HES</code>
              <title>Higher or Secondary Education Establishments</title>
            </category>
          </categories>
          <regions>
            <region type="relatedRegion">
              <name>Spain</name>
              <nutsCode>ES</nutsCode>
              <euCode>ES</euCode>
              <isoCode>ES</isoCode>
              <rcn>242387496</rcn>
            </region>
          </regions>
        </relations>
      </organization>
      <organization ecContribution="101625" order="20" terminated="false" type="participant">
        <availableLanguages readOnly="true">en</availableLanguages>
        <rcn>2086714</rcn>
        <id>983946467</id>
        <legalName>EUROPEAN PASSENGERS' FEDERATION IVZW</legalName>
        <shortName>EPF</shortName>
        <address>
          <street>KORTRIJKSESTEENWEG  304</street>
          <city>GENT</city>
          <postalCode>9000</postalCode>
          <country>BE</country>
          <url>www.epf.eu</url>
        </address>
        <relations>
          <categories>
            <category classification="organizationActivityType" type="relatedOrganizationActivityType">
              <availableLanguages readOnly="true">de,en,es,fr,it,pl</availableLanguages>
              <code>/OTH</code>
              <title>Other</title>
            </category>
          </categories>
          <regions>
            <region type="relatedRegion">
              <name>Belgium</name>
              <nutsCode>BE</nutsCode>
              <euCode>BE</euCode>
              <isoCode>BE</isoCode>
              <rcn>188385832</rcn>
            </region>
          </regions>
        </relations>
      </organization>
      <organization ecContribution="1182960.79" order="7" terminated="false" type="participant">
        <availableLanguages readOnly="true">en</availableLanguages>
        <rcn>1917183</rcn>
        <id>997592524</id>
        <vatNumber>DE115670237</vatNumber>
        <legalName>HACON INGENIEURGESELLSCHAFT MBH</legalName>
        <shortName>HC</shortName>
        <address>
          <street>LISTER STRASSE 15</street>
          <city>HANNOVER</city>
          <postalCode>30163</postalCode>
          <country>DE</country>
          <url>www.hacon.de</url>
        </address>
        <relations>
          <categories>
            <category classification="organizationActivityType" type="relatedOrganizationActivityType">
              <availableLanguages readOnly="true">de,en,es,fr,it,pl</availableLanguages>
              <code>/PRC</code>
              <title>Private for-profit entities (excluding Higher or Secondary Education Establishments)</title>
            </category>
          </categories>
          <regions>
            <region type="relatedRegion">
              <name>Germany</name>
              <nutsCode>DE</nutsCode>
              <euCode>DE</euCode>
              <isoCode>DE</isoCode>
              <rcn>221940264</rcn>
            </region>
          </regions>
        </relations>
      </organization>
      <organization ecContribution="177250" order="25" terminated="false" type="participant">
        <availableLanguages readOnly="true">en</availableLanguages>
        <rcn>1913386</rcn>
        <id>998381037</id>
        <vatNumber>ESA08005795</vatNumber>
        <legalName>FERROCARRIL METROPOLITA DE BARCELONA SA</legalName>
        <shortName>TMB</shortName>
        <address>
          <street>CARRER 60 ZONA FRANCA 21-23</street>
          <city>BARCELONA</city>
          <postalCode>08040</postalCode>
          <country>ES</country>
        </address>
        <relations>
          <categories>
            <category classification="organizationActivityType" type="relatedOrganizationActivityType">
              <availableLanguages readOnly="true">de,en,es,fr,it,pl</availableLanguages>
              <code>/PRC</code>
              <title>Private for-profit entities (excluding Higher or Secondary Education Establishments)</title>
            </category>
          </categories>
          <regions>
            <region type="relatedRegion">
              <name>Spain</name>
              <nutsCode>ES</nutsCode>
              <euCode>ES</euCode>
              <isoCode>ES</isoCode>
              <rcn>242387496</rcn>
            </region>
          </regions>
        </relations>
      </organization>
      <organization ecContribution="0" order="13" terminated="true" type="participant">
        <availableLanguages readOnly="true">en</availableLanguages>
        <rcn>2396970</rcn>
        <id>957824270</id>
        <vatNumber>ESB45561701</vatNumber>
        <legalName>AVALON BIOMETRICS SL</legalName>
        <shortName>AVA</shortName>
        <address>
          <street>CALLE BASAURI EDIFICIO B 17</street>
          <city>MADRID</city>
          <postalCode>28023</postalCode>
          <country>ES</country>
        </address>
        <relations>
          <categories>
            <category classification="organizationActivityType" type="relatedOrganizationActivityType">
              <availableLanguages readOnly="true">de,en,es,fr,it,pl</availableLanguages>
              <code>/PRC</code>
              <title>Private for-profit entities (excluding Higher or Secondary Education Establishments)</title>
            </category>
          </categories>
          <regions>
            <region type="relatedRegion">
              <name>Spain</name>
              <nutsCode>ES</nutsCode>
              <euCode>ES</euCode>
              <isoCode>ES</isoCode>
              <rcn>242387496</rcn>
            </region>
          </regions>
        </relations>
      </organization>
      <organization ecContribution="556690.46" order="23" terminated="false" type="participant">
        <availableLanguages readOnly="true">en</availableLanguages>
        <rcn>1906720</rcn>
        <id>999945647</id>
        <vatNumber>BE0544198506</vatNumber>
        <legalName>UNION INTERNATIONALE DES TRANSPORTS PUBLICS</legalName>
        <shortName>UITP</shortName>
        <address>
          <street>RUE SAINTE MARIE 6</street>
          <city>BRUXELLES</city>
          <postalCode>1080</postalCode>
          <country>BE</country>
          <url>www.uitp.org</url>
        </address>
        <departmentName>KMS</departmentName>
        <relations>
          <categories>
            <category classification="organizationActivityType" type="relatedOrganizationActivityType">
              <availableLanguages readOnly="true">de,en,es,fr,it,pl</availableLanguages>
              <code>/OTH</code>
              <title>Other</title>
            </category>
          </categories>
          <regions>
            <region type="relatedRegion">
              <name>Belgium</name>
              <nutsCode>BE</nutsCode>
              <euCode>BE</euCode>
              <isoCode>BE</isoCode>
              <rcn>188385832</rcn>
            </region>
          </regions>
        </relations>
      </organization>
      <organization ecContribution="364500" order="10" terminated="false" type="participant">
        <availableLanguages readOnly="true">en</availableLanguages>
        <rcn>1905660</rcn>
        <id>999879881</id>
        <vatNumber>IT04376620151</vatNumber>
        <legalName>POLITECNICO DI MILANO</legalName>
        <shortName>POLIMI</shortName>
        <address>
          <street>PIAZZA LEONARDO DA VINCI 32</street>
          <city>MILANO</city>
          <postalCode>20133</postalCode>
          <country>IT</country>
          <postBox>000</postBox>
          <url>www.polimi.it</url>
        </address>
        <departmentName>Dipartimento di Elettronica</departmentName>
        <departmentName>Informazione e Bioingegneria</departmentName>
        <relations>
          <categories>
            <category classification="organizationActivityType" type="relatedOrganizationActivityType">
              <availableLanguages readOnly="true">de,en,es,fr,it,pl</availableLanguages>
              <code>/HES</code>
              <title>Higher or Secondary Education Establishments</title>
            </category>
          </categories>
          <regions>
            <region type="relatedRegion">
              <name>Italy</name>
              <nutsCode>IT</nutsCode>
              <euCode>IT</euCode>
              <isoCode>IT</isoCode>
              <rcn>309758504</rcn>
            </region>
          </regions>
        </relations>
      </organization>
      <organization ecContribution="44125" order="19" terminated="false" type="participant">
        <availableLanguages readOnly="true">en</availableLanguages>
        <rcn>1905926</rcn>
        <id>999976978</id>
        <vatNumber>GB690391225</vatNumber>
        <legalName>THE UNIVERSITY OF NOTTINGHAM</legalName>
        <shortName>UNOTT</shortName>
        <address>
          <street>University Park</street>
          <city>NOTTINGHAM</city>
          <postalCode>NG7 2RD</postalCode>
          <country>UK</country>
          <postBox>N/A</postBox>
          <url>www.nottingham.ac.uk</url>
        </address>
        <departmentName>Research &amp; Graduate Services</departmentName>
        <relations>
          <categories>
            <category classification="organizationActivityType" type="relatedOrganizationActivityType">
              <availableLanguages readOnly="true">de,en,es,fr,it,pl</availableLanguages>
              <code>/HES</code>
              <title>Higher or Secondary Education Establishments</title>
            </category>
          </categories>
          <regions>
            <region type="relatedRegion">
              <name>United Kingdom</name>
              <nutsCode>UK</nutsCode>
              <euCode>UK</euCode>
              <isoCode>GB</isoCode>
              <rcn>508725800</rcn>
            </region>
          </regions>
        </relations>
      </organization>
      <organization ecContribution="938481.23" order="32" terminated="false" type="participant">
        <availableLanguages readOnly="true">en</availableLanguages>
        <rcn>2635243</rcn>
        <id>920209513</id>
        <vatNumber>FR59808332670</vatNumber>
        <legalName>SNCF</legalName>
        <shortName>SNCF</shortName>
        <address>
          <street>2 PLACE AUX ETOILES</street>
          <city>SAINT DENIS</city>
          <postalCode>93200</postalCode>
          <country>FR</country>
          <url>www.sncf.com</url>
        </address>
        <relations>
          <categories>
            <category classification="organizationActivityType" type="relatedOrganizationActivityType">
              <availableLanguages readOnly="true">de,en,es,fr,it,pl</availableLanguages>
              <code>/PUB</code>
              <title>Public bodies (excluding Research Organisations and Secondary or Higher Education Establishments)</title>
            </category>
          </categories>
          <regions>
            <region type="relatedRegion">
              <name>France</name>
              <nutsCode>FR</nutsCode>
              <euCode>FR</euCode>
              <isoCode>FR</isoCode>
              <rcn>258902568</rcn>
            </region>
          </regions>
        </relations>
      </organization>
      <organization ecContribution="154875" order="17" terminated="false" type="participant">
        <availableLanguages readOnly="true">en</availableLanguages>
        <rcn>2117226</rcn>
        <id>999926732</id>
        <vatNumber>NL009270334B01</vatNumber>
        <legalName>HERE GLOBAL B.V.</legalName>
        <shortName>HERE</shortName>
        <address>
          <street>KENNEDYPLEIN 222</street>
          <city>EINDHOVEN</city>
          <postalCode>5611 ZT</postalCode>
          <country>NL</country>
        </address>
        <departmentName>Location and Commerce</departmentName>
        <relations>
          <categories>
            <category classification="organizationActivityType" type="relatedOrganizationActivityType">
              <availableLanguages readOnly="true">de,en,es,fr,it,pl</availableLanguages>
              <code>/PRC</code>
              <title>Private for-profit entities (excluding Higher or Secondary Education Establishments)</title>
            </category>
          </categories>
          <regions>
            <region type="relatedRegion">
              <name>Netherlands</name>
              <nutsCode>NL</nutsCode>
              <euCode>NL</euCode>
              <isoCode>NL</isoCode>
              <rcn>391547432</rcn>
            </region>
          </regions>
        </relations>
      </organization>
      <organization ecContribution="721751.25" order="31" terminated="false" type="participant">
        <availableLanguages readOnly="true">en</availableLanguages>
        <rcn>2056057</rcn>
        <id>998627417</id>
        <vatNumber>IT00881841001</vatNumber>
        <legalName>LEONARDO - SOCIETA PER  AZIONI</legalName>
        <shortName>ALA</shortName>
        <address>
          <street>PIAZZA MONTE GRAPPA 4</street>
          <city>ROMA</city>
          <postalCode>00195</postalCode>
          <country>IT</country>
          <postBox>000</postBox>
          <url>www.finmeccanica.com</url>
        </address>
        <departmentName>LHD Training and Helicopter Support System</departmentName>
        <relations>
          <categories>
            <category classification="organizationActivityType" type="relatedOrganizationActivityType">
              <availableLanguages readOnly="true">de,en,es,fr,it,pl</availableLanguages>
              <code>/PRC</code>
              <title>Private for-profit entities (excluding Higher or Secondary Education Establishments)</title>
            </category>
          </categories>
          <regions>
            <region type="relatedRegion">
              <name>Italy</name>
              <nutsCode>IT</nutsCode>
              <euCode>IT</euCode>
              <isoCode>IT</isoCode>
              <rcn>309758504</rcn>
            </region>
          </regions>
        </relations>
      </organization>
      <organization ecContribution="0" order="14" terminated="true" type="participant">
        <availableLanguages readOnly="true">en</availableLanguages>
        <rcn>1917363</rcn>
        <id>953916334</id>
        <vatNumber>ESA79707295</vatNumber>
        <legalName>ILUNION SALUD SA</legalName>
        <shortName>FASA</shortName>
        <address>
          <street>DON RAMON DE LA CRUZ 38</street>
          <city>MADRID</city>
          <postalCode>28001</postalCode>
          <country>ES</country>
        </address>
        <relations>
          <categories>
            <category classification="organizationActivityType" type="relatedOrganizationActivityType">
              <availableLanguages readOnly="true">de,en,es,fr,it,pl</availableLanguages>
              <code>/PRC</code>
              <title>Private for-profit entities (excluding Higher or Secondary Education Establishments)</title>
            </category>
          </categories>
          <regions>
            <region type="relatedRegion">
              <name>Spain</name>
              <nutsCode>ES</nutsCode>
              <euCode>ES</euCode>
              <isoCode>ES</isoCode>
              <rcn>242387496</rcn>
            </region>
          </regions>
        </relations>
      </organization>
    <categories>
      <category classification="projectFundingSchemeCategory" type="relatedProjectFundingSchemeCategory">
        <availableLanguages readOnly="true">en</availableLanguages>
        <code>/RIA</code>
        <title>Research and Innovation action</title>
      </category>
    </categories>
