  <rcn>193311</rcn>
  <acronym>GLORIA</acronym>
  <objective>GLORIA aims to prove that the addition of chronic low dose glucocorticoids (GC) to current antirheumatic therapy is highly cost-effective and safe in elderly patients with rheumatoid arthritis (RA). RA is a frequent (affecting &gt; 2% of the elderly population), painful and disabling chronic disease with high societal costs. RA is associated with multiple comorbidities, polypharmacy and adverse events; these problems, together with challenges in compliance (adherence) are dramatically increased in the elderly population. About 50% of patients are chronically treated with low-dose glucocorticoids (GC) in combination with other antirheumatic drugs, but without good evidence on the balance of benefit and harm. Thus, existing guidelines and information on safety and efficacy of GC are inadequate.
GLORIA will address these problems by conducting a large pragmatic trial: 800 elderly (&gt;65y) RA patients receiving standard of care will be randomized to additionally receive 5 mg prednisolone daily or placebo for 2 years. Very liberal eligibility criteria will ensure representativeness to the target population, and most data will be collected from routine clinical practice, minimizing patient and physician load, and operating costs. A novel tool will monitor compliance; it can send personalized reminders to a patient’s smart device. The efficacy of this technology will be tested in a nested trial. Compliance and other characteristics will be entered into a model that will allow personalized risk and benefit assessment in the future.
Qualitative research in patients and physicians of member states will explore expectations and challenges in guideline implementation. This information and the study results will enable an update to existing guidelines and patient information, in collaboration with guideline committees and regulatory agencies. Networking conferences will improve health technology assessment in the elderly in general.</objective>
  <title>Comparing the effectiveness and safety of additional low-dose glucocorticoid in treatment strategies for elderly patients with rheumatoid arthritis</title>
      <organization ecContribution="0" order="14" terminated="true" type="participant">
        <availableLanguages readOnly="true">en</availableLanguages>
        <rcn>1905554</rcn>
        <id>954530344</id>
        <vatNumber>NL851029279B01</vatNumber>
        <legalName>STICHTING VU</legalName>
        <shortName>VU/VUmc</shortName>
        <address>
          <street>DE BOELELAAN 1105</street>
          <city>AMSTERDAM</city>
          <postalCode>1081 HV</postalCode>
          <country>NL</country>
          <postBox>000</postBox>
          <url>www.vu.nl</url>
        </address>
        <departmentName>Faculty of Sciences</departmentName>
        <relations>
          <categories>
            <category classification="organizationActivityType" type="relatedOrganizationActivityType">
              <availableLanguages readOnly="true">de,en,es,fr,it,pl</availableLanguages>
              <code>/HES</code>
              <title>Higher or Secondary Education Establishments</title>
            </category>
          </categories>
          <regions>
            <region type="relatedRegion">
              <name>Netherlands</name>
              <nutsCode>NL</nutsCode>
              <euCode>NL</euCode>
              <isoCode>NL</isoCode>
              <rcn>391547432</rcn>
            </region>
          </regions>
        </relations>
      </organization>
      <organization ecContribution="203095" order="6" terminated="false" type="participant">
        <availableLanguages readOnly="true">en</availableLanguages>
        <rcn>1908182</rcn>
        <id>999881239</id>
        <vatNumber>HU17782218</vatNumber>
        <legalName>DEBRECENI EGYETEM</legalName>
        <shortName>UNIDEB</shortName>
        <address>
          <street>EGYETEM TER 1</street>
          <city>DEBRECEN</city>
          <postalCode>4032</postalCode>
          <country>HU</country>
          <postBox>37</postBox>
          <url>http://www.unideb.hu</url>
        </address>
        <departmentName>University of Debrecen</departmentName>
        <departmentName>3rd Department of Medicine</departmentName>
        <departmentName>Clinical</departmentName>
        <relations>
          <categories>
            <category classification="organizationActivityType" type="relatedOrganizationActivityType">
              <availableLanguages readOnly="true">de,en,es,fr,it,pl</availableLanguages>
              <code>/HES</code>
              <title>Higher or Secondary Education Establishments</title>
            </category>
          </categories>
          <regions>
            <region type="relatedRegion">
              <name>Hungary</name>
              <nutsCode>HU</nutsCode>
              <euCode>HU</euCode>
              <isoCode>HU</isoCode>
              <rcn>293243432</rcn>
            </region>
          </regions>
        </relations>
      </organization>
      <organization ecContribution="203095" order="5" terminated="false" type="participant">
        <availableLanguages readOnly="true">en</availableLanguages>
        <rcn>2181978</rcn>
        <id>962056477</id>
        <vatNumber>SK2020530732</vatNumber>
        <legalName>NARODNY USTAV REUMATICKYCH CHOROB-NURCH NIRD NATIONAL INSTITUTE OF RHEUMATIC DISEASES</legalName>
        <shortName>NURCH NIRD</shortName>
        <address>
          <street>NABREZIE IVANA KRASKU 4</street>
          <city>PIESTANY</city>
          <postalCode>92112</postalCode>
          <country>SK</country>
          <url>www.nurch.sk</url>
        </address>
        <relations>
          <categories>
            <category classification="organizationActivityType" type="relatedOrganizationActivityType">
              <availableLanguages readOnly="true">de,en,es,fr,it,pl</availableLanguages>
              <code>/PUB</code>
              <title>Public bodies (excluding Research Organisations and Secondary or Higher Education Establishments)</title>
            </category>
          </categories>
          <regions>
            <region type="relatedRegion">
              <name>Slovakia</name>
              <nutsCode>SK</nutsCode>
              <euCode>SK</euCode>
              <isoCode>SK</isoCode>
              <rcn>475171368</rcn>
            </region>
          </regions>
        </relations>
      </organization>
      <organization ecContribution="331875" order="13" terminated="false" type="participant">
        <availableLanguages readOnly="true">en</availableLanguages>
        <rcn>2394344</rcn>
        <id>950994403</id>
        <vatNumber>PT510224954</vatNumber>
        <legalName>BEYONDEVICES LDA</legalName>
        <shortName>BEYOND</shortName>
        <address>
          <street>ZONA INDUSTRIAL CASAL ESPINHEIRA LOTE 10</street>
          <city>SOBRAL MONTE AGRAÇO</city>
          <postalCode>2590057</postalCode>
          <country>PT</country>
        </address>
        <relations>
          <categories>
            <category classification="organizationActivityType" type="relatedOrganizationActivityType">
              <availableLanguages readOnly="true">de,en,es,fr,it,pl</availableLanguages>
              <code>/PRC</code>
              <title>Private for-profit entities (excluding Higher or Secondary Education Establishments)</title>
            </category>
          </categories>
          <regions>
            <region type="relatedRegion">
              <name>Portugal</name>
              <nutsCode>PT</nutsCode>
              <euCode>PT</euCode>
              <isoCode>PT</isoCode>
              <rcn>427199016</rcn>
            </region>
          </regions>
        </relations>
      </organization>
      <organization ecContribution="96125" order="11" terminated="false" type="participant">
        <availableLanguages readOnly="true">en</availableLanguages>
        <rcn>2394342</rcn>
        <id>998231172</id>
        <vatNumber>NL816957642B01</vatNumber>
        <legalName>STICHTING TOOLS</legalName>
        <shortName>Tools2use</shortName>
        <address>
          <street>MAJELLAPARK 36</street>
          <city>BUSSUM</city>
          <postalCode>1406</postalCode>
          <country>NL</country>
        </address>
        <relations>
          <categories>
            <category classification="organizationActivityType" type="relatedOrganizationActivityType">
              <availableLanguages readOnly="true">de,en,es,fr,it,pl</availableLanguages>
              <code>/OTH</code>
              <title>Other</title>
            </category>
          </categories>
          <regions>
            <region type="relatedRegion">
              <name>Netherlands</name>
              <nutsCode>NL</nutsCode>
              <euCode>NL</euCode>
              <isoCode>NL</isoCode>
              <rcn>391547432</rcn>
            </region>
          </regions>
        </relations>
      </organization>
      <organization ecContribution="402766.25" order="2" terminated="false" type="participant">
        <availableLanguages readOnly="true">en</availableLanguages>
        <rcn>2394333</rcn>
        <id>944023692</id>
        <vatNumber>PT510103448</vatNumber>
        <legalName>CENTRO HOSPITALAR E UNIVERSITARIO DE COIMBRA E.P.E.</legalName>
        <shortName>CHUC</shortName>
        <address>
          <street>AV DE BISSAYA, PRACETA DE MOTA PINTO</street>
          <city>COIMBRA</city>
          <postalCode>3000-075</postalCode>
          <country>PT</country>
        </address>
        <relations>
          <categories>
            <category classification="organizationActivityType" type="relatedOrganizationActivityType">
              <availableLanguages readOnly="true">de,en,es,fr,it,pl</availableLanguages>
              <code>/OTH</code>
              <title>Other</title>
            </category>
          </categories>
          <regions>
            <region type="relatedRegion">
              <name>Portugal</name>
              <nutsCode>PT</nutsCode>
              <euCode>PT</euCode>
              <isoCode>PT</isoCode>
              <rcn>427199016</rcn>
            </region>
          </regions>
        </relations>
      </organization>
      <organization ecContribution="1501379.5" order="1" terminated="false" type="coordinator">
        <availableLanguages readOnly="true">en</availableLanguages>
        <rcn>2609438</rcn>
        <id>919322739</id>
        <vatNumber>NL855546670B01</vatNumber>
        <legalName>STICHTING VUMC</legalName>
        <shortName>VUmc</shortName>
        <address>
          <street>DE BOELELAAN 1117</street>
          <city>AMSTERDAM</city>
          <postalCode>1081 HV</postalCode>
          <country>NL</country>
          <postBox>N/A</postBox>
          <url>www.vumc.nl</url>
        </address>
        <departmentName>Rehabilitation Medicine</departmentName>
        <departmentName>MOVE</departmentName>
        <relations>
          <categories>
            <category classification="organizationActivityType" type="relatedOrganizationActivityType">
              <availableLanguages readOnly="true">de,en,es,fr,it,pl</availableLanguages>
              <code>/REC</code>
              <title>Research Organisations</title>
            </category>
          </categories>
          <regions>
            <region type="relatedRegion">
              <name>Netherlands</name>
              <nutsCode>NL</nutsCode>
              <euCode>NL</euCode>
              <isoCode>NL</isoCode>
              <rcn>391547432</rcn>
            </region>
          </regions>
        </relations>
      </organization>
      <organization ecContribution="472635" order="9" terminated="false" type="participant">
        <availableLanguages readOnly="true">en</availableLanguages>
        <rcn>2394340</rcn>
        <id>937775049</id>
        <vatNumber>NL819719468B01</vatNumber>
        <legalName>ACCELOVANCE EUROPE BV</legalName>
        <shortName>NLC</shortName>
        <address>
          <street>VICTORIALAAN 15</street>
          <city>'S-HERTOGENBOSCH</city>
          <postalCode>5213 JG</postalCode>
          <country>NL</country>
        </address>
        <relations>
          <categories>
            <category classification="organizationActivityType" type="relatedOrganizationActivityType">
              <availableLanguages readOnly="true">de,en,es,fr,it,pl</availableLanguages>
              <code>/PRC</code>
              <title>Private for-profit entities (excluding Higher or Secondary Education Establishments)</title>
            </category>
          </categories>
          <regions>
            <region type="relatedRegion">
              <name>Netherlands</name>
              <nutsCode>NL</nutsCode>
              <euCode>NL</euCode>
              <isoCode>NL</isoCode>
              <rcn>391547432</rcn>
            </region>
          </regions>
        </relations>
      </organization>
      <organization ecContribution="396845" order="3" terminated="false" type="participant">
        <availableLanguages readOnly="true">en</availableLanguages>
        <rcn>1906202</rcn>
        <id>999992692</id>
        <vatNumber>DE228847810</vatNumber>
        <legalName>CHARITE - UNIVERSITAETSMEDIZIN BERLIN</legalName>
        <shortName>CHARITE - UNIVERSITAETSMEDIZIN BERLIN</shortName>
        <address>
          <street>Chariteplatz 1</street>
          <city>BERLIN</city>
          <postalCode>10117</postalCode>
          <country>DE</country>
          <postBox>N/A</postBox>
          <url>www.charite.de</url>
        </address>
        <departmentName>Finical Department</departmentName>
        <relations>
          <categories>
            <category classification="organizationActivityType" type="relatedOrganizationActivityType">
              <availableLanguages readOnly="true">de,en,es,fr,it,pl</availableLanguages>
              <code>/HES</code>
              <title>Higher or Secondary Education Establishments</title>
            </category>
          </categories>
          <regions>
            <region type="relatedRegion">
              <name>Germany</name>
              <nutsCode>DE</nutsCode>
              <euCode>DE</euCode>
              <isoCode>DE</isoCode>
              <rcn>221940264</rcn>
            </region>
          </regions>
        </relations>
      </organization>
      <organization ecContribution="203095" order="4" terminated="false" type="participant">
        <availableLanguages readOnly="true">en</availableLanguages>
        <rcn>1908657</rcn>
        <id>999976687</id>
        <vatNumber>IT00754150100</vatNumber>
        <legalName>UNIVERSITA DEGLI STUDI DI GENOVA</legalName>
        <shortName>UNIGE</shortName>
        <address>
          <street>VIA BALBI 5</street>
          <city>GENOVA</city>
          <postalCode>16126</postalCode>
          <country>IT</country>
          <postBox>N/A</postBox>
          <url>www.unige.it</url>
        </address>
        <departmentName>Dpt of Electrical</departmentName>
        <departmentName> Electronic</departmentName>
        <departmentName> Telecommunications</departmentName>
        <departmentName> Engineeri</departmentName>
        <relations>
          <categories>
            <category classification="organizationActivityType" type="relatedOrganizationActivityType">
              <availableLanguages readOnly="true">de,en,es,fr,it,pl</availableLanguages>
              <code>/HES</code>
              <title>Higher or Secondary Education Establishments</title>
            </category>
          </categories>
          <regions>
            <region type="relatedRegion">
              <name>Italy</name>
              <nutsCode>IT</nutsCode>
              <euCode>IT</euCode>
              <isoCode>IT</isoCode>
              <rcn>309758504</rcn>
            </region>
          </regions>
        </relations>
      </organization>
      <organization ecContribution="354526.25" order="12" terminated="false" type="participant">
        <availableLanguages readOnly="true">en</availableLanguages>
        <rcn>2394343</rcn>
        <id>952690545</id>
        <vatNumber>PT505282801</vatNumber>
        <legalName>BLUEPHARMA - INDUSTRIA FARMACEUTICASA</legalName>
        <shortName>BLPH</shortName>
        <address>
          <street>SAO MARTINHO DO BISPO</street>
          <city>COIMBRA</city>
          <postalCode>3045 016</postalCode>
          <country>PT</country>
        </address>
        <relations>
          <categories>
            <category classification="organizationActivityType" type="relatedOrganizationActivityType">
              <availableLanguages readOnly="true">de,en,es,fr,it,pl</availableLanguages>
              <code>/PRC</code>
              <title>Private for-profit entities (excluding Higher or Secondary Education Establishments)</title>
            </category>
          </categories>
          <regions>
            <region type="relatedRegion">
              <name>Portugal</name>
              <nutsCode>PT</nutsCode>
              <euCode>PT</euCode>
              <isoCode>PT</isoCode>
              <rcn>427199016</rcn>
            </region>
          </regions>
        </relations>
      </organization>
      <organization ecContribution="203095" order="7" terminated="false" type="participant">
        <availableLanguages readOnly="true">en</availableLanguages>
        <rcn>1933094</rcn>
        <id>999875613</id>
        <legalName>UNIVERSITATEA DE MEDICINA SI FARMACIE'CAROL DAVILA' DIN BUCURESTI</legalName>
        <shortName>UMFCD</shortName>
        <address>
          <street>Dionisie Lupu 37</street>
          <city>BUCHAREST</city>
          <postalCode>020021</postalCode>
          <country>RO</country>
          <url>http://www.univermed-cdgm.ro/</url>
        </address>
        <departmentName>School of General Medicine</departmentName>
        <relations>
          <categories>
            <category classification="organizationActivityType" type="relatedOrganizationActivityType">
              <availableLanguages readOnly="true">de,en,es,fr,it,pl</availableLanguages>
              <code>/HES</code>
              <title>Higher or Secondary Education Establishments</title>
            </category>
          </categories>
          <regions>
            <region type="relatedRegion">
              <name>Romania</name>
              <nutsCode>RO</nutsCode>
              <euCode>RO</euCode>
              <isoCode>RO</isoCode>
              <rcn>459442728</rcn>
            </region>
          </regions>
        </relations>
      </organization>
      <organization ecContribution="1625057.5" order="10" terminated="false" type="participant">
        <availableLanguages readOnly="true">en</availableLanguages>
        <rcn>2394341</rcn>
        <id>932528028</id>
        <vatNumber>NL851286100B01</vatNumber>
        <legalName>CURVE CLINICAL BV</legalName>
        <shortName>ABD</shortName>
        <address>
          <street>JOOP GEESINKWEG 701 - 2e etage</street>
          <city>AMSTERDAM DUIVENDRECHT</city>
          <postalCode>1114</postalCode>
          <country>NL</country>
        </address>
        <relations>
          <categories>
            <category classification="organizationActivityType" type="relatedOrganizationActivityType">
              <availableLanguages readOnly="true">de,en,es,fr,it,pl</availableLanguages>
              <code>/PRC</code>
              <title>Private for-profit entities (excluding Higher or Secondary Education Establishments)</title>
            </category>
          </categories>
          <regions>
            <region type="relatedRegion">
              <name>Netherlands</name>
              <nutsCode>NL</nutsCode>
              <euCode>NL</euCode>
              <isoCode>NL</isoCode>
              <rcn>391547432</rcn>
            </region>
          </regions>
        </relations>
      </organization>
    <categories>
      <category classification="projectFundingSchemeCategory" type="relatedProjectFundingSchemeCategory">
        <availableLanguages readOnly="true">en</availableLanguages>
        <code>/RIA</code>
        <title>Research and Innovation action</title>
      </category>
    </categories>
