  <rcn>193283</rcn>
  <acronym>METASPACE</acronym>
  <objective>Metabolomics is recognized as a crucial scientific domain, promising to advance our understanding of biology, physiology, and medicine. The emergence of high-resolution imaging mass spectrometry (HR imaging MS) opened doors to spatial profiling of hundreds of metabolites directly from tissue sections. However, clinical use of HR imaging MS is hampered by a lack of clinically-oriented bioinformatics tools for molecular interpretation of the complex and information-rich data produced. Our goal is to address this bottleneck. We will develop algorithms for high-throughput putative annotation of hundreds of metabolites, knowledge-based downstream analysis, and validation of biologically-relevant leads. We will create the METASPACE engine, an open online platform providing these tools integrated into validated workflows for clinical use. This engine will be evaluated in clinical case studies on metabolic phenotyping of tumor response to chemotherapy and polymicrobial infections in cystic fibrosis. This demonstration will raise awareness and build trust among potential end-users. METASPACE will create a research ecosystem for exploitation of spatial metabolomic data that benefits both academics and industry. An open-source approach will stimulate developments in this field and provide a sustainable platform capable of incorporating future bioinformatics. Our user-centred tools, linked to existing molecular databases, will enable researchers without mass spectrometry or bioinformatics experience to turn big and complex HR imaging MS data into molecular knowledge. A considerable outreach effort, alongside constant interaction with the clinical metabolomics community, will maximize impact and dissemination. By engaging and educating envisaged end-users, METASPACE will facilitate future clinical discoveries in studies that require untargeted metabolic profiling and imaging. Our project will drive innovation and create a novel bioinformatics research field centred in Europe.</objective>
  <title>Bioinformatics for spatial metabolomics</title>
      <organization ecContribution="302663.75" order="6" terminated="false" type="participant">
        <availableLanguages readOnly="true">en</availableLanguages>
        <rcn>2121287</rcn>
        <id>999521369</id>
        <vatNumber>DE114404287</vatNumber>
        <legalName>BRUKER DALTONIK GMBH</legalName>
        <shortName>BRUKER</shortName>
        <address>
          <street>Fahrenheitstrasse 4</street>
          <city>BREMEN</city>
          <postalCode>28359</postalCode>
          <country>DE</country>
          <postBox>N/A</postBox>
          <url>www.bruker-daltonik.de</url>
        </address>
        <relations>
          <categories>
            <category classification="organizationActivityType" type="relatedOrganizationActivityType">
              <availableLanguages readOnly="true">de,en,es,fr,it,pl</availableLanguages>
              <code>/PRC</code>
              <title>Private for-profit entities (excluding Higher or Secondary Education Establishments)</title>
            </category>
          </categories>
          <regions>
            <region type="relatedRegion">
              <name>Germany</name>
              <nutsCode>DE</nutsCode>
              <euCode>DE</euCode>
              <isoCode>DE</isoCode>
              <rcn>221940264</rcn>
            </region>
          </regions>
        </relations>
      </organization>
      <organization ecContribution="601678.75" order="3" terminated="false" type="participant">
        <availableLanguages readOnly="true">en</availableLanguages>
        <rcn>1905566</rcn>
        <id>999993468</id>
        <vatNumber>GB649926678</vatNumber>
        <legalName>IMPERIAL COLLEGE OF SCIENCE TECHNOLOGY AND MEDICINE</legalName>
        <shortName>Imperial</shortName>
        <address>
          <street>SOUTH KENSINGTON CAMPUS EXHIBITION ROAD</street>
          <city>LONDON</city>
          <postalCode>SW7 2AZ</postalCode>
          <country>UK</country>
          <postBox>N/A</postBox>
          <url>http://www.imperial.ac.uk/</url>
        </address>
        <departmentName>Level 2</departmentName>
        <departmentName>Faculty Building</departmentName>
        <relations>
          <categories>
            <category classification="organizationActivityType" type="relatedOrganizationActivityType">
              <availableLanguages readOnly="true">de,en,es,fr,it,pl</availableLanguages>
              <code>/HES</code>
              <title>Higher or Secondary Education Establishments</title>
            </category>
          </categories>
          <regions>
            <region type="relatedRegion">
              <name>United Kingdom</name>
              <nutsCode>UK</nutsCode>
              <euCode>UK</euCode>
              <isoCode>GB</isoCode>
              <rcn>508725800</rcn>
            </region>
          </regions>
        </relations>
      </organization>
      <organization ecContribution="1187289" order="1" terminated="false" type="coordinator">
        <availableLanguages readOnly="true">en</availableLanguages>
        <rcn>1906282</rcn>
        <id>999988230</id>
        <legalName>EUROPEAN MOLECULAR BIOLOGY LABORATORY</legalName>
        <shortName>EMBL</shortName>
        <address>
          <street>Meyerhofstrasse  1</street>
          <city>HEIDELBERG</city>
          <postalCode>69117</postalCode>
          <country>DE</country>
          <postBox>N/A</postBox>
          <url>http://www.embl.de</url>
        </address>
        <departmentName>European Bioinformatics Institute</departmentName>
        <relations>
          <categories>
            <category classification="organizationActivityType" type="relatedOrganizationActivityType">
              <availableLanguages readOnly="true">de,en,es,fr,it,pl</availableLanguages>
              <code>/REC</code>
              <title>Research Organisations</title>
            </category>
          </categories>
          <regions>
            <region type="relatedRegion">
              <name>Germany</name>
              <nutsCode>DE</nutsCode>
              <euCode>DE</euCode>
              <isoCode>DE</isoCode>
              <rcn>221940264</rcn>
            </region>
          </regions>
        </relations>
      </organization>
      <organization ecContribution="78622.5" order="7" terminated="false" type="participant">
        <availableLanguages readOnly="true">en</availableLanguages>
        <rcn>1917689</rcn>
        <id>998054050</id>
        <vatNumber>DE255544785</vatNumber>
        <legalName>EUROPEAN RESEARCH SERVICES GMBH</legalName>
        <shortName>ERS</shortName>
        <address>
          <street>ROENTGENSTRASSE 19</street>
          <city>MUENSTER</city>
          <postalCode>48149</postalCode>
          <country>DE</country>
          <url>www.european-research-services.eu</url>
        </address>
        <relations>
          <categories>
            <category classification="organizationActivityType" type="relatedOrganizationActivityType">
              <availableLanguages readOnly="true">de,en,es,fr,it,pl</availableLanguages>
              <code>/PRC</code>
              <title>Private for-profit entities (excluding Higher or Secondary Education Establishments)</title>
            </category>
          </categories>
          <regions>
            <region type="relatedRegion">
              <name>Germany</name>
              <nutsCode>DE</nutsCode>
              <euCode>DE</euCode>
              <isoCode>DE</isoCode>
              <rcn>221940264</rcn>
            </region>
          </regions>
        </relations>
      </organization>
      <organization ecContribution="0" order="6" terminated="true" type="participant">
        <availableLanguages readOnly="true">en</availableLanguages>
        <rcn>2392175</rcn>
        <id>949691402</id>
        <vatNumber>DE287395581</vatNumber>
        <legalName>SCILS GMBH</legalName>
        <shortName>SCiLS GmbH</shortName>
        <address>
          <street>FAHRENHEITSTRASSE 1</street>
          <city>BREMEN</city>
          <postalCode>28359</postalCode>
          <country>DE</country>
        </address>
        <relations>
          <categories>
            <category classification="organizationActivityType" type="relatedOrganizationActivityType">
              <availableLanguages readOnly="true">de,en,es,fr,it,pl</availableLanguages>
              <code>/PRC</code>
              <title>Private for-profit entities (excluding Higher or Secondary Education Establishments)</title>
            </category>
          </categories>
          <regions>
            <region type="relatedRegion">
              <name>Germany</name>
              <nutsCode>DE</nutsCode>
              <euCode>DE</euCode>
              <isoCode>DE</isoCode>
              <rcn>221940264</rcn>
            </region>
          </regions>
        </relations>
      </organization>
      <organization ecContribution="381500" order="2" terminated="false" type="participant">
        <availableLanguages readOnly="true">en</availableLanguages>
        <rcn>1906216</rcn>
        <id>999651931</id>
        <vatNumber>BE0456343923</vatNumber>
        <legalName>VIB</legalName>
        <shortName>VIB</shortName>
        <address>
          <street>Rijvisschestraat 120</street>
          <city>ZWIJNAARDE - GENT</city>
          <postalCode>9052</postalCode>
          <country>BE</country>
          <postBox>N/A</postBox>
          <url>www.vib.be</url>
        </address>
        <departmentName>VIB-Headquarters</departmentName>
        <relations>
          <categories>
            <category classification="organizationActivityType" type="relatedOrganizationActivityType">
              <availableLanguages readOnly="true">de,en,es,fr,it,pl</availableLanguages>
              <code>/REC</code>
              <title>Research Organisations</title>
            </category>
          </categories>
          <regions>
            <region type="relatedRegion">
              <name>Belgium</name>
              <nutsCode>BE</nutsCode>
              <euCode>BE</euCode>
              <isoCode>BE</isoCode>
              <rcn>188385832</rcn>
            </region>
          </regions>
        </relations>
      </organization>
      <organization ecContribution="297750" order="4" terminated="false" type="participant">
        <availableLanguages readOnly="true">en</availableLanguages>
        <rcn>1906292</rcn>
        <id>999467340</id>
        <legalName>THE REGENTS OF THE UNIVERSITY OF CALIFORNIA</legalName>
        <shortName>UC</shortName>
        <address>
          <street>FRANKLIN STREET 1111, 12 FLOOR</street>
          <city>OAKLAND CA</city>
          <postalCode>94607</postalCode>
          <country>US</country>
          <url>http://www.universityofcalifornia.edu/</url>
        </address>
        <departmentName>Office of Sponsored Research</departmentName>
        <relations>
          <categories>
            <category classification="organizationActivityType" type="relatedOrganizationActivityType">
              <availableLanguages readOnly="true">de,en,es,fr,it,pl</availableLanguages>
              <code>/HES</code>
              <title>Higher or Secondary Education Establishments</title>
            </category>
          </categories>
          <regions>
            <region type="relatedRegion">
              <name>United States</name>
              <nutsCode>US</nutsCode>
              <euCode>US</euCode>
              <isoCode>US</isoCode>
              <rcn>510822952</rcn>
            </region>
          </regions>
        </relations>
      </organization>
      <organization ecContribution="149440" order="5" terminated="false" type="participant">
        <availableLanguages readOnly="true">en</availableLanguages>
        <rcn>1922147</rcn>
        <id>999858541</id>
        <vatNumber>FR70193509361</vatNumber>
        <legalName>UNIVERSITE DE RENNES I</legalName>
        <shortName>UR1</shortName>
        <address>
          <street>RUE DU THABOR 2</street>
          <city>RENNES CEDEX</city>
          <postalCode>35065</postalCode>
          <country>FR</country>
          <postBox>CS 46510</postBox>
          <url>www.univ-rennes1.fr</url>
        </address>
        <departmentName>Direction Recherche et Innovation</departmentName>
        <relations>
          <categories>
            <category classification="organizationActivityType" type="relatedOrganizationActivityType">
              <availableLanguages readOnly="true">de,en,es,fr,it,pl</availableLanguages>
              <code>/HES</code>
              <title>Higher or Secondary Education Establishments</title>
            </category>
          </categories>
          <regions>
            <region type="relatedRegion">
              <name>France</name>
              <nutsCode>FR</nutsCode>
              <euCode>FR</euCode>
              <isoCode>FR</isoCode>
              <rcn>258902568</rcn>
            </region>
          </regions>
        </relations>
      </organization>
    <categories>
      <category classification="projectFundingSchemeCategory" type="relatedProjectFundingSchemeCategory">
        <availableLanguages readOnly="true">en</availableLanguages>
        <code>/RIA</code>
        <title>Research and Innovation action</title>
      </category>
    </categories>
