  <rcn>193281</rcn>
  <acronym>SELFIE</acronym>
  <objective>Over 50 million people in Europe have more than one chronic disease. This number will increase dramatically in the near future. This will increase health care spending to a staggering 20% of GDP. Multi-morbidity becomes the number one threat to population health and economic sustainability of health care systems. New models of care for multi-morbid patients are urgently needed. Given the diversity of Europe’s health and social care systems there is no single model that fits them all.

SELFIE aims to improve patient-centred care for patients with multi-morbidity by proposing evidence-based, economically sustainable integrated chronic care (ICC) models that stimulate cooperation across health and social care sectors and are supported by appropriate financing/payment schemes. SELFIE specifically focuses on multi-morbidity, on generating empirical evidence of the impact of ICC and on financing/payment schemes. It is methodologically innovative by applying Multi-Criteria Decision Analysis.

SELFIE develops 5 end-results that are adjustable to different care systems in Europe, including CEE:
1. A taxonomy of most promising ICC models for patients with multi-morbidity; this taxonomy includes a “toolkit” of interventions that policy makers can use to build an ICC model that best fits into their own health and social care system 
2. A detailed list of options for different financing/payment schemes to support the implementation of ICC for multi-morbidity
3. A technical document on price-setting of ICC models for patients with multi-morbidity 
4. A performance assessment tool to monitor goal achievement; this tool includes new indicators that specifically address the quality of care for patients with multi-morbidity 
5. Strategies for implementation and change management
 
Patients, informal and professional caregivers, payers and policy makers are involved right from the beginning to ensure that SELFIE addresses the right questions and pave the pathway for implementation.</objective>
  <title>Sustainable intEgrated care modeLs for multi-morbidity: delivery, FInancing and performancE</title>
      <organization ecContribution="645555" order="3" terminated="false" type="participant">
        <availableLanguages readOnly="true">en</availableLanguages>
        <rcn>1911510</rcn>
        <id>998927923</id>
        <legalName>INSTITUT FUER HOEHERE STUDIEN - INSTITUTE FOR ADVANCED STUDIES</legalName>
        <shortName>IHS</shortName>
        <address>
          <street>JOSEFSTAEDTER STRASSE 39</street>
          <city>WIEN</city>
          <postalCode>1080</postalCode>
          <country>AT</country>
          <url>www.ihs.ac.at</url>
        </address>
        <relations>
          <categories>
            <category classification="organizationActivityType" type="relatedOrganizationActivityType">
              <availableLanguages readOnly="true">de,en,es,fr,it,pl</availableLanguages>
              <code>/HES</code>
              <title>Higher or Secondary Education Establishments</title>
            </category>
          </categories>
          <regions>
            <region type="relatedRegion">
              <name>Austria</name>
              <nutsCode>AT</nutsCode>
              <euCode>AT</euCode>
              <isoCode>AT</isoCode>
              <rcn>175540776</rcn>
            </region>
          </regions>
        </relations>
      </organization>
      <organization ecContribution="685772.5" order="6" terminated="false" type="participant">
        <availableLanguages readOnly="true">en</availableLanguages>
        <rcn>1905551</rcn>
        <id>999903840</id>
        <vatNumber>GB849738956</vatNumber>
        <legalName>THE UNIVERSITY OF MANCHESTER</legalName>
        <shortName>UMAN</shortName>
        <address>
          <street>OXFORD ROAD</street>
          <city>MANCHESTER</city>
          <postalCode>M13 9PL</postalCode>
          <country>UK</country>
          <postBox>N/A</postBox>
          <url>www.manchester.ac.uk</url>
        </address>
        <departmentName>EU Funding and Development</departmentName>
        <relations>
          <categories>
            <category classification="organizationActivityType" type="relatedOrganizationActivityType">
              <availableLanguages readOnly="true">de,en,es,fr,it,pl</availableLanguages>
              <code>/HES</code>
              <title>Higher or Secondary Education Establishments</title>
            </category>
          </categories>
          <regions>
            <region type="relatedRegion">
              <name>United Kingdom</name>
              <nutsCode>UK</nutsCode>
              <euCode>UK</euCode>
              <isoCode>GB</isoCode>
              <rcn>508725800</rcn>
            </region>
          </regions>
        </relations>
      </organization>
      <organization ecContribution="295373.75" order="7" terminated="false" type="participant">
        <availableLanguages readOnly="true">en</availableLanguages>
        <rcn>2200121</rcn>
        <id>959554265</id>
        <vatNumber>HR95468643597</vatNumber>
        <legalName>AGENCIJA ZA KVALITETU I AKREDITACIJU U ZDRAVSTVU I SOCIJALNOJ SKRBI</legalName>
        <shortName>AAZ</shortName>
        <address>
          <street>PLANINSKA 13</street>
          <city>ZAGREB</city>
          <postalCode>10040</postalCode>
          <country>HR</country>
          <url>www.aaz.hr</url>
        </address>
        <relations>
          <categories>
            <category classification="organizationActivityType" type="relatedOrganizationActivityType">
              <availableLanguages readOnly="true">de,en,es,fr,it,pl</availableLanguages>
              <code>/PUB</code>
              <title>Public bodies (excluding Research Organisations and Secondary or Higher Education Establishments)</title>
            </category>
          </categories>
          <regions>
            <region type="relatedRegion">
              <name>Croatia</name>
              <nutsCode>HR</nutsCode>
              <euCode>HR</euCode>
              <isoCode>HR</isoCode>
              <rcn>292457000</rcn>
            </region>
          </regions>
        </relations>
      </organization>
      <organization ecContribution="654050" order="2" terminated="false" type="participant">
        <availableLanguages readOnly="true">en</availableLanguages>
        <rcn>1905653</rcn>
        <id>999986678</id>
        <vatNumber>DE811231089</vatNumber>
        <legalName>TECHNISCHE UNIVERSITAET BERLIN</legalName>
        <shortName>TUB</shortName>
        <address>
          <street>STRASSE DES 17 JUNI 135</street>
          <city>BERLIN</city>
          <postalCode>10623</postalCode>
          <country>DE</country>
          <postBox>000</postBox>
          <url>www.tu-berlin.de</url>
        </address>
        <departmentName>Chancelor</departmentName>
        <departmentName>Dept. V Research (Kanzlerbuero</departmentName>
        <departmentName>Abt. V Forschung)</departmentName>
        <relations>
          <categories>
            <category classification="organizationActivityType" type="relatedOrganizationActivityType">
              <availableLanguages readOnly="true">de,en,es,fr,it,pl</availableLanguages>
              <code>/HES</code>
              <title>Higher or Secondary Education Establishments</title>
            </category>
          </categories>
          <regions>
            <region type="relatedRegion">
              <name>Germany</name>
              <nutsCode>DE</nutsCode>
              <euCode>DE</euCode>
              <isoCode>DE</isoCode>
              <rcn>221940264</rcn>
            </region>
          </regions>
        </relations>
      </organization>
      <organization ecContribution="429237.5" order="5" terminated="false" type="participant">
        <availableLanguages readOnly="true">en</availableLanguages>
        <rcn>2200122</rcn>
        <id>952715183</id>
        <vatNumber>HU14463589</vatNumber>
        <legalName>SYREON KUTATO INTEZET KORLATOLT FELELOSSEGU TARSASAG</legalName>
        <shortName>SRI</shortName>
        <address>
          <street>MEXIKOI UT 65/A</street>
          <city>BUDAPEST</city>
          <postalCode>1142</postalCode>
          <country>HU</country>
          <url>www.syreon.eu</url>
        </address>
        <relations>
          <categories>
            <category classification="organizationActivityType" type="relatedOrganizationActivityType">
              <availableLanguages readOnly="true">de,en,es,fr,it,pl</availableLanguages>
              <code>/PRC</code>
              <title>Private for-profit entities (excluding Higher or Secondary Education Establishments)</title>
            </category>
          </categories>
          <regions>
            <region type="relatedRegion">
              <name>Hungary</name>
              <nutsCode>HU</nutsCode>
              <euCode>HU</euCode>
              <isoCode>HU</isoCode>
              <rcn>293243432</rcn>
            </region>
          </regions>
        </relations>
      </organization>
      <organization ecContribution="499050" order="8" terminated="false" type="participant">
        <availableLanguages readOnly="true">en</availableLanguages>
        <rcn>1906578</rcn>
        <id>999620018</id>
        <vatNumber>ESQ5856414G</vatNumber>
        <legalName>CONSORCI INSTITUT D'INVESTIGACIONS BIOMEDIQUES AUGUST PI I SUNYER</legalName>
        <shortName>IDIBAPS</shortName>
        <address>
          <street>CALLE ROSSELLO 149 PUERTA BJS</street>
          <city>BARCELONA</city>
          <postalCode>08036</postalCode>
          <country>ES</country>
          <postBox>N/A</postBox>
          <url>http://www.idibaps.org/en_index.html</url>
        </address>
        <departmentName>Management</departmentName>
        <relations>
          <categories>
            <category classification="organizationActivityType" type="relatedOrganizationActivityType">
              <availableLanguages readOnly="true">de,en,es,fr,it,pl</availableLanguages>
              <code>/REC</code>
              <title>Research Organisations</title>
            </category>
          </categories>
          <regions>
            <region type="relatedRegion">
              <name>Spain</name>
              <nutsCode>ES</nutsCode>
              <euCode>ES</euCode>
              <isoCode>ES</isoCode>
              <rcn>242387496</rcn>
            </region>
          </regions>
        </relations>
      </organization>
      <organization ecContribution="1548411" order="1" terminated="false" type="coordinator">
        <availableLanguages readOnly="true">en</availableLanguages>
        <rcn>1905738</rcn>
        <id>999839335</id>
        <vatNumber>NL804735529B02</vatNumber>
        <legalName>ERASMUS UNIVERSITEIT ROTTERDAM</legalName>
        <shortName>EUR</shortName>
        <address>
          <street>BURGEMEESTER OUDLAAN  50</street>
          <city>ROTTERDAM</city>
          <postalCode>3062 PA</postalCode>
          <country>NL</country>
          <postBox>1738</postBox>
          <url>www.eur.nl</url>
        </address>
        <departmentName>iBMG</departmentName>
        <relations>
          <categories>
            <category classification="organizationActivityType" type="relatedOrganizationActivityType">
              <availableLanguages readOnly="true">de,en,es,fr,it,pl</availableLanguages>
              <code>/HES</code>
              <title>Higher or Secondary Education Establishments</title>
            </category>
          </categories>
          <regions>
            <region type="relatedRegion">
              <name>Netherlands</name>
              <nutsCode>NL</nutsCode>
              <euCode>NL</euCode>
              <isoCode>NL</isoCode>
              <rcn>391547432</rcn>
            </region>
          </regions>
        </relations>
      </organization>
      <organization ecContribution="714997" order="4" terminated="false" type="participant">
        <availableLanguages readOnly="true">en</availableLanguages>
        <rcn>1906559</rcn>
        <id>999974456</id>
        <vatNumber>NO874789542MVA</vatNumber>
        <legalName>UNIVERSITETET I BERGEN</legalName>
        <shortName>UiB</shortName>
        <address>
          <street>MUSEPLASSEN 1</street>
          <city>BERGEN</city>
          <postalCode>5020</postalCode>
          <country>NO</country>
          <postBox>N/A</postBox>
          <url>www.uib.no</url>
        </address>
        <departmentName>Department of Research Management</departmentName>
        <relations>
          <categories>
            <category classification="organizationActivityType" type="relatedOrganizationActivityType">
              <availableLanguages readOnly="true">de,en,es,fr,it,pl</availableLanguages>
              <code>/HES</code>
              <title>Higher or Secondary Education Establishments</title>
            </category>
          </categories>
          <regions>
            <region type="relatedRegion">
              <name>Norway</name>
              <nutsCode>NO</nutsCode>
              <euCode>NO</euCode>
              <isoCode>NO</isoCode>
              <rcn>392333864</rcn>
            </region>
          </regions>
        </relations>
      </organization>
    <categories>
      <category classification="projectFundingSchemeCategory" type="relatedProjectFundingSchemeCategory">
        <availableLanguages readOnly="true">en</availableLanguages>
        <code>/RIA</code>
        <title>Research and Innovation action</title>
      </category>
    </categories>
