  <rcn>193323</rcn>
  <acronym>LANDMARK</acronym>
  <objective>LANDMARK is a pan-European multi-actor consortium of leading academic and applied research institutes, chambers of agriculture and policy makers that will develop a coherent framework for soil management aimed at sustainable food production across Europe.
The LANDMARK proposal builds on the concept that soils are a finite resource that provides a range of ecosystem services known as “soil functions”. Functions relating to agriculture include: primary productivity, water regulation &amp; purification, carbon-sequestration &amp; regulation, habitat for biodiversity and nutrient provision &amp; cycling. Trade-offs between these functions may occur: for example, management aimed at maximising primary production may inadvertently affect the ‘water purification’ or ‘habitat’ functions. This has led to conflicting management recommendations and policy initiatives. There is now an urgent need to develop a coherent scientific and practical framework for the sustainable management of soils.
LANDMARK will uniquely respond to the breadth of this challenge by delivering (through multi-actor development):
1. LOCAL SCALE: A toolkit for farmers with cost-effective, practical measures for sustainable (and context specific) soil management.
2. REGIONAL SCALE - A blueprint for a soil monitoring scheme, using harmonised indicators: this will facilitate the assessment of soil functions for different soil types and land-uses for all major EU climatic zones.
3. EU SCALE – An assessment of EU policy instruments for incentivising sustainable land management.
There have been many individual research initiatives that either address the management &amp; assessment of individual soil functions, or address multiple soil functions, but only at local scales. LANDMARK will build on these existing R&amp;D initiatives: the consortium partners bring together a wide range of significant national and EU datasets, with the ambition of developing an interdisciplinary scientific framework for sustainable soil management.</objective>
  <title>LAND Management: Assessment, Research, Knowledge base</title>
      <organization ecContribution="38925" order="18" terminated="false" type="participant">
        <availableLanguages readOnly="true">en</availableLanguages>
        <rcn>2383149</rcn>
        <id>997851514</id>
        <legalName>UNIVERSITATEA DE STIINTE AGRICOLE SI MEDICINA VETERINARA CLUJ NAPOCA</legalName>
        <shortName>CLUJ</shortName>
        <address>
          <street>MANASTUR STR; 3-5</street>
          <city>CLUJ NAPOCA</city>
          <postalCode>400372</postalCode>
          <country>RO</country>
        </address>
        <relations>
          <categories>
            <category classification="organizationActivityType" type="relatedOrganizationActivityType">
              <availableLanguages readOnly="true">de,en,es,fr,it,pl</availableLanguages>
              <code>/HES</code>
              <title>Higher or Secondary Education Establishments</title>
            </category>
          </categories>
          <regions>
            <region type="relatedRegion">
              <name>Romania</name>
              <nutsCode>RO</nutsCode>
              <euCode>RO</euCode>
              <isoCode>RO</isoCode>
              <rcn>459442728</rcn>
            </region>
          </regions>
        </relations>
      </organization>
      <organization ecContribution="37875" order="21" terminated="false" type="participant">
        <availableLanguages readOnly="true">en</availableLanguages>
        <rcn>1907055</rcn>
        <id>999846028</id>
        <vatNumber>IT00308780345</vatNumber>
        <legalName>UNIVERSITA DEGLI STUDI DI PARMA</legalName>
        <shortName>UNIPR</shortName>
        <address>
          <street>VIA UNIVERSITA 12</street>
          <city>PARMA</city>
          <postalCode>43100</postalCode>
          <country>IT</country>
          <postBox>000</postBox>
          <url>www.unipr.it</url>
        </address>
        <departmentName>Department of Industrial Engineering</departmentName>
        <relations>
          <categories>
            <category classification="organizationActivityType" type="relatedOrganizationActivityType">
              <availableLanguages readOnly="true">de,en,es,fr,it,pl</availableLanguages>
              <code>/HES</code>
              <title>Higher or Secondary Education Establishments</title>
            </category>
          </categories>
          <regions>
            <region type="relatedRegion">
              <name>Italy</name>
              <nutsCode>IT</nutsCode>
              <euCode>IT</euCode>
              <isoCode>IT</isoCode>
              <rcn>309758504</rcn>
            </region>
          </regions>
        </relations>
      </organization>
      <organization ecContribution="696826.3" order="9" terminated="false" type="participant">
        <availableLanguages readOnly="true">en</availableLanguages>
        <rcn>1909208</rcn>
        <id>999902870</id>
        <vatNumber>BE0257216482</vatNumber>
        <legalName>UNIVERSITEIT ANTWERPEN</legalName>
        <shortName>UANTWERP</shortName>
        <address>
          <street>PRINSSTRAAT 13</street>
          <city>ANTWERPEN</city>
          <postalCode>2000</postalCode>
          <country>BE</country>
          <postBox>N/A</postBox>
          <url>www.ua.ac.be</url>
        </address>
        <departmentName>Research Department</departmentName>
        <relations>
          <categories>
            <category classification="organizationActivityType" type="relatedOrganizationActivityType">
              <availableLanguages readOnly="true">de,en,es,fr,it,pl</availableLanguages>
              <code>/HES</code>
              <title>Higher or Secondary Education Establishments</title>
            </category>
          </categories>
          <regions>
            <region type="relatedRegion">
              <name>Belgium</name>
              <nutsCode>BE</nutsCode>
              <euCode>BE</euCode>
              <isoCode>BE</isoCode>
              <rcn>188385832</rcn>
            </region>
          </regions>
        </relations>
      </organization>
      <organization ecContribution="241875" order="7" terminated="false" type="participant">
        <availableLanguages readOnly="true">en</availableLanguages>
        <rcn>1908160</rcn>
        <id>999885604</id>
        <vatNumber>HU15329767</vatNumber>
        <legalName>SZENT ISTVAN UNIVERSITY</legalName>
        <shortName>SZIE</shortName>
        <address>
          <street>PATER KAROLY UTCA 1</street>
          <city>GODOLLO</city>
          <postalCode>2100</postalCode>
          <country>HU</country>
          <postBox>000</postBox>
          <url>http://www.szie.hu</url>
        </address>
        <departmentName>Department of Pathology</departmentName>
        <departmentName> Faculty of Veterinary Science</departmentName>
        <relations>
          <categories>
            <category classification="organizationActivityType" type="relatedOrganizationActivityType">
              <availableLanguages readOnly="true">de,en,es,fr,it,pl</availableLanguages>
              <code>/HES</code>
              <title>Higher or Secondary Education Establishments</title>
            </category>
          </categories>
          <regions>
            <region type="relatedRegion">
              <name>Hungary</name>
              <nutsCode>HU</nutsCode>
              <euCode>HU</euCode>
              <isoCode>HU</isoCode>
              <rcn>293243432</rcn>
            </region>
          </regions>
        </relations>
      </organization>
      <organization ecContribution="273581" order="20" terminated="false" type="participant">
        <availableLanguages readOnly="true">en</availableLanguages>
        <rcn>1909298</rcn>
        <id>991475995</id>
        <legalName>MEDNARODNA PODIPLOMSKA SOLA JOZEFA STEFANA</legalName>
        <shortName>JSI-MPS</shortName>
        <address>
          <street>Jamova  39</street>
          <city>Ljubljana</city>
          <postalCode>1000</postalCode>
          <country>SI</country>
          <url>www.mps.si</url>
        </address>
        <relations>
          <categories>
            <category classification="organizationActivityType" type="relatedOrganizationActivityType">
              <availableLanguages readOnly="true">de,en,es,fr,it,pl</availableLanguages>
              <code>/HES</code>
              <title>Higher or Secondary Education Establishments</title>
            </category>
          </categories>
          <regions>
            <region type="relatedRegion">
              <name>Slovenia</name>
              <nutsCode>SI</nutsCode>
              <euCode>SI</euCode>
              <isoCode>SI</isoCode>
              <rcn>474647080</rcn>
            </region>
          </regions>
        </relations>
      </organization>
      <organization ecContribution="493299.99" order="2" terminated="false" type="participant">
        <availableLanguages readOnly="true">en</availableLanguages>
        <rcn>1906270</rcn>
        <id>999991043</id>
        <vatNumber>DK29979812</vatNumber>
        <legalName>KOBENHAVNS UNIVERSITET</legalName>
        <shortName>UCPH</shortName>
        <address>
          <street>NORREGADE 10</street>
          <city>KOBENHAVN</city>
          <postalCode>1165</postalCode>
          <country>DK</country>
          <postBox>000</postBox>
          <url>www.ku.dk</url>
        </address>
        <departmentName>Central Administration</departmentName>
        <departmentName> Accounting Department</departmentName>
        <relations>
          <categories>
            <category classification="organizationActivityType" type="relatedOrganizationActivityType">
              <availableLanguages readOnly="true">de,en,es,fr,it,pl</availableLanguages>
              <code>/HES</code>
              <title>Higher or Secondary Education Establishments</title>
            </category>
          </categories>
          <regions>
            <region type="relatedRegion">
              <name>Denmark</name>
              <nutsCode>DK</nutsCode>
              <euCode>DK</euCode>
              <isoCode>DK</isoCode>
              <rcn>223513128</rcn>
            </region>
          </regions>
        </relations>
      </organization>
      <organization ecContribution="191980" order="13" terminated="false" type="participant">
        <availableLanguages readOnly="true">en</availableLanguages>
        <rcn>1909654</rcn>
        <id>998254743</id>
        <vatNumber>ATU54088605</vatNumber>
        <legalName>OSTERREICHISCHE AGENTUR FUR GESUNDHEIT UND ERNAHRUNGSSICHERHEIT GMBH</legalName>
        <shortName>AGES</shortName>
        <address>
          <street>SPARGELFELDSTRASSE  191</street>
          <city>WIEN</city>
          <postalCode>1220</postalCode>
          <country>AT</country>
          <postBox>400</postBox>
          <url>www.ages.at</url>
        </address>
        <relations>
          <categories>
            <category classification="organizationActivityType" type="relatedOrganizationActivityType">
              <availableLanguages readOnly="true">de,en,es,fr,it,pl</availableLanguages>
              <code>/REC</code>
              <title>Research Organisations</title>
            </category>
          </categories>
          <regions>
            <region type="relatedRegion">
              <name>Austria</name>
              <nutsCode>AT</nutsCode>
              <euCode>AT</euCode>
              <isoCode>AT</isoCode>
              <rcn>175540776</rcn>
            </region>
          </regions>
        </relations>
      </organization>
      <organization ecContribution="0" order="15" terminated="false" type="participant">
        <availableLanguages readOnly="true">en</availableLanguages>
        <rcn>2114619</rcn>
        <id>998907165</id>
        <legalName>INSTITUTE OF SOIL SCIENCE CHINESE ACADEMY OF SCIENCES</legalName>
        <shortName>ISSCAS</shortName>
        <address>
          <street>BEJING DONGLU 71 NANJING</street>
          <city>NANJING</city>
          <postalCode>210008</postalCode>
          <country>CN</country>
        </address>
        <relations>
          <categories>
            <category classification="organizationActivityType" type="relatedOrganizationActivityType">
              <availableLanguages readOnly="true">de,en,es,fr,it,pl</availableLanguages>
              <code>/REC</code>
              <title>Research Organisations</title>
            </category>
          </categories>
          <regions>
            <region type="relatedRegion">
              <name>China</name>
              <nutsCode>CN</nutsCode>
              <euCode>CN</euCode>
              <isoCode>CN</isoCode>
              <rcn>207522344</rcn>
            </region>
          </regions>
        </relations>
      </organization>
      <organization ecContribution="57046" order="19" terminated="false" type="participant">
        <availableLanguages readOnly="true">en</availableLanguages>
        <rcn>1906405</rcn>
        <id>999887350</id>
        <vatNumber>SE202100281701</vatNumber>
        <legalName>SVERIGES LANTBRUKSUNIVERSITET</legalName>
        <shortName>SLU</shortName>
        <address>
          <street>ALMAS ALLE 8</street>
          <city>UPPSALA</city>
          <postalCode>750 07</postalCode>
          <country>SE</country>
          <postBox>7070</postBox>
          <url>http://www.slu.se</url>
        </address>
        <departmentName>SLU University Library</departmentName>
        <relations>
          <categories>
            <category classification="organizationActivityType" type="relatedOrganizationActivityType">
              <availableLanguages readOnly="true">de,en,es,fr,it,pl</availableLanguages>
              <code>/HES</code>
              <title>Higher or Secondary Education Establishments</title>
            </category>
          </categories>
          <regions>
            <region type="relatedRegion">
              <name>Sweden</name>
              <nutsCode>SE</nutsCode>
              <euCode>SE</euCode>
              <isoCode>SE</isoCode>
              <rcn>473598504</rcn>
            </region>
          </regions>
        </relations>
      </organization>
      <organization ecContribution="149256" order="6" terminated="false" type="participant">
        <availableLanguages readOnly="true">en</availableLanguages>
        <rcn>1905799</rcn>
        <id>999991431</id>
        <vatNumber>NL821772302B01</vatNumber>
        <legalName>RIJKSINSTITUUT VOOR VOLKSGEZONDHEID EN MILIEU</legalName>
        <shortName>RIVM</shortName>
        <address>
          <street>Antonie Van Leeuwenhoeklaan  9</street>
          <city>BILTHOVEN</city>
          <postalCode>3721 MA</postalCode>
          <country>NL</country>
          <postBox>1</postBox>
          <url>www.rivm.nl</url>
        </address>
        <relations>
          <categories>
            <category classification="organizationActivityType" type="relatedOrganizationActivityType">
              <availableLanguages readOnly="true">de,en,es,fr,it,pl</availableLanguages>
              <code>/REC</code>
              <title>Research Organisations</title>
            </category>
          </categories>
          <regions>
            <region type="relatedRegion">
              <name>Netherlands</name>
              <nutsCode>NL</nutsCode>
              <euCode>NL</euCode>
              <isoCode>NL</isoCode>
              <rcn>391547432</rcn>
            </region>
          </regions>
        </relations>
      </organization>
      <organization ecContribution="131595" order="11" terminated="false" type="participant">
        <availableLanguages readOnly="true">en</availableLanguages>
        <rcn>2214456</rcn>
        <id>950934360</id>
        <vatNumber>DE245610284</vatNumber>
        <legalName>LANDWIRTSCHAFTSKAMMER NIEDERSACHSEN</legalName>
        <shortName>CALS</shortName>
        <address>
          <street>MARS LA TOUR STRASSE 1-13</street>
          <city>OLDENBURG</city>
          <postalCode>26121</postalCode>
          <country>DE</country>
          <postBox>26015</postBox>
          <url>www.lwk-niedersachsen.de</url>
        </address>
        <relations>
          <categories>
            <category classification="organizationActivityType" type="relatedOrganizationActivityType">
              <availableLanguages readOnly="true">de,en,es,fr,it,pl</availableLanguages>
              <code>/PUB</code>
              <title>Public bodies (excluding Research Organisations and Secondary or Higher Education Establishments)</title>
            </category>
          </categories>
          <regions>
            <region type="relatedRegion">
              <name>Germany</name>
              <nutsCode>DE</nutsCode>
              <euCode>DE</euCode>
              <isoCode>DE</isoCode>
              <rcn>221940264</rcn>
            </region>
          </regions>
        </relations>
      </organization>
      <organization ecContribution="0" order="17" terminated="false" type="participant">
        <availableLanguages readOnly="true">en</availableLanguages>
        <rcn>1905561</rcn>
        <id>999979015</id>
        <vatNumber>CHE115203630</vatNumber>
        <legalName>EIDGENOESSISCHE TECHNISCHE HOCHSCHULE ZUERICH</legalName>
        <shortName>ETH Zürich</shortName>
        <address>
          <street>Raemistrasse  101</street>
          <city>ZUERICH</city>
          <postalCode>8092</postalCode>
          <country>CH</country>
          <postBox>N/A</postBox>
          <url>https://www.ethz.ch/de.html</url>
        </address>
        <departmentName>Integrated Systems Laboratory</departmentName>
        <relations>
          <categories>
            <category classification="organizationActivityType" type="relatedOrganizationActivityType">
              <availableLanguages readOnly="true">de,en,es,fr,it,pl</availableLanguages>
              <code>/HES</code>
              <title>Higher or Secondary Education Establishments</title>
            </category>
          </categories>
          <regions>
            <region type="relatedRegion">
              <name>Switzerland</name>
              <nutsCode>CH</nutsCode>
              <euCode>CH</euCode>
              <isoCode>CH</isoCode>
              <rcn>205949480</rcn>
            </region>
          </regions>
        </relations>
      </organization>
      <organization ecContribution="198750" order="10" terminated="false" type="participant">
        <availableLanguages readOnly="true">en</availableLanguages>
        <rcn>2212334</rcn>
        <id>950658977</id>
        <vatNumber>FR81180070047</vatNumber>
        <legalName>ASSEMBLEE PERMANENTE DES CHAMBRES D'AGRICULTURE</legalName>
        <shortName>APCA</shortName>
        <address>
          <street>AVENUE GEORGE V 9</street>
          <city>PARIS 8</city>
          <postalCode>75008</postalCode>
          <country>FR</country>
          <url>www.chambres-agriculture.fr</url>
        </address>
        <relations>
          <categories>
            <category classification="organizationActivityType" type="relatedOrganizationActivityType">
              <availableLanguages readOnly="true">de,en,es,fr,it,pl</availableLanguages>
              <code>/PUB</code>
              <title>Public bodies (excluding Research Organisations and Secondary or Higher Education Establishments)</title>
            </category>
          </categories>
          <regions>
            <region type="relatedRegion">
              <name>France</name>
              <nutsCode>FR</nutsCode>
              <euCode>FR</euCode>
              <isoCode>FR</isoCode>
              <rcn>258902568</rcn>
            </region>
          </regions>
        </relations>
      </organization>
      <organization ecContribution="1096359.87" order="1" terminated="false" type="coordinator">
        <availableLanguages readOnly="true">en</availableLanguages>
        <rcn>1906458</rcn>
        <id>999981634</id>
        <vatNumber>NL811383696B01</vatNumber>
        <legalName>WAGENINGEN UNIVERSITY</legalName>
        <shortName>WU</shortName>
        <address>
          <street>DROEVENDAALSESTEEG 4</street>
          <city>WAGENINGEN</city>
          <postalCode>6708 PB</postalCode>
          <country>NL</country>
          <postBox>9101</postBox>
          <url>http://www.wageningenur.nl/nl.htm</url>
        </address>
        <departmentName>Agrotechnology and Food Science Group</departmentName>
        <relations>
          <categories>
            <category classification="organizationActivityType" type="relatedOrganizationActivityType">
              <availableLanguages readOnly="true">de,en,es,fr,it,pl</availableLanguages>
              <code>/HES</code>
              <title>Higher or Secondary Education Establishments</title>
            </category>
          </categories>
          <regions>
            <region type="relatedRegion">
              <name>Netherlands</name>
              <nutsCode>NL</nutsCode>
              <euCode>NL</euCode>
              <isoCode>NL</isoCode>
              <rcn>391547432</rcn>
            </region>
          </regions>
        </relations>
      </organization>
      <organization ecContribution="96243.75" order="4" terminated="false" type="participant">
        <availableLanguages readOnly="true">en</availableLanguages>
        <rcn>1973702</rcn>
        <id>996819919</id>
        <legalName>THE CIRCA GROUP EUROPE LIMITED</legalName>
        <shortName>CIRCA</shortName>
        <address>
          <street>PEMBROKE STREET 26</street>
          <city>DUBLIN 2</city>
          <postalCode>2</postalCode>
          <country>IE</country>
          <postBox>000</postBox>
          <url>www.circa.ie</url>
        </address>
        <relations>
          <categories>
            <category classification="organizationActivityType" type="relatedOrganizationActivityType">
              <availableLanguages readOnly="true">de,en,es,fr,it,pl</availableLanguages>
              <code>/PRC</code>
              <title>Private for-profit entities (excluding Higher or Secondary Education Establishments)</title>
            </category>
          </categories>
          <regions>
            <region type="relatedRegion">
              <name>Ireland</name>
              <nutsCode>IE</nutsCode>
              <euCode>IE</euCode>
              <isoCode>IE</isoCode>
              <rcn>305826344</rcn>
            </region>
          </regions>
        </relations>
      </organization>
      <organization ecContribution="256764" order="14" terminated="false" type="participant">
        <availableLanguages readOnly="true">en</availableLanguages>
        <rcn>1906233</rcn>
        <id>999993274</id>
        <vatNumber>FR57180070039</vatNumber>
        <legalName>INSTITUT NATIONAL DE LA RECHERCHE AGRONOMIQUE</legalName>
        <shortName>INRA</shortName>
        <address>
          <street>Rue De L'Universite  147</street>
          <city>PARIS CEDEX 07</city>
          <postalCode>75338</postalCode>
          <country>FR</country>
          <url>www.inra.fr</url>
        </address>
        <departmentName>INRA</departmentName>
        <departmentName> Centre de Versailles grignon</departmentName>
        <relations>
          <categories>
            <category classification="organizationActivityType" type="relatedOrganizationActivityType">
              <availableLanguages readOnly="true">de,en,es,fr,it,pl</availableLanguages>
              <code>/REC</code>
              <title>Research Organisations</title>
            </category>
          </categories>
          <regions>
            <region type="relatedRegion">
              <name>France</name>
              <nutsCode>FR</nutsCode>
              <euCode>FR</euCode>
              <isoCode>FR</isoCode>
              <rcn>258902568</rcn>
            </region>
          </regions>
        </relations>
      </organization>
      <organization ecContribution="469638.63" order="12" terminated="false" type="participant">
        <availableLanguages readOnly="true">en</availableLanguages>
        <rcn>1905693</rcn>
        <id>999466952</id>
        <vatNumber>IE0650202O</vatNumber>
        <legalName>TEAGASC - AGRICULTURE AND FOOD DEVELOPMENT AUTHORITY</legalName>
        <shortName>TEAGASC</shortName>
        <address>
          <street>Oak Park</street>
          <city>Carlow</city>
          <postalCode>R93</postalCode>
          <country>IE</country>
          <url>www.teagasc.ie</url>
        </address>
        <relations>
          <categories>
            <category classification="organizationActivityType" type="relatedOrganizationActivityType">
              <availableLanguages readOnly="true">de,en,es,fr,it,pl</availableLanguages>
              <code>/REC</code>
              <title>Research Organisations</title>
            </category>
          </categories>
          <regions>
            <region type="relatedRegion">
              <name>Ireland</name>
              <nutsCode>IE</nutsCode>
              <euCode>IE</euCode>
              <isoCode>IE</isoCode>
              <rcn>305826344</rcn>
            </region>
          </regions>
        </relations>
      </organization>
      <organization ecContribution="14395.78" order="8" terminated="false" type="participant">
        <availableLanguages readOnly="true">en</availableLanguages>
        <rcn>1908875</rcn>
        <id>999885313</id>
        <vatNumber>GB672390524</vatNumber>
        <legalName>UNIVERSITY OF ULSTER</legalName>
        <shortName>ULster</shortName>
        <address>
          <street>CROMORE ROAD</street>
          <city>COLERAINE</city>
          <postalCode>BT52 1SA</postalCode>
          <country>UK</country>
          <url>www.ulster.ac.uk</url>
        </address>
        <relations>
          <categories>
            <category classification="organizationActivityType" type="relatedOrganizationActivityType">
              <availableLanguages readOnly="true">de,en,es,fr,it,pl</availableLanguages>
              <code>/HES</code>
              <title>Higher or Secondary Education Establishments</title>
            </category>
          </categories>
          <regions>
            <region type="relatedRegion">
              <name>United Kingdom</name>
              <nutsCode>UK</nutsCode>
              <euCode>UK</euCode>
              <isoCode>GB</isoCode>
              <rcn>508725800</rcn>
            </region>
          </regions>
        </relations>
      </organization>
      <organization ecContribution="269400" order="5" terminated="false" type="participant">
        <availableLanguages readOnly="true">en</availableLanguages>
        <rcn>1906407</rcn>
        <id>999547365</id>
        <vatNumber>NL806511618B01</vatNumber>
        <legalName>STICHTING WAGENINGEN RESEARCH</legalName>
        <shortName>WR</shortName>
        <address>
          <street>DROEVENDAALSESTEEG 4</street>
          <city>WAGENINGEN</city>
          <postalCode>6708 PB</postalCode>
          <country>NL</country>
          <postBox>9101</postBox>
          <url>http://www.wageningenur.nl/nl.htm</url>
        </address>
        <departmentName>LEI Wageningen UR</departmentName>
        <relations>
          <categories>
            <category classification="organizationActivityType" type="relatedOrganizationActivityType">
              <availableLanguages readOnly="true">de,en,es,fr,it,pl</availableLanguages>
              <code>/REC</code>
              <title>Research Organisations</title>
            </category>
          </categories>
          <regions>
            <region type="relatedRegion">
              <name>Netherlands</name>
              <nutsCode>NL</nutsCode>
              <euCode>NL</euCode>
              <isoCode>NL</isoCode>
              <rcn>391547432</rcn>
            </region>
          </regions>
        </relations>
      </organization>
      <organization ecContribution="42992.5" order="22" terminated="false" type="participant">
        <availableLanguages readOnly="true">en</availableLanguages>
        <rcn>1908659</rcn>
        <id>999862518</id>
        <vatNumber>ESQ4118001I</vatNumber>
        <legalName>UNIVERSIDAD DE SEVILLA</legalName>
        <shortName>USE</shortName>
        <address>
          <street>CALLE S. FERNANDO 4</street>
          <city>SEVILLA</city>
          <postalCode>41004</postalCode>
          <country>ES</country>
          <url>www.us.es</url>
        </address>
        <departmentName>Secretariat of Knowledge Transfer and Entrepreneurship</departmentName>
        <relations>
          <categories>
            <category classification="organizationActivityType" type="relatedOrganizationActivityType">
              <availableLanguages readOnly="true">de,en,es,fr,it,pl</availableLanguages>
              <code>/HES</code>
              <title>Higher or Secondary Education Establishments</title>
            </category>
          </categories>
          <regions>
            <region type="relatedRegion">
              <name>Spain</name>
              <nutsCode>ES</nutsCode>
              <euCode>ES</euCode>
              <isoCode>ES</isoCode>
              <rcn>242387496</rcn>
            </region>
          </regions>
        </relations>
      </organization>
      <organization ecContribution="0" order="16" terminated="false" type="participant">
        <availableLanguages readOnly="true">en</availableLanguages>
        <rcn>1906359</rcn>
        <id>999844379</id>
        <vatNumber>BRQ081001J60</vatNumber>
        <legalName>UNIVERSIDADE DE SAO PAULO</legalName>
        <shortName>USP</shortName>
        <address>
          <street>RUA DA REITORIA 109 BUTANTA</street>
          <city>SAO PAULO SP</city>
          <postalCode>05508 900</postalCode>
          <country>BR</country>
          <url>www.usp.br</url>
        </address>
        <relations>
          <categories>
            <category classification="organizationActivityType" type="relatedOrganizationActivityType">
              <availableLanguages readOnly="true">de,en,es,fr,it,pl</availableLanguages>
              <code>/HES</code>
              <title>Higher or Secondary Education Establishments</title>
            </category>
          </categories>
          <regions>
            <region type="relatedRegion">
              <name>Brazil</name>
              <nutsCode>BR</nutsCode>
              <euCode>BR</euCode>
              <isoCode>BR</isoCode>
              <rcn>191793704</rcn>
            </region>
          </regions>
        </relations>
      </organization>
      <organization ecContribution="242859.18" order="3" terminated="false" type="participant">
        <availableLanguages readOnly="true">en</availableLanguages>
        <rcn>1905798</rcn>
        <id>999992304</id>
        <legalName>JRC -JOINT RESEARCH CENTRE- EUROPEAN COMMISSION</legalName>
        <shortName>JRC</shortName>
        <address>
          <street>Rue de la Loi 200</street>
          <city>BRUSSELS</city>
          <postalCode>1049</postalCode>
          <country>BE</country>
          <url>http://www.jrc.ec.europa.eu</url>
        </address>
        <departmentName>Management Support Unit</departmentName>
        <relations>
          <categories>
            <category classification="organizationActivityType" type="relatedOrganizationActivityType">
              <availableLanguages readOnly="true">de,en,es,fr,it,pl</availableLanguages>
              <code>/REC</code>
              <title>Research Organisations</title>
            </category>
          </categories>
          <regions>
            <region type="relatedRegion">
              <name>Belgium</name>
              <nutsCode>BE</nutsCode>
              <euCode>BE</euCode>
              <isoCode>BE</isoCode>
              <rcn>188385832</rcn>
            </region>
          </regions>
        </relations>
      </organization>
    <categories>
      <category classification="projectFundingSchemeCategory" type="relatedProjectFundingSchemeCategory">
        <availableLanguages readOnly="true">en</availableLanguages>
        <code>/RIA</code>
        <title>Research and Innovation action</title>
      </category>
    </categories>
