  <rcn>193289</rcn>
  <acronym>EUthyroid</acronym>
  <objective>Despite the fact that iodine deficiency (ID) can easily be prevented by iodine fortification of table salt, industrial salt and cattle food, Europe belongs to the worst regions in terms of access to iodized salt and is seriously ID, resulting in the perpetuation of the single most important, preventable cause of brain damage. European ID is due to significant heterogeneity in prevention and monitoring programs, leading to inappropriate interventions, increased disease burden, health inequities and increased health care costs. Up to 360 Million European citizens are exposed to ID disorders. An effective European monitoring program is a crucial step towards eradication of ID disorders with significant benefits for European citizens and the sustainability of health care systems. The effects of ID in total cause tremendous, preventable costs in health care systems of affected regions. 

The overall aim of EUthyroid is to evaluate ID prevention and monitoring programs in 24 European countries, to initiate capacity building for harmonized European ID prevention and monitoring programs, and to disseminate project outcomes for supporting measures on national and EU level in order to eradicate ID disorders in Europe. The project will position itself as international hub of current national initiatives in the attempt to coordinate and support existing national activities. EUthyroid will generate the first harmonized data set of ID resulting in the first valid map of iodine status in Europe. With a dedicated dissemination program about the unfavorable health outcomes of ID, EUthyroid will pave the way for a harmonized EU-wide regulation of iodination, a common approach to iodine and outcome monitoring and establish recommendations for scientists on how to monitor IDD prevention programs. The project aims to make Europe a benchmark for ID disorder prevention worldwide.</objective>
  <title>Towards the elimination of iodine deficiency and preventable thyroid-related diseases in Europe</title>
      <organization ecContribution="272963.75" order="9" terminated="false" type="participant">
        <availableLanguages readOnly="true">en</availableLanguages>
        <rcn>1909013</rcn>
        <id>999654744</id>
        <vatNumber>DK30167686</vatNumber>
        <legalName>REGION HOVEDSTADEN</legalName>
        <shortName>CRD</shortName>
        <address>
          <street>KONGENS VAENGE 2</street>
          <city>HILLEROD</city>
          <postalCode>3400</postalCode>
          <country>DK</country>
          <postBox>N/A</postBox>
          <url>www.regionh.dk</url>
        </address>
        <departmentName>Office of Accounting and Budget</departmentName>
        <relations>
          <categories>
            <category classification="organizationActivityType" type="relatedOrganizationActivityType">
              <availableLanguages readOnly="true">de,en,es,fr,it,pl</availableLanguages>
              <code>/PUB</code>
              <title>Public bodies (excluding Research Organisations and Secondary or Higher Education Establishments)</title>
            </category>
          </categories>
          <regions>
            <region type="relatedRegion">
              <name>Denmark</name>
              <nutsCode>DK</nutsCode>
              <euCode>DK</euCode>
              <isoCode>DK</isoCode>
              <rcn>223513128</rcn>
            </region>
          </regions>
        </relations>
      </organization>
      <organization ecContribution="11270" order="30" terminated="false" type="participant">
        <availableLanguages readOnly="true">en</availableLanguages>
        <rcn>2392359</rcn>
        <id>937100220</id>
        <legalName>OU ENDOKRINOLOOGIAKESKUS</legalName>
        <shortName>EC</shortName>
        <address>
          <street>VAKSALI 17</street>
          <city>Tartu</city>
          <postalCode>50410</postalCode>
          <country>EE</country>
        </address>
        <relations>
          <categories>
            <category classification="organizationActivityType" type="relatedOrganizationActivityType">
              <availableLanguages readOnly="true">de,en,es,fr,it,pl</availableLanguages>
              <code>/PRC</code>
              <title>Private for-profit entities (excluding Higher or Secondary Education Establishments)</title>
            </category>
          </categories>
          <regions>
            <region type="relatedRegion">
              <name>Estonia</name>
              <nutsCode>EE</nutsCode>
              <euCode>EE</euCode>
              <isoCode>EE</isoCode>
              <rcn>238717480</rcn>
            </region>
          </regions>
        </relations>
      </organization>
      <organization ecContribution="0" order="12" terminated="true" type="participant">
        <availableLanguages readOnly="true">en</availableLanguages>
        <rcn>1942430</rcn>
        <id>999551245</id>
        <vatNumber>ESG64080435</vatNumber>
        <legalName>FUNDACIO CENTRE DE RECERCA EN EPIDEMIOLOGIA AMBIENTAL - CREAL</legalName>
        <shortName>CREAL</shortName>
        <address>
          <street>Calle Doctor Aiguader  88</street>
          <city>BARCELONA</city>
          <postalCode>08003</postalCode>
          <country>ES</country>
          <postBox>N/A</postBox>
          <url>www.creal.cat</url>
        </address>
        <relations>
          <categories>
            <category classification="organizationActivityType" type="relatedOrganizationActivityType">
              <availableLanguages readOnly="true">de,en,es,fr,it,pl</availableLanguages>
              <code>/REC</code>
              <title>Research Organisations</title>
            </category>
          </categories>
          <regions>
            <region type="relatedRegion">
              <name>Spain</name>
              <nutsCode>ES</nutsCode>
              <euCode>ES</euCode>
              <isoCode>ES</isoCode>
              <rcn>242387496</rcn>
            </region>
          </regions>
        </relations>
      </organization>
      <organization ecContribution="20177.5" order="24" terminated="false" type="participant">
        <availableLanguages readOnly="true">en</availableLanguages>
        <rcn>2392353</rcn>
        <id>951283172</id>
        <legalName>CENTRE FOR REGIONAL POLICY RESEARCH AND COOPERATION STUDIORUM ZDRUZENJE</legalName>
        <shortName>STUDIORUM</shortName>
        <address>
          <street>UL NIKOLA PARAPUNOV BB KOMPLEKS MAKOTEKS 2 KAT</street>
          <city>SKOPJE</city>
          <postalCode>1000</postalCode>
          <country>MK</country>
        </address>
        <relations>
          <categories>
            <category classification="organizationActivityType" type="relatedOrganizationActivityType">
              <availableLanguages readOnly="true">de,en,es,fr,it,pl</availableLanguages>
              <code>/REC</code>
              <title>Research Organisations</title>
            </category>
          </categories>
          <regions>
            <region type="relatedRegion">
              <name>Former Yugoslav Republic of Macedonia</name>
              <euCode>MK</euCode>
              <rcn>4194</rcn>
            </region>
          </regions>
        </relations>
      </organization>
      <organization ecContribution="587602.43" order="1" terminated="false" type="coordinator">
        <availableLanguages readOnly="true">en</availableLanguages>
        <rcn>2392330</rcn>
        <id>947193555</id>
        <vatNumber>DE227825354</vatNumber>
        <legalName>UNIVERSITATSMEDIZIN GREIFSWALD KORPERSCHAFT DES OFFENTLICHEN RECHTS</legalName>
        <shortName>UMG</shortName>
        <address>
          <street>FLEISCHMANNSTRASSE 8</street>
          <city>GREIFSWALD</city>
          <postalCode>17475</postalCode>
          <country>DE</country>
        </address>
        <relations>
          <categories>
            <category classification="organizationActivityType" type="relatedOrganizationActivityType">
              <availableLanguages readOnly="true">de,en,es,fr,it,pl</availableLanguages>
              <code>/HES</code>
              <title>Higher or Secondary Education Establishments</title>
            </category>
          </categories>
          <regions>
            <region type="relatedRegion">
              <name>Germany</name>
              <nutsCode>DE</nutsCode>
              <euCode>DE</euCode>
              <isoCode>DE</isoCode>
              <rcn>221940264</rcn>
            </region>
          </regions>
        </relations>
      </organization>
      <organization ecContribution="11276.25" order="19" terminated="false" type="participant">
        <availableLanguages readOnly="true">en</availableLanguages>
        <rcn>1908182</rcn>
        <id>999881239</id>
        <vatNumber>HU17782218</vatNumber>
        <legalName>DEBRECENI EGYETEM</legalName>
        <shortName>UNIDEB</shortName>
        <address>
          <street>EGYETEM TER 1</street>
          <city>DEBRECEN</city>
          <postalCode>4032</postalCode>
          <country>HU</country>
          <postBox>37</postBox>
          <url>http://www.unideb.hu</url>
        </address>
        <departmentName>University of Debrecen</departmentName>
        <departmentName>3rd Department of Medicine</departmentName>
        <departmentName>Clinical</departmentName>
        <relations>
          <categories>
            <category classification="organizationActivityType" type="relatedOrganizationActivityType">
              <availableLanguages readOnly="true">de,en,es,fr,it,pl</availableLanguages>
              <code>/HES</code>
              <title>Higher or Secondary Education Establishments</title>
            </category>
          </categories>
          <regions>
            <region type="relatedRegion">
              <name>Hungary</name>
              <nutsCode>HU</nutsCode>
              <euCode>HU</euCode>
              <isoCode>HU</isoCode>
              <rcn>293243432</rcn>
            </region>
          </regions>
        </relations>
      </organization>
      <organization ecContribution="21125" order="15" terminated="false" type="participant">
        <availableLanguages readOnly="true">en</availableLanguages>
        <rcn>1908638</rcn>
        <id>999887641</id>
        <legalName>SOFIISKI UNIVERSITET SVETI KLIMENT OHRIDSKI</legalName>
        <shortName>SU - NIS</shortName>
        <address>
          <street>BUL TZAR OSVOBODITEL 15</street>
          <city>SOFIA</city>
          <postalCode>1504</postalCode>
          <country>BG</country>
          <postBox>000</postBox>
          <url>www.uni-sofia.bg</url>
        </address>
        <departmentName>Faculty of Mathematics and Informatics</departmentName>
        <relations>
          <categories>
            <category classification="organizationActivityType" type="relatedOrganizationActivityType">
              <availableLanguages readOnly="true">de,en,es,fr,it,pl</availableLanguages>
              <code>/HES</code>
              <title>Higher or Secondary Education Establishments</title>
            </category>
          </categories>
          <regions>
            <region type="relatedRegion">
              <name>Bulgaria</name>
              <nutsCode>BG</nutsCode>
              <euCode>BG</euCode>
              <isoCode>BG</isoCode>
              <rcn>188910120</rcn>
            </region>
          </regions>
        </relations>
      </organization>
      <organization ecContribution="89607.5" order="12" terminated="false" type="participant">
        <availableLanguages readOnly="true">en</availableLanguages>
        <rcn>2307547</rcn>
        <id>951414122</id>
        <vatNumber>ESG65341695</vatNumber>
        <legalName>FUNDACION PRIVADA INSTITUTO DE SALUD GLOBAL BARCELONA</legalName>
        <shortName>CREAL</shortName>
        <address>
          <street>C ROSSELLO 132 PLANTA 05</street>
          <city>BARCELONA</city>
          <postalCode>08036</postalCode>
          <country>ES</country>
          <postBox>N/A</postBox>
          <url>www.isglobal.org</url>
        </address>
        <relations>
          <categories>
            <category classification="organizationActivityType" type="relatedOrganizationActivityType">
              <availableLanguages readOnly="true">de,en,es,fr,it,pl</availableLanguages>
              <code>/REC</code>
              <title>Research Organisations</title>
            </category>
          </categories>
          <regions>
            <region type="relatedRegion">
              <name>Spain</name>
              <nutsCode>ES</nutsCode>
              <euCode>ES</euCode>
              <isoCode>ES</isoCode>
              <rcn>242387496</rcn>
            </region>
          </regions>
        </relations>
      </organization>
      <organization ecContribution="11270" order="27" terminated="false" type="participant">
        <availableLanguages readOnly="true">en</availableLanguages>
        <rcn>1906665</rcn>
        <id>999985029</id>
        <vatNumber>SE202100293201</vatNumber>
        <legalName>UPPSALA UNIVERSITET</legalName>
        <shortName>UU</shortName>
        <address>
          <street>VON KRAEMERS ALLE 4</street>
          <city>UPPSALA</city>
          <postalCode>751 05</postalCode>
          <country>SE</country>
          <postBox>000</postBox>
          <url>www.uu.se</url>
        </address>
        <departmentName>Department of Public Health and Caring Sciences</departmentName>
        <departmentName> Administrat</departmentName>
        <relations>
          <categories>
            <category classification="organizationActivityType" type="relatedOrganizationActivityType">
              <availableLanguages readOnly="true">de,en,es,fr,it,pl</availableLanguages>
              <code>/HES</code>
              <title>Higher or Secondary Education Establishments</title>
            </category>
          </categories>
          <regions>
            <region type="relatedRegion">
              <name>Sweden</name>
              <nutsCode>SE</nutsCode>
              <euCode>SE</euCode>
              <isoCode>SE</isoCode>
              <rcn>473598504</rcn>
            </region>
          </regions>
        </relations>
      </organization>
      <organization ecContribution="349500" order="11" terminated="false" type="participant">
        <availableLanguages readOnly="true">en</availableLanguages>
        <rcn>1911933</rcn>
        <id>999680449</id>
        <legalName>BIOLUTION GMBH</legalName>
        <shortName>BIOL</shortName>
        <address>
          <street>HELMUT QUALTINGER GASSE 2/2</street>
          <city>WIEN</city>
          <postalCode>1030</postalCode>
          <country>AT</country>
          <url>www.biolution.net</url>
        </address>
        <relations>
          <categories>
            <category classification="organizationActivityType" type="relatedOrganizationActivityType">
              <availableLanguages readOnly="true">de,en,es,fr,it,pl</availableLanguages>
              <code>/PRC</code>
              <title>Private for-profit entities (excluding Higher or Secondary Education Establishments)</title>
            </category>
          </categories>
          <regions>
            <region type="relatedRegion">
              <name>Austria</name>
              <nutsCode>AT</nutsCode>
              <euCode>AT</euCode>
              <isoCode>AT</isoCode>
              <rcn>175540776</rcn>
            </region>
          </regions>
        </relations>
      </organization>
      <organization ecContribution="11692.5" order="14" terminated="false" type="participant">
        <availableLanguages readOnly="true">en</availableLanguages>
        <rcn>1905620</rcn>
        <id>999986290</id>
        <vatNumber>BE0407626464</vatNumber>
        <legalName>UNIVERSITE LIBRE DE BRUXELLES</legalName>
        <shortName>ULB</shortName>
        <address>
          <street>Avenue Franklin Roosevelt 50</street>
          <city>BRUXELLES</city>
          <postalCode>1050</postalCode>
          <country>BE</country>
          <url>www.ulb.ac.be</url>
        </address>
        <departmentName>Research Department</departmentName>
        <relations>
          <categories>
            <category classification="organizationActivityType" type="relatedOrganizationActivityType">
              <availableLanguages readOnly="true">de,en,es,fr,it,pl</availableLanguages>
              <code>/HES</code>
              <title>Higher or Secondary Education Establishments</title>
            </category>
          </categories>
          <regions>
            <region type="relatedRegion">
              <name>Belgium</name>
              <nutsCode>BE</nutsCode>
              <euCode>BE</euCode>
              <isoCode>BE</isoCode>
              <rcn>188385832</rcn>
            </region>
          </regions>
        </relations>
      </organization>
      <organization ecContribution="11270" order="29" terminated="false" type="participant">
        <availableLanguages readOnly="true">en</availableLanguages>
        <rcn>1915480</rcn>
        <id>999894819</id>
        <vatNumber>FR38263100125</vatNumber>
        <legalName>CENTRE HOSPITALIER UNIVERSITAIRE DE TOULOUSE</legalName>
        <shortName>CHUT</shortName>
        <address>
          <street>RUE VIGUERIE 2 HOTEL DIEU SAINT JACQUES</street>
          <city>TOULOUSE CEDEX 3</city>
          <postalCode>31052</postalCode>
          <country>FR</country>
          <postBox>N/A</postBox>
          <url>www.chu-toulouse.fr</url>
        </address>
        <departmentName>Direction de la Recherche et de l'Innovation</departmentName>
        <departmentName>CHU de Toulous</departmentName>
        <relations>
          <categories>
            <category classification="organizationActivityType" type="relatedOrganizationActivityType">
              <availableLanguages readOnly="true">de,en,es,fr,it,pl</availableLanguages>
              <code>/HES</code>
              <title>Higher or Secondary Education Establishments</title>
            </category>
          </categories>
          <regions>
            <region type="relatedRegion">
              <name>France</name>
              <nutsCode>FR</nutsCode>
              <euCode>FR</euCode>
              <isoCode>FR</isoCode>
              <rcn>258902568</rcn>
            </region>
          </regions>
        </relations>
      </organization>
      <organization ecContribution="11270" order="16" terminated="false" type="participant">
        <availableLanguages readOnly="true">en</availableLanguages>
        <rcn>1905775</rcn>
        <id>999862712</id>
        <vatNumber>IT00286820501</vatNumber>
        <legalName>UNIVERSITA DI PISA</legalName>
        <shortName>UPI</shortName>
        <address>
          <street>LUNGARNO PACINOTTI 43/44</street>
          <city>PISA</city>
          <postalCode>56126</postalCode>
          <country>IT</country>
          <postBox>N/A</postBox>
          <url>www.unipi.it</url>
        </address>
        <departmentName>Dipartimento di Informatica</departmentName>
        <relations>
          <categories>
            <category classification="organizationActivityType" type="relatedOrganizationActivityType">
              <availableLanguages readOnly="true">de,en,es,fr,it,pl</availableLanguages>
              <code>/HES</code>
              <title>Higher or Secondary Education Establishments</title>
            </category>
          </categories>
          <regions>
            <region type="relatedRegion">
              <name>Italy</name>
              <nutsCode>IT</nutsCode>
              <euCode>IT</euCode>
              <isoCode>IT</isoCode>
              <rcn>309758504</rcn>
            </region>
          </regions>
        </relations>
      </organization>
      <organization ecContribution="20177.5" order="25" terminated="false" type="participant">
        <availableLanguages readOnly="true">en</availableLanguages>
        <rcn>1906929</rcn>
        <id>999992013</id>
        <vatNumber>GB254799511</vatNumber>
        <legalName>THE QUEEN'S UNIVERSITY OF BELFAST</legalName>
        <shortName>QUB</shortName>
        <address>
          <street>UNIVERSITY ROAD LANYON BUILDING</street>
          <city>BELFAST</city>
          <postalCode>BT7 1NN</postalCode>
          <country>UK</country>
          <postBox>000</postBox>
          <url>www.qub.ac.uk</url>
        </address>
        <departmentName>Research Support Office</departmentName>
        <relations>
          <categories>
            <category classification="organizationActivityType" type="relatedOrganizationActivityType">
              <availableLanguages readOnly="true">de,en,es,fr,it,pl</availableLanguages>
              <code>/HES</code>
              <title>Higher or Secondary Education Establishments</title>
            </category>
          </categories>
          <regions>
            <region type="relatedRegion">
              <name>United Kingdom</name>
              <nutsCode>UK</nutsCode>
              <euCode>UK</euCode>
              <isoCode>GB</isoCode>
              <rcn>508725800</rcn>
            </region>
          </regions>
        </relations>
      </organization>
      <organization ecContribution="20165" order="22" terminated="false" type="participant">
        <availableLanguages readOnly="true">en</availableLanguages>
        <rcn>1907382</rcn>
        <id>999523115</id>
        <vatNumber>ESG60805462</vatNumber>
        <legalName>INSTITUT DE INVESTIGACIO EN CIENCIES DE LA SALUT GERMANS TRIAS I PUJOL</legalName>
        <shortName>IGTP</shortName>
        <address>
          <street>CTRA DE CANYET S/N</street>
          <city>BADALONA BARCELONA</city>
          <postalCode>08916</postalCode>
          <country>ES</country>
          <postBox>237</postBox>
        </address>
        <departmentName>Fundacio institut Ivestigacio Germans Trias i Pujol</departmentName>
        <relations>
          <categories>
            <category classification="organizationActivityType" type="relatedOrganizationActivityType">
              <availableLanguages readOnly="true">de,en,es,fr,it,pl</availableLanguages>
              <code>/REC</code>
              <title>Research Organisations</title>
            </category>
          </categories>
          <regions>
            <region type="relatedRegion">
              <name>Spain</name>
              <nutsCode>ES</nutsCode>
              <euCode>ES</euCode>
              <isoCode>ES</isoCode>
              <rcn>242387496</rcn>
            </region>
          </regions>
        </relations>
      </organization>
      <organization ecContribution="416623.75" order="2" terminated="false" type="participant">
        <availableLanguages readOnly="true">en</availableLanguages>
        <rcn>1905690</rcn>
        <id>996697893</id>
        <vatNumber>FI22295006</vatNumber>
        <legalName>TERVEYDEN JA HYVINVOINNIN LAITOS</legalName>
        <shortName>THL</shortName>
        <address>
          <street>MANNERHEIMINTIE  166</street>
          <city>HELSINKI</city>
          <postalCode>00271</postalCode>
          <country>FI</country>
          <postBox>30</postBox>
          <url>www.thl.fi</url>
        </address>
        <departmentName>Administrative services</departmentName>
        <relations>
          <categories>
            <category classification="organizationActivityType" type="relatedOrganizationActivityType">
              <availableLanguages readOnly="true">de,en,es,fr,it,pl</availableLanguages>
              <code>/REC</code>
              <title>Research Organisations</title>
            </category>
          </categories>
          <regions>
            <region type="relatedRegion">
              <name>Finland</name>
              <nutsCode>FI</nutsCode>
              <euCode>FI</euCode>
              <isoCode>FI</isoCode>
              <rcn>256543272</rcn>
            </region>
          </regions>
        </relations>
      </organization>
      <organization ecContribution="0" order="10" terminated="false" type="participant">
        <availableLanguages readOnly="true">en</availableLanguages>
        <rcn>1905561</rcn>
        <id>999979015</id>
        <vatNumber>CHE115203630</vatNumber>
        <legalName>EIDGENOESSISCHE TECHNISCHE HOCHSCHULE ZUERICH</legalName>
        <shortName>ETH Zürich</shortName>
        <address>
          <street>Raemistrasse  101</street>
          <city>ZUERICH</city>
          <postalCode>8092</postalCode>
          <country>CH</country>
          <postBox>N/A</postBox>
          <url>https://www.ethz.ch/de.html</url>
        </address>
        <departmentName>Integrated Systems Laboratory</departmentName>
        <relations>
          <categories>
            <category classification="organizationActivityType" type="relatedOrganizationActivityType">
              <availableLanguages readOnly="true">de,en,es,fr,it,pl</availableLanguages>
              <code>/HES</code>
              <title>Higher or Secondary Education Establishments</title>
            </category>
          </categories>
          <regions>
            <region type="relatedRegion">
              <name>Switzerland</name>
              <nutsCode>CH</nutsCode>
              <euCode>CH</euCode>
              <isoCode>CH</isoCode>
              <rcn>205949480</rcn>
            </region>
          </regions>
        </relations>
      </organization>
      <organization ecContribution="20177.5" order="32" terminated="false" type="participant">
        <availableLanguages readOnly="true">en</availableLanguages>
        <rcn>1913525</rcn>
        <id>984400330</id>
        <vatNumber>PT600086640</vatNumber>
        <legalName>MINISTERIO DA DEFESA NACIONAL</legalName>
        <shortName>CINAV</shortName>
        <address>
          <street>AVENIDA ILHA DA MADEIRA 1</street>
          <city>LISBOA</city>
          <postalCode>1400-204</postalCode>
          <country>PT</country>
          <url>http://www.portugal.gov.pt/pt/os-ministerios/ministerio-da-defesa-nacional.aspx</url>
        </address>
        <relations>
          <categories>
            <category classification="organizationActivityType" type="relatedOrganizationActivityType">
              <availableLanguages readOnly="true">de,en,es,fr,it,pl</availableLanguages>
              <code>/PUB</code>
              <title>Public bodies (excluding Research Organisations and Secondary or Higher Education Establishments)</title>
            </category>
          </categories>
          <regions>
            <region type="relatedRegion">
              <name>Portugal</name>
              <nutsCode>PT</nutsCode>
              <euCode>PT</euCode>
              <isoCode>PT</isoCode>
              <rcn>427199016</rcn>
            </region>
          </regions>
        </relations>
      </organization>
      <organization ecContribution="22492.5" order="21" terminated="false" type="participant">
        <availableLanguages readOnly="true">en</availableLanguages>
        <rcn>1912065</rcn>
        <id>999642716</id>
        <vatNumber>PL6750002236</vatNumber>
        <legalName>UNIWERSYTET JAGIELLONSKI</legalName>
        <shortName>JAGIELLONSKI</shortName>
        <address>
          <street>Ul. Golebia  24</street>
          <city>KRAKOW</city>
          <postalCode>31007</postalCode>
          <country>PL</country>
          <postBox>N/A</postBox>
          <url>www.uj.edu.pl</url>
        </address>
        <departmentName>Centre for Nanometer Scale Science and Advanved Materials NA</departmentName>
        <relations>
          <categories>
            <category classification="organizationActivityType" type="relatedOrganizationActivityType">
              <availableLanguages readOnly="true">de,en,es,fr,it,pl</availableLanguages>
              <code>/HES</code>
              <title>Higher or Secondary Education Establishments</title>
            </category>
          </categories>
          <regions>
            <region type="relatedRegion">
              <name>Poland</name>
              <nutsCode>PL</nutsCode>
              <euCode>PL</euCode>
              <isoCode>PL</isoCode>
              <rcn>425101864</rcn>
            </region>
          </regions>
        </relations>
      </organization>
      <organization ecContribution="17875" order="33" terminated="false" type="participant">
        <availableLanguages readOnly="true">en</availableLanguages>
        <rcn>1912087</rcn>
        <id>999651640</id>
        <vatNumber>SE232100013101</vatNumber>
        <legalName>VASTRA GOTALANDS LANS LANDSTING</legalName>
        <shortName>VGR</shortName>
        <address>
          <street>REGIONENS HUS</street>
          <city>VANERSBORG</city>
          <postalCode>462 80</postalCode>
          <country>SE</country>
          <postBox>000</postBox>
        </address>
        <departmentName>R &amp; D Centre</departmentName>
        <relations>
          <categories>
            <category classification="organizationActivityType" type="relatedOrganizationActivityType">
              <availableLanguages readOnly="true">de,en,es,fr,it,pl</availableLanguages>
              <code>/PUB</code>
              <title>Public bodies (excluding Research Organisations and Secondary or Higher Education Establishments)</title>
            </category>
          </categories>
          <regions>
            <region type="relatedRegion">
              <name>Sweden</name>
              <nutsCode>SE</nutsCode>
              <euCode>SE</euCode>
              <isoCode>SE</isoCode>
              <rcn>473598504</rcn>
            </region>
          </regions>
        </relations>
      </organization>
      <organization ecContribution="31506.25" order="18" terminated="false" type="participant">
        <availableLanguages readOnly="true">en</availableLanguages>
        <rcn>1914056</rcn>
        <id>963454441</id>
        <vatNumber>NO979529783MVA</vatNumber>
        <legalName>NASJONALT INSTITUTT FOR ENAERINGS-OG SJOMATFORSKNING</legalName>
        <shortName>NIFES</shortName>
        <address>
          <street>STRANDGATEN 229</street>
          <city>BERGEN</city>
          <postalCode>5004</postalCode>
          <country>NO</country>
          <url>www.nifes.no</url>
        </address>
        <relations>
          <categories>
            <category classification="organizationActivityType" type="relatedOrganizationActivityType">
              <availableLanguages readOnly="true">de,en,es,fr,it,pl</availableLanguages>
              <code>/REC</code>
              <title>Research Organisations</title>
            </category>
          </categories>
          <regions>
            <region type="relatedRegion">
              <name>Norway</name>
              <nutsCode>NO</nutsCode>
              <euCode>NO</euCode>
              <isoCode>NO</isoCode>
              <rcn>392333864</rcn>
            </region>
          </regions>
        </relations>
      </organization>
      <organization ecContribution="109407.5" order="6" terminated="false" type="participant">
        <availableLanguages readOnly="true">en</availableLanguages>
        <rcn>1909810</rcn>
        <id>999871830</id>
        <vatNumber>LV90000076669</vatNumber>
        <legalName>LATVIJAS UNIVERSITATE</legalName>
        <shortName>LU</shortName>
        <address>
          <street>RAINIS BOULEVARD   19</street>
          <city>RIGA</city>
          <postalCode>1586</postalCode>
          <country>LV</country>
          <url>http://www.lu.lv</url>
        </address>
        <departmentName>Library of the University of Latvia</departmentName>
        <relations>
          <categories>
            <category classification="organizationActivityType" type="relatedOrganizationActivityType">
              <availableLanguages readOnly="true">de,en,es,fr,it,pl</availableLanguages>
              <code>/HES</code>
              <title>Higher or Secondary Education Establishments</title>
            </category>
          </categories>
          <regions>
            <region type="relatedRegion">
              <name>Latvia</name>
              <nutsCode>LV</nutsCode>
              <euCode>LV</euCode>
              <isoCode>LV</isoCode>
              <rcn>360614440</rcn>
            </region>
          </regions>
        </relations>
      </organization>
      <organization ecContribution="8000" order="17" terminated="false" type="participant">
        <availableLanguages readOnly="true">en</availableLanguages>
        <rcn>1905975</rcn>
        <id>999975038</id>
        <vatNumber>IL500701610</vatNumber>
        <legalName>THE HEBREW UNIVERSITY OF JERUSALEM</legalName>
        <shortName>THE HEBREW UNIVERSITY OF JERUSALEM</shortName>
        <address>
          <street>GIVAT RAM CAMPUS</street>
          <city>JERUSALEM</city>
          <postalCode>91904</postalCode>
          <country>IL</country>
          <postBox>000</postBox>
          <url>www.huji.ac.il</url>
        </address>
        <departmentName>The Authority for Research and Development</departmentName>
        <relations>
          <categories>
            <category classification="organizationActivityType" type="relatedOrganizationActivityType">
              <availableLanguages readOnly="true">de,en,es,fr,it,pl</availableLanguages>
              <code>/HES</code>
              <title>Higher or Secondary Education Establishments</title>
            </category>
          </categories>
          <regions>
            <region type="relatedRegion">
              <name>Israel</name>
              <nutsCode>IL</nutsCode>
              <euCode>IL</euCode>
              <isoCode>IL</isoCode>
              <rcn>307661352</rcn>
            </region>
          </regions>
        </relations>
      </organization>
      <organization ecContribution="178340" order="5" terminated="false" type="participant">
        <availableLanguages readOnly="true">en</availableLanguages>
        <rcn>1906208</rcn>
        <id>999988424</id>
        <vatNumber>NL807181997B01</vatNumber>
        <legalName>ERASMUS UNIVERSITAIR MEDISCH CENTRUM ROTTERDAM</legalName>
        <shortName>EMC</shortName>
        <address>
          <street>S GRAVENDIJKWAL 230</street>
          <city>ROTTERDAM</city>
          <postalCode>3015 CE</postalCode>
          <country>NL</country>
          <postBox>N/A</postBox>
          <url>www.erasmusmc.nl</url>
        </address>
        <departmentName>Radiology</departmentName>
        <relations>
          <categories>
            <category classification="organizationActivityType" type="relatedOrganizationActivityType">
              <availableLanguages readOnly="true">de,en,es,fr,it,pl</availableLanguages>
              <code>/HES</code>
              <title>Higher or Secondary Education Establishments</title>
            </category>
          </categories>
          <regions>
            <region type="relatedRegion">
              <name>Netherlands</name>
              <nutsCode>NL</nutsCode>
              <euCode>NL</euCode>
              <isoCode>NL</isoCode>
              <rcn>391547432</rcn>
            </region>
          </regions>
        </relations>
      </organization>
      <organization ecContribution="19875" order="20" terminated="false" type="participant">
        <availableLanguages readOnly="true">en</availableLanguages>
        <rcn>1919135</rcn>
        <id>999882306</id>
        <vatNumber>SI52111776</vatNumber>
        <legalName>UNIVERZITETNI KLINICNI CENTER LJUBLJANA</legalName>
        <shortName>UKCL</shortName>
        <address>
          <street>ZALOSKA CESTA 002</street>
          <city>LJUBLJANA</city>
          <postalCode>1000</postalCode>
          <country>SI</country>
          <url>http://www.kclj.si/nuklearna</url>
        </address>
        <departmentName>R&amp;R Department</departmentName>
        <departmentName> University Medical Centre Ljubljana</departmentName>
        <relations>
          <categories>
            <category classification="organizationActivityType" type="relatedOrganizationActivityType">
              <availableLanguages readOnly="true">de,en,es,fr,it,pl</availableLanguages>
              <code>/HES</code>
              <title>Higher or Secondary Education Establishments</title>
            </category>
          </categories>
          <regions>
            <region type="relatedRegion">
              <name>Slovenia</name>
              <nutsCode>SI</nutsCode>
              <euCode>SI</euCode>
              <isoCode>SI</isoCode>
              <rcn>474647080</rcn>
            </region>
          </regions>
        </relations>
      </organization>
      <organization ecContribution="11276.25" order="28" terminated="false" type="participant">
        <availableLanguages readOnly="true">en</availableLanguages>
        <rcn>1911797</rcn>
        <id>999821390</id>
        <vatNumber>IS70097</vatNumber>
        <legalName>LANDSPITALI UNIVERSITY HOSPITAL</legalName>
        <shortName>LUH</shortName>
        <address>
          <street>Eiriksgata 5</street>
          <city>REYKJAVIK</city>
          <postalCode>101</postalCode>
          <country>IS</country>
          <url>www.landspitali.is</url>
        </address>
        <departmentName>Medical and Health Information Centre</departmentName>
        <departmentName>Landspitalin</departmentName>
        <relations>
          <categories>
            <category classification="organizationActivityType" type="relatedOrganizationActivityType">
              <availableLanguages readOnly="true">de,en,es,fr,it,pl</availableLanguages>
              <code>/HES</code>
              <title>Higher or Secondary Education Establishments</title>
            </category>
          </categories>
          <regions>
            <region type="relatedRegion">
              <name>Iceland</name>
              <nutsCode>IS</nutsCode>
              <euCode>IS</euCode>
              <isoCode>IS</isoCode>
              <rcn>309496360</rcn>
            </region>
          </regions>
        </relations>
      </organization>
      <organization ecContribution="185338.13" order="7" terminated="false" type="participant">
        <availableLanguages readOnly="true">en</availableLanguages>
        <rcn>1907035</rcn>
        <id>999985223</id>
        <vatNumber>GB688953065</vatNumber>
        <legalName>UNIVERSITY OF SURREY</legalName>
        <shortName>SURREY</shortName>
        <address>
          <street>Stag Hill</street>
          <city>GUILDFORD</city>
          <postalCode>GU2 7XH</postalCode>
          <country>UK</country>
          <postBox>N/A</postBox>
          <url>www.surrey.ac.uk</url>
        </address>
        <departmentName>Research Finance</departmentName>
        <relations>
          <categories>
            <category classification="organizationActivityType" type="relatedOrganizationActivityType">
              <availableLanguages readOnly="true">de,en,es,fr,it,pl</availableLanguages>
              <code>/HES</code>
              <title>Higher or Secondary Education Establishments</title>
            </category>
          </categories>
          <regions>
            <region type="relatedRegion">
              <name>United Kingdom</name>
              <nutsCode>UK</nutsCode>
              <euCode>UK</euCode>
              <isoCode>GB</isoCode>
              <rcn>508725800</rcn>
            </region>
          </regions>
        </relations>
      </organization>
      <organization ecContribution="73805" order="4" terminated="false" type="participant">
        <availableLanguages readOnly="true">en</availableLanguages>
        <rcn>1905816</rcn>
        <id>999894528</id>
        <vatNumber>EL998219694</vatNumber>
        <legalName>PANEPISTIMIO PATRON</legalName>
        <shortName>UPAT</shortName>
        <address>
          <street>UNIVERSITY CAMPUS RIO PATRAS</street>
          <city>RIO PATRAS</city>
          <postalCode>265 04</postalCode>
          <country>EL</country>
          <postBox>26110</postBox>
          <url>www.upatras.gr</url>
        </address>
        <departmentName>Department of Computer Engineering</departmentName>
        <departmentName>University of Patras</departmentName>
        <relations>
          <categories>
            <category classification="organizationActivityType" type="relatedOrganizationActivityType">
              <availableLanguages readOnly="true">de,en,es,fr,it,pl</availableLanguages>
              <code>/HES</code>
              <title>Higher or Secondary Education Establishments</title>
            </category>
          </categories>
          <regions>
            <region type="relatedRegion">
              <name>Greece</name>
              <nutsCode>GR</nutsCode>
              <euCode>EL</euCode>
              <isoCode>GR</isoCode>
              <rcn>240552488</rcn>
            </region>
          </regions>
        </relations>
      </organization>
      <organization ecContribution="398812.19" order="8" terminated="false" type="participant">
        <availableLanguages readOnly="true">en</availableLanguages>
        <rcn>1907609</rcn>
        <id>999898408</id>
        <vatNumber>ATU60955513</vatNumber>
        <legalName>UMIT- PRIVATE UNIVERSITAT FUER GESUNDHEITSWISSENSCHAFTEN, MEDIZINISCHEINFORMATIK UND TECHNIK GMBH</legalName>
        <shortName>UMIT</shortName>
        <address>
          <street>EDUARD WALLNOEFER - ZENTRUM 1</street>
          <city>HALL IN TIROL</city>
          <postalCode>6060</postalCode>
          <country>AT</country>
        </address>
        <departmentName>UMIT</departmentName>
        <relations>
          <categories>
            <category classification="organizationActivityType" type="relatedOrganizationActivityType">
              <availableLanguages readOnly="true">de,en,es,fr,it,pl</availableLanguages>
              <code>/HES</code>
              <title>Higher or Secondary Education Establishments</title>
            </category>
          </categories>
          <regions>
            <region type="relatedRegion">
              <name>Austria</name>
              <nutsCode>AT</nutsCode>
              <euCode>AT</euCode>
              <isoCode>AT</isoCode>
              <rcn>175540776</rcn>
            </region>
          </regions>
        </relations>
      </organization>
      <organization ecContribution="11125" order="13" terminated="false" type="participant">
        <availableLanguages readOnly="true">en</availableLanguages>
        <rcn>1912135</rcn>
        <id>973604424</id>
        <legalName>KLINICKI BOLNICKI CENTAR SESTRE MILOSRDNICE USTANOVA</legalName>
        <shortName>KBCSM</shortName>
        <address>
          <street>VINOGRADSKA CESTA 29</street>
          <city>ZAGREB</city>
          <postalCode>10000</postalCode>
          <country>HR</country>
          <url>www.trauma.hr</url>
        </address>
        <relations>
          <categories>
            <category classification="organizationActivityType" type="relatedOrganizationActivityType">
              <availableLanguages readOnly="true">de,en,es,fr,it,pl</availableLanguages>
              <code>/REC</code>
              <title>Research Organisations</title>
            </category>
          </categories>
          <regions>
            <region type="relatedRegion">
              <name>Croatia</name>
              <nutsCode>HR</nutsCode>
              <euCode>HR</euCode>
              <isoCode>HR</isoCode>
              <rcn>292457000</rcn>
            </region>
          </regions>
        </relations>
      </organization>
      <organization ecContribution="25750" order="3" terminated="false" type="participant">
        <availableLanguages readOnly="true">en</availableLanguages>
        <rcn>2392332</rcn>
        <id>937307994</id>
        <legalName>IODINE GLOBAL NETWORK</legalName>
        <shortName>IGN</shortName>
        <address>
          <street>375 DES EPINETTES</street>
          <city>OTTAWA ON</city>
          <postalCode>K1E 3E0</postalCode>
          <country>CA</country>
        </address>
        <relations>
          <categories>
            <category classification="organizationActivityType" type="relatedOrganizationActivityType">
              <availableLanguages readOnly="true">de,en,es,fr,it,pl</availableLanguages>
              <code>/OTH</code>
              <title>Other</title>
            </category>
          </categories>
          <regions>
            <region type="relatedRegion">
              <name>Canada</name>
              <nutsCode>CA</nutsCode>
              <euCode>CA</euCode>
              <isoCode>CA</isoCode>
              <rcn>204114472</rcn>
            </region>
          </regions>
        </relations>
      </organization>
      <organization ecContribution="20177.5" order="31" terminated="false" type="participant">
        <availableLanguages readOnly="true">en</availableLanguages>
        <rcn>2392360</rcn>
        <id>937632653</id>
        <legalName>ENDOKRINOLOGICKY USTAV</legalName>
        <shortName>ENDO</shortName>
        <address>
          <street>NARODNI 139/8</street>
          <city>PRAHA NOVE MESTO</city>
          <postalCode>11694</postalCode>
          <country>CZ</country>
        </address>
        <relations>
          <categories>
            <category classification="organizationActivityType" type="relatedOrganizationActivityType">
              <availableLanguages readOnly="true">de,en,es,fr,it,pl</availableLanguages>
              <code>/PUB</code>
              <title>Public bodies (excluding Research Organisations and Secondary or Higher Education Establishments)</title>
            </category>
          </categories>
          <regions>
            <region type="relatedRegion">
              <name>Czech Republic</name>
              <nutsCode>CZ</nutsCode>
              <euCode>CZ</euCode>
              <isoCode>CZ</isoCode>
              <rcn>210668072</rcn>
            </region>
          </regions>
        </relations>
      </organization>
    <categories>
      <category classification="projectFundingSchemeCategory" type="relatedProjectFundingSchemeCategory">
        <availableLanguages readOnly="true">en</availableLanguages>
        <code>/RIA</code>
        <title>Research and Innovation action</title>
      </category>
    </categories>
