  <rcn>193296</rcn>
  <acronym>BETA3_LVH</acronym>
  <objective>Patients with cardiovascular risk factors, e.g. hypertension and obesity are at risk of developing heart failure with preserved ejection fraction (HFpEF), a highly prevalent disease in the elderly, mostly women population. There is currently no specific, defined treatment for HFpEF, beyond control of risk factors. Activation of cardiac and vascular Beta3-adrenergic receptors (B3AR) represents a new concept and a novel target for structural cardiac disease. B3AR expression and coupling were demonstrated in human myocardium and vasculature. In pre-clinical models with expression of the human receptor, its activation attenuates myocardial remodelling, i.e. decreases hypertrophy and fibrosis in response to neurohormonal or hemodynamic stress. Mirabegron is a new agonist of B3AR available for human use, that was recently introduced for a non-cardiovascular indication (overactive bladder disease).  The primary objective of the project is to design and implement a multi-centric, prospective, randomized, placebo-controlled clinical trial testing the additional beneficial effect of mirabegron, versus placebo over 12 months on top of standard treatment of patients carrying structural cardiac disease without overt heart failure (stage B of AHA classification); the co-primary end-point will be the quantitative change in  myocardial hypertrophy measured by cardiac MRI; and in diastolic ventricular function, measured by Doppler echocardiography (E/E’); in addition, exercise tolerance (peak VO2) will be measured as well as circulating biomarkers reflecting both myocardial remodeling and function. In addition, we will test the effect of mirabegron on beige/brown fat activation and metabolism. Our proposal therefore combines a major conceptual advance and repurposing of an original drug to validate pre-clinical discoveries in the context of a major health problem.</objective>
  <title>A multi-center randomized, placebo-controlled trial of mirabegron, a new beta3-adrenergic receptor agonist on left ventricular mass and diastolic function in patients with structural heart disease</title>
      <organization ecContribution="306625" order="11" terminated="false" type="participant">
        <availableLanguages readOnly="true">en</availableLanguages>
        <rcn>2334874</rcn>
        <id>948646712</id>
        <vatNumber>FR91801933235</vatNumber>
        <legalName>ECRIN EUROPEAN CLINICAL RESEARCH INFRASTRUCTURE NETWORK</legalName>
        <shortName>ECRIN</shortName>
        <address>
          <street>5 RUE WATT</street>
          <city>PARIS</city>
          <postalCode>75013</postalCode>
          <country>FR</country>
          <postBox>N/A</postBox>
          <url>www.ecrin.org</url>
        </address>
        <relations>
          <categories>
            <category classification="organizationActivityType" type="relatedOrganizationActivityType">
              <availableLanguages readOnly="true">de,en,es,fr,it,pl</availableLanguages>
              <code>/REC</code>
              <title>Research Organisations</title>
            </category>
          </categories>
          <regions>
            <region type="relatedRegion">
              <name>France</name>
              <nutsCode>FR</nutsCode>
              <euCode>FR</euCode>
              <isoCode>FR</isoCode>
              <rcn>258902568</rcn>
            </region>
          </regions>
        </relations>
      </organization>
      <organization ecContribution="298243.75" order="8" terminated="false" type="participant">
        <availableLanguages readOnly="true">en</availableLanguages>
        <rcn>1941745</rcn>
        <id>997487376</id>
        <vatNumber>IT00837210160</vatNumber>
        <legalName>AZIENDA OSPEDALIERA PAPA GIOVANNI XXIII</legalName>
        <shortName>AOPG</shortName>
        <address>
          <street>PIAZZA OMS 1</street>
          <city>BERGAMO</city>
          <postalCode>24127</postalCode>
          <country>IT</country>
          <postBox>000</postBox>
          <url>www.ospedaliriuniti.bergamo.it</url>
        </address>
        <relations>
          <categories>
            <category classification="organizationActivityType" type="relatedOrganizationActivityType">
              <availableLanguages readOnly="true">de,en,es,fr,it,pl</availableLanguages>
              <code>/REC</code>
              <title>Research Organisations</title>
            </category>
          </categories>
          <regions>
            <region type="relatedRegion">
              <name>Italy</name>
              <nutsCode>IT</nutsCode>
              <euCode>IT</euCode>
              <isoCode>IT</isoCode>
              <rcn>309758504</rcn>
            </region>
          </regions>
        </relations>
      </organization>
      <organization ecContribution="300000" order="9" terminated="false" type="participant">
        <availableLanguages readOnly="true">en</availableLanguages>
        <rcn>1906280</rcn>
        <id>999643007</id>
        <vatNumber>EL090145420</vatNumber>
        <legalName>ETHNIKO KAI KAPODISTRIAKO PANEPISTIMIO ATHINON</legalName>
        <shortName>UoA</shortName>
        <address>
          <street>6 CHRISTOU LADA STR</street>
          <city>ATHINA</city>
          <postalCode>10561</postalCode>
          <country>EL</country>
          <postBox>000</postBox>
          <url>www.elke.uoa.gr</url>
        </address>
        <departmentName>Special Account for Research Grants</departmentName>
        <relations>
          <categories>
            <category classification="organizationActivityType" type="relatedOrganizationActivityType">
              <availableLanguages readOnly="true">de,en,es,fr,it,pl</availableLanguages>
              <code>/HES</code>
              <title>Higher or Secondary Education Establishments</title>
            </category>
          </categories>
          <regions>
            <region type="relatedRegion">
              <name>Greece</name>
              <nutsCode>GR</nutsCode>
              <euCode>EL</euCode>
              <isoCode>GR</isoCode>
              <rcn>240552488</rcn>
            </region>
          </regions>
        </relations>
      </organization>
      <organization ecContribution="240975" order="12" terminated="false" type="participant">
        <availableLanguages readOnly="true">en</availableLanguages>
        <rcn>1915531</rcn>
        <id>998868947</id>
        <vatNumber>FR89403299480</vatNumber>
        <legalName>SOCIETE EUROPEENNE DE CARDIOLOGIE</legalName>
        <shortName>ESC/ SEC</shortName>
        <address>
          <street>ROUTE DES COLLES  2035</street>
          <city>BIOT SOPHIA ANTIPOLIS</city>
          <postalCode>06903</postalCode>
          <country>FR</country>
          <url>www.escardio.org</url>
        </address>
        <relations>
          <categories>
            <category classification="organizationActivityType" type="relatedOrganizationActivityType">
              <availableLanguages readOnly="true">de,en,es,fr,it,pl</availableLanguages>
              <code>/OTH</code>
              <title>Other</title>
            </category>
          </categories>
          <regions>
            <region type="relatedRegion">
              <name>France</name>
              <nutsCode>FR</nutsCode>
              <euCode>FR</euCode>
              <isoCode>FR</isoCode>
              <rcn>258902568</rcn>
            </region>
          </regions>
        </relations>
      </organization>
      <organization ecContribution="279823.72" order="3" terminated="false" type="participant">
        <availableLanguages readOnly="true">en</availableLanguages>
        <rcn>2072113</rcn>
        <id>993762091</id>
        <vatNumber>PT503218111</vatNumber>
        <legalName>Associação para Investigação e Desenvolvimento da Faculdade de Medicina</legalName>
        <shortName>AIDFM</shortName>
        <address>
          <street>Av. Prof. Egas Moniz</street>
          <city>Lisbon</city>
          <postalCode>1649-028</postalCode>
          <country>PT</country>
        </address>
        <relations>
          <categories>
            <category classification="organizationActivityType" type="relatedOrganizationActivityType">
              <availableLanguages readOnly="true">de,en,es,fr,it,pl</availableLanguages>
              <code>/HES</code>
              <title>Higher or Secondary Education Establishments</title>
            </category>
          </categories>
          <regions>
            <region type="relatedRegion">
              <name>Portugal</name>
              <nutsCode>PT</nutsCode>
              <euCode>PT</euCode>
              <isoCode>PT</isoCode>
              <rcn>427199016</rcn>
            </region>
          </regions>
        </relations>
      </organization>
      <organization ecContribution="819545.51" order="1" terminated="false" type="coordinator">
        <availableLanguages readOnly="true">en</availableLanguages>
        <rcn>1905952</rcn>
        <id>999980664</id>
        <vatNumber>BE0419052272</vatNumber>
        <legalName>UNIVERSITE CATHOLIQUE DE LOUVAIN</legalName>
        <shortName>UCL</shortName>
        <address>
          <street>PLACE DE L UNIVERSITE 1</street>
          <city>LOUVAIN LA NEUVE</city>
          <postalCode>1348</postalCode>
          <country>BE</country>
          <postBox>000</postBox>
          <url>www.uclouvain.be</url>
        </address>
        <departmentName>ICTEAM Institute</departmentName>
        <relations>
          <categories>
            <category classification="organizationActivityType" type="relatedOrganizationActivityType">
              <availableLanguages readOnly="true">de,en,es,fr,it,pl</availableLanguages>
              <code>/HES</code>
              <title>Higher or Secondary Education Establishments</title>
            </category>
          </categories>
          <regions>
            <region type="relatedRegion">
              <name>Belgium</name>
              <nutsCode>BE</nutsCode>
              <euCode>BE</euCode>
              <isoCode>BE</isoCode>
              <rcn>188385832</rcn>
            </region>
          </regions>
        </relations>
      </organization>
      <organization ecContribution="1082718.75" order="10" terminated="false" type="participant">
        <availableLanguages readOnly="true">en</availableLanguages>
        <rcn>1908889</rcn>
        <id>999854564</id>
        <vatNumber>DE141510383</vatNumber>
        <legalName>UNIVERSITAET LEIPZIG</legalName>
        <shortName>ULEI</shortName>
        <address>
          <street>RITTERSTRASSE  26</street>
          <city>LEIPZIG</city>
          <postalCode>04109</postalCode>
          <country>DE</country>
          <postBox>N/A</postBox>
          <url>www.uni-Ieipzig.de</url>
        </address>
        <departmentName>Dep of Diagnostic and Interventional Radiology</departmentName>
        <relations>
          <categories>
            <category classification="organizationActivityType" type="relatedOrganizationActivityType">
              <availableLanguages readOnly="true">de,en,es,fr,it,pl</availableLanguages>
              <code>/HES</code>
              <title>Higher or Secondary Education Establishments</title>
            </category>
          </categories>
          <regions>
            <region type="relatedRegion">
              <name>Germany</name>
              <nutsCode>DE</nutsCode>
              <euCode>DE</euCode>
              <isoCode>DE</isoCode>
              <rcn>221940264</rcn>
            </region>
          </regions>
        </relations>
      </organization>
      <organization ecContribution="426410" order="7" terminated="false" type="participant">
        <availableLanguages readOnly="true">en</availableLanguages>
        <rcn>1906202</rcn>
        <id>999992692</id>
        <vatNumber>DE228847810</vatNumber>
        <legalName>CHARITE - UNIVERSITAETSMEDIZIN BERLIN</legalName>
        <shortName>CHARITE - UNIVERSITAETSMEDIZIN BERLIN</shortName>
        <address>
          <street>Chariteplatz 1</street>
          <city>BERLIN</city>
          <postalCode>10117</postalCode>
          <country>DE</country>
          <postBox>N/A</postBox>
          <url>www.charite.de</url>
        </address>
        <departmentName>Finical Department</departmentName>
        <relations>
          <categories>
            <category classification="organizationActivityType" type="relatedOrganizationActivityType">
              <availableLanguages readOnly="true">de,en,es,fr,it,pl</availableLanguages>
              <code>/HES</code>
              <title>Higher or Secondary Education Establishments</title>
            </category>
          </categories>
          <regions>
            <region type="relatedRegion">
              <name>Germany</name>
              <nutsCode>DE</nutsCode>
              <euCode>DE</euCode>
              <isoCode>DE</isoCode>
              <rcn>221940264</rcn>
            </region>
          </regions>
        </relations>
      </organization>
      <organization ecContribution="607468.75" order="4" terminated="false" type="participant">
        <availableLanguages readOnly="true">en</availableLanguages>
        <rcn>1905556</rcn>
        <id>999984350</id>
        <vatNumber>GB125506730</vatNumber>
        <legalName>THE CHANCELLOR, MASTERS AND SCHOLARS OF THE UNIVERSITY OF OXFORD</legalName>
        <shortName>UOXF</shortName>
        <address>
          <street>WELLINGTON SQUARE UNIVERSITY OFFICES</street>
          <city>OXFORD</city>
          <postalCode>OX1 2JD</postalCode>
          <country>UK</country>
          <postBox>N/A</postBox>
          <url>www.ox.ac.uk</url>
        </address>
        <departmentName>Research Services</departmentName>
        <relations>
          <categories>
            <category classification="organizationActivityType" type="relatedOrganizationActivityType">
              <availableLanguages readOnly="true">de,en,es,fr,it,pl</availableLanguages>
              <code>/HES</code>
              <title>Higher or Secondary Education Establishments</title>
            </category>
          </categories>
          <regions>
            <region type="relatedRegion">
              <name>United Kingdom</name>
              <nutsCode>UK</nutsCode>
              <euCode>UK</euCode>
              <isoCode>GB</isoCode>
              <rcn>508725800</rcn>
            </region>
          </regions>
        </relations>
      </organization>
      <organization ecContribution="332125" order="6" terminated="false" type="participant">
        <availableLanguages readOnly="true">en</availableLanguages>
        <rcn>1906250</rcn>
        <id>999492657</id>
        <vatNumber>DE115303645</vatNumber>
        <legalName>UNIVERSITAETSMEDIZIN GOETTINGEN - GEORG-AUGUST-UNIVERSITAET GOETTINGEN - STIFTUNG OEFFENTLICHEN RECHTS</legalName>
        <shortName>UMG</shortName>
        <address>
          <street>Robert-Koch-Strasse  40</street>
          <city>GOETTINGEN</city>
          <postalCode>37075</postalCode>
          <country>DE</country>
          <postBox>N/A</postBox>
          <url>www.med.uni-goettingen.de</url>
        </address>
        <departmentName>International Relations</departmentName>
        <relations>
          <categories>
            <category classification="organizationActivityType" type="relatedOrganizationActivityType">
              <availableLanguages readOnly="true">de,en,es,fr,it,pl</availableLanguages>
              <code>/HES</code>
              <title>Higher or Secondary Education Establishments</title>
            </category>
          </categories>
          <regions>
            <region type="relatedRegion">
              <name>Germany</name>
              <nutsCode>DE</nutsCode>
              <euCode>DE</euCode>
              <isoCode>DE</isoCode>
              <rcn>221940264</rcn>
            </region>
          </regions>
        </relations>
      </organization>
      <organization ecContribution="480615" order="2" terminated="false" type="participant">
        <availableLanguages readOnly="true">en</availableLanguages>
        <rcn>1918536</rcn>
        <id>998757300</id>
        <vatNumber>PL8960005779</vatNumber>
        <legalName>UNIWERSYTET MEDYCZNY IM PIASTOW SLASKICH WE WROCLAWIU</legalName>
        <shortName>WROCLAW</shortName>
        <address>
          <street>UL PASTEURA 1</street>
          <city>WROCLAW</city>
          <postalCode>50 367</postalCode>
          <country>PL</country>
          <url>www.am.wroc.pl</url>
        </address>
        <relations>
          <categories>
            <category classification="organizationActivityType" type="relatedOrganizationActivityType">
              <availableLanguages readOnly="true">de,en,es,fr,it,pl</availableLanguages>
              <code>/HES</code>
              <title>Higher or Secondary Education Establishments</title>
            </category>
          </categories>
          <regions>
            <region type="relatedRegion">
              <name>Poland</name>
              <nutsCode>PL</nutsCode>
              <euCode>PL</euCode>
              <isoCode>PL</isoCode>
              <rcn>425101864</rcn>
            </region>
          </regions>
        </relations>
      </organization>
      <organization ecContribution="250562.5" order="5" terminated="false" type="participant">
        <availableLanguages readOnly="true">en</availableLanguages>
        <rcn>1915411</rcn>
        <id>999915868</id>
        <vatNumber>FR89264400136</vatNumber>
        <legalName>CENTRE HOSPITALIER UNIVERSITAIRE DE NANTES</legalName>
        <shortName>CHU NANTES</shortName>
        <address>
          <street>Allee de l'Ile Gloriette  5</street>
          <city>NANTES</city>
          <postalCode>44093</postalCode>
          <country>FR</country>
          <url>www.chu-nantes.fr</url>
        </address>
        <relations>
          <categories>
            <category classification="organizationActivityType" type="relatedOrganizationActivityType">
              <availableLanguages readOnly="true">de,en,es,fr,it,pl</availableLanguages>
              <code>/HES</code>
              <title>Higher or Secondary Education Establishments</title>
            </category>
          </categories>
          <regions>
            <region type="relatedRegion">
              <name>France</name>
              <nutsCode>FR</nutsCode>
              <euCode>FR</euCode>
              <isoCode>FR</isoCode>
              <rcn>258902568</rcn>
            </region>
          </regions>
        </relations>
      </organization>
    <categories>
      <category classification="projectFundingSchemeCategory" type="relatedProjectFundingSchemeCategory">
        <availableLanguages readOnly="true">en</availableLanguages>
        <code>/RIA</code>
        <title>Research and Innovation action</title>
      </category>
    </categories>
