  <rcn>193257</rcn>
  <acronym>PEGASUS</acronym>
  <objective>EU's agricultural and forestry land provides a wide range of public goods (PG) and ecosystem services (ESS) on which society depends, yet land use decisions and society often under-value these . PEGASUS will develop innovative, practical ways of making PG and ESS concepts accessible and operational: it will identify how, where and when cost-effective mechanisms and tools for policy, business and practice can most effectively be applied, increasing the sustainability of primary production in pursuit of the EU2020 vision of 'smart, sustainable and inclusive growth'. 

Recognising that the appreciation of PGs is context-dependent, PEGASUS uses social-ecological systems as an analytical framework to explore systemic inter-dependencies among natural, social and economic processes. It will adopt participatory action research with public and private actors and stakeholders to better understand the range of policy and practical challenges in different case study contexts (localities, sectors, management systems, etc.). 

An EU-level spatially explicit assessment of causalities between socio-political and institutional drivers, different land management systems and multiple delivery of PG will be complemented by fine-grained analysis within the case studies, and comparative meta-analysis will be applied to develop an operational framework for mapping, valorising and determining what PG and ecosystem service (ES) provision is needed and feasible within particular territories and sectors. New data-sets, transferable methods and tools that are fit-for-purpose and sensitive to the plurality of decision-making contexts will be generated. By improving recognition of the social and economic value of PG, PEGASUS will promote improved and innovative approaches to their provision by businesses and communities, and highlight specific policy improvements. It will provide specific advances in CAP, forestry and other relevant policies, underpinned by strong scientific evidence.</objective>
  <title>Public Ecosystem Goods And Services from land management - Unlocking the Synergies</title>
      <organization ecContribution="103218.75" order="12" terminated="false" type="participant">
        <availableLanguages readOnly="true">en</availableLanguages>
        <rcn>2093683</rcn>
        <id>998751286</id>
        <vatNumber>EE100752643</vatNumber>
        <legalName>MITTETULUNDUSUHING OKOLOOGILISTE TEHNOLOOGIATE KESKUS</legalName>
        <shortName>CEET</shortName>
        <address>
          <street>TUGLASE  1-6</street>
          <city>TARTU</city>
          <postalCode>51014</postalCode>
          <country>EE</country>
          <url>www.ceet.ee</url>
        </address>
        <relations>
          <categories>
            <category classification="organizationActivityType" type="relatedOrganizationActivityType">
              <availableLanguages readOnly="true">de,en,es,fr,it,pl</availableLanguages>
              <code>/OTH</code>
              <title>Other</title>
            </category>
          </categories>
          <regions>
            <region type="relatedRegion">
              <name>Estonia</name>
              <nutsCode>EE</nutsCode>
              <euCode>EE</euCode>
              <isoCode>EE</isoCode>
              <rcn>238717480</rcn>
            </region>
          </regions>
        </relations>
      </organization>
      <organization ecContribution="123562.5" order="13" terminated="false" type="participant">
        <availableLanguages readOnly="true">en</availableLanguages>
        <rcn>2144504</rcn>
        <id>997361082</id>
        <legalName>Euromontana</legalName>
        <shortName>Euromontana</shortName>
        <address>
          <street>rue de la baume  11</street>
          <city>Paris</city>
          <postalCode>75008</postalCode>
          <country>FR</country>
          <url>www.euromontana.org</url>
        </address>
        <relations>
          <categories>
            <category classification="organizationActivityType" type="relatedOrganizationActivityType">
              <availableLanguages readOnly="true">de,en,es,fr,it,pl</availableLanguages>
              <code>/OTH</code>
              <title>Other</title>
            </category>
          </categories>
          <regions>
            <region type="relatedRegion">
              <name>France</name>
              <nutsCode>FR</nutsCode>
              <euCode>FR</euCode>
              <isoCode>FR</isoCode>
              <rcn>258902568</rcn>
            </region>
          </regions>
        </relations>
      </organization>
      <organization ecContribution="150350" order="14" terminated="false" type="participant">
        <availableLanguages readOnly="true">en</availableLanguages>
        <rcn>1914370</rcn>
        <id>963086423</id>
        <legalName>STICHTING BIRDLIFE EUROPE</legalName>
        <shortName>BIRDLIFE EUROPE</shortName>
        <address>
          <street>BOULEVARD  12</street>
          <city>ZEIST</city>
          <postalCode>3707</postalCode>
          <country>NL</country>
          <url>http://www.birdlife.org/regional/europe/index.html</url>
        </address>
        <relations>
          <categories>
            <category classification="organizationActivityType" type="relatedOrganizationActivityType">
              <availableLanguages readOnly="true">de,en,es,fr,it,pl</availableLanguages>
              <code>/OTH</code>
              <title>Other</title>
            </category>
          </categories>
          <regions>
            <region type="relatedRegion">
              <name>Netherlands</name>
              <nutsCode>NL</nutsCode>
              <euCode>NL</euCode>
              <isoCode>NL</isoCode>
              <rcn>391547432</rcn>
            </region>
          </regions>
        </relations>
      </organization>
      <organization order="1" ecContribution="474648.75" terminated="false" type="coordinator">
        <availableLanguages readOnly="true">en</availableLanguages>
        <rcn>1906409</rcn>
        <id>998734893</id>
        <vatNumber>GB648700133</vatNumber>
        <legalName>INSTITUTE FOR EUROPEAN ENVIRONMENTAL POLICY, LONDON</legalName>
        <shortName>IEEP</shortName>
        <address>
          <street>BELGRAVE ROAD 11 IEEP OFFICES FLOOR 3</street>
          <city>LONDON</city>
          <postalCode>SW1V 1RB</postalCode>
          <country>UK</country>
          <postBox>000</postBox>
          <url>http://www.ieep.eu</url>
        </address>
        <relations>
          <categories>
            <category classification="organizationActivityType" type="relatedOrganizationActivityType">
              <availableLanguages readOnly="true">de,en,es,fr,it,pl</availableLanguages>
              <code>/REC</code>
              <title>Research Organisations</title>
            </category>
          </categories>
          <regions>
            <region type="relatedRegion">
              <name>United Kingdom</name>
              <nutsCode>UK</nutsCode>
              <euCode>UK</euCode>
              <isoCode>GB</isoCode>
              <rcn>508725800</rcn>
            </region>
          </regions>
        </relations>
      </organization>
      <organization ecContribution="135041.25" order="10" terminated="false" type="participant">
        <availableLanguages readOnly="true">en</availableLanguages>
        <rcn>1910503</rcn>
        <id>998269196</id>
        <vatNumber>PT501201920</vatNumber>
        <legalName>UNIVERSIDADE DE EVORA</legalName>
        <shortName>UEvora</shortName>
        <address>
          <street>LARGO DOS COLEGIAIS 2</street>
          <city>EVORA</city>
          <postalCode>7000 803</postalCode>
          <country>PT</country>
          <postBox>000</postBox>
          <url>www.uevora.pt</url>
        </address>
        <relations>
          <categories>
            <category classification="organizationActivityType" type="relatedOrganizationActivityType">
              <availableLanguages readOnly="true">de,en,es,fr,it,pl</availableLanguages>
              <code>/HES</code>
              <title>Higher or Secondary Education Establishments</title>
            </category>
          </categories>
          <regions>
            <region type="relatedRegion">
              <name>Portugal</name>
              <nutsCode>PT</nutsCode>
              <euCode>PT</euCode>
              <isoCode>PT</isoCode>
              <rcn>427199016</rcn>
            </region>
          </regions>
        </relations>
      </organization>
      <organization ecContribution="259463.75" order="2" terminated="false" type="participant">
        <availableLanguages readOnly="true">en</availableLanguages>
        <rcn>1906413</rcn>
        <id>998727327</id>
        <vatNumber>GB886143987</vatNumber>
        <legalName>UNIVERSITY OF GLOUCESTERSHIRE LBG</legalName>
        <shortName>CCRI</shortName>
        <address>
          <street>THE PARK</street>
          <city>CHELTENHAM</city>
          <postalCode>GL50 2RH</postalCode>
          <country>UK</country>
          <url>www.glos.ac.uk</url>
        </address>
        <relations>
          <categories>
            <category classification="organizationActivityType" type="relatedOrganizationActivityType">
              <availableLanguages readOnly="true">de,en,es,fr,it,pl</availableLanguages>
              <code>/HES</code>
              <title>Higher or Secondary Education Establishments</title>
            </category>
          </categories>
          <regions>
            <region type="relatedRegion">
              <name>United Kingdom</name>
              <nutsCode>UK</nutsCode>
              <euCode>UK</euCode>
              <isoCode>GB</isoCode>
              <rcn>508725800</rcn>
            </region>
          </regions>
        </relations>
      </organization>
      <organization ecContribution="193812.5" order="8" terminated="false" type="participant">
        <availableLanguages readOnly="true">en</availableLanguages>
        <rcn>1906233</rcn>
        <id>999993274</id>
        <vatNumber>FR57180070039</vatNumber>
        <legalName>INSTITUT NATIONAL DE LA RECHERCHE AGRONOMIQUE</legalName>
        <shortName>INRA</shortName>
        <address>
          <street>Rue De L'Universite  147</street>
          <city>PARIS CEDEX 07</city>
          <postalCode>75338</postalCode>
          <country>FR</country>
          <url>www.inra.fr</url>
        </address>
        <departmentName>INRA</departmentName>
        <departmentName> Centre de Versailles grignon</departmentName>
        <relations>
          <categories>
            <category classification="organizationActivityType" type="relatedOrganizationActivityType">
              <availableLanguages readOnly="true">de,en,es,fr,it,pl</availableLanguages>
              <code>/REC</code>
              <title>Research Organisations</title>
            </category>
          </categories>
          <regions>
            <region type="relatedRegion">
              <name>France</name>
              <nutsCode>FR</nutsCode>
              <euCode>FR</euCode>
              <isoCode>FR</isoCode>
              <rcn>258902568</rcn>
            </region>
          </regions>
        </relations>
      </organization>
      <organization ecContribution="74466.25" order="6" terminated="false" type="participant">
        <availableLanguages readOnly="true">en</availableLanguages>
        <rcn>2093681</rcn>
        <id>999513900</id>
        <vatNumber>CZ00027251</vatNumber>
        <legalName>USTAV ZEMEDELSKE EKONOMIKY A INFORMACI</legalName>
        <shortName>UZEI</shortName>
        <address>
          <street>MANESOVA 75</street>
          <city>PRAHA 2</city>
          <postalCode>120 00</postalCode>
          <country>CZ</country>
          <url>www.uzei.cz</url>
        </address>
        <relations>
          <categories>
            <category classification="organizationActivityType" type="relatedOrganizationActivityType">
              <availableLanguages readOnly="true">de,en,es,fr,it,pl</availableLanguages>
              <code>/REC</code>
              <title>Research Organisations</title>
            </category>
          </categories>
          <regions>
            <region type="relatedRegion">
              <name>Czech Republic</name>
              <nutsCode>CZ</nutsCode>
              <euCode>CZ</euCode>
              <isoCode>CZ</isoCode>
              <rcn>210668072</rcn>
            </region>
          </regions>
        </relations>
      </organization>
      <organization ecContribution="161625" order="9" terminated="false" type="participant">
        <availableLanguages readOnly="true">en</availableLanguages>
        <rcn>2093679</rcn>
        <id>999518071</id>
        <vatNumber>ATU40461807</vatNumber>
        <legalName>BUNDESANSTALT FUER BERGBAUERNFRAGEN</legalName>
        <shortName>BUNDESANSTALT FUER BERGBAUERNFRAGEN</shortName>
        <address>
          <street>Marxergasse 2</street>
          <city>WIEN</city>
          <postalCode>1030</postalCode>
          <country>AT</country>
          <url>www.babf.bmlfuw.gv.at</url>
        </address>
        <relations>
          <categories>
            <category classification="organizationActivityType" type="relatedOrganizationActivityType">
              <availableLanguages readOnly="true">de,en,es,fr,it,pl</availableLanguages>
              <code>/REC</code>
              <title>Research Organisations</title>
            </category>
          </categories>
          <regions>
            <region type="relatedRegion">
              <name>Austria</name>
              <nutsCode>AT</nutsCode>
              <euCode>AT</euCode>
              <isoCode>AT</isoCode>
              <rcn>175540776</rcn>
            </region>
          </regions>
        </relations>
      </organization>
      <organization ecContribution="200406.25" order="5" terminated="false" type="participant">
        <availableLanguages readOnly="true">en</availableLanguages>
        <rcn>1906420</rcn>
        <id>999531360</id>
        <vatNumber>IT08183101008</vatNumber>
        <legalName>CONSIGLIO PER LA RICERCA IN AGRICOLTURA E L'ANALISI DELL'ECONOMIA AGRARIA</legalName>
        <shortName>CREA</shortName>
        <address>
          <street>VIA PO 14</street>
          <city>ROMA</city>
          <postalCode>00198</postalCode>
          <country>IT</country>
          <postBox>000</postBox>
          <url>http://www.entecra.it</url>
        </address>
        <relations>
          <categories>
            <category classification="organizationActivityType" type="relatedOrganizationActivityType">
              <availableLanguages readOnly="true">de,en,es,fr,it,pl</availableLanguages>
              <code>/REC</code>
              <title>Research Organisations</title>
            </category>
          </categories>
          <regions>
            <region type="relatedRegion">
              <name>Italy</name>
              <nutsCode>IT</nutsCode>
              <euCode>IT</euCode>
              <isoCode>IT</isoCode>
              <rcn>309758504</rcn>
            </region>
          </regions>
        </relations>
      </organization>
      <organization ecContribution="268856.25" order="4" terminated="false" type="participant">
        <availableLanguages readOnly="true">en</availableLanguages>
        <rcn>2093677</rcn>
        <id>999750289</id>
        <vatNumber>DE172999963</vatNumber>
        <legalName>VEREIN FUR LANDLICHE STRUKTURFORSCHUNG EV*INSTITUT FUR LANDLICHE STRUKTURFORSCHUNG AN DER JOHANN WOLFGANGGOTHE-UNIVERSITAT</legalName>
        <shortName>VEREIN FUR LANDLICHE STRUKTURFORSCHUNG EV*INSTITUT FUR LANDLICHE STRUKTURFORSCHUNG AN DER JOHANN WOL</shortName>
        <address>
          <street>KURFUERSTENSTRASSE  49</street>
          <city>FRANKFURT AM MAIN</city>
          <postalCode>60486</postalCode>
          <country>DE</country>
          <url>www.ifls.de</url>
        </address>
        <relations>
          <categories>
            <category classification="organizationActivityType" type="relatedOrganizationActivityType">
              <availableLanguages readOnly="true">de,en,es,fr,it,pl</availableLanguages>
              <code>/REC</code>
              <title>Research Organisations</title>
            </category>
          </categories>
          <regions>
            <region type="relatedRegion">
              <name>Germany</name>
              <nutsCode>DE</nutsCode>
              <euCode>DE</euCode>
              <isoCode>DE</isoCode>
              <rcn>221940264</rcn>
            </region>
          </regions>
        </relations>
      </organization>
      <organization ecContribution="138906.25" order="11" terminated="false" type="participant">
        <availableLanguages readOnly="true">en</availableLanguages>
        <rcn>1905736</rcn>
        <id>999923240</id>
        <vatNumber>SI54162513</vatNumber>
        <legalName>UNIVERZA V LJUBLJANI</legalName>
        <shortName>UL</shortName>
        <address>
          <street>KONGRESNI TRG  12</street>
          <city>LJUBLJANA</city>
          <postalCode>1000</postalCode>
          <country>SI</country>
          <postBox>362</postBox>
          <url>http://www.uni-lj.si</url>
        </address>
        <departmentName>Faculty of Electrical Engineering</departmentName>
        <departmentName>Laboratory for telecommun</departmentName>
        <relations>
          <categories>
            <category classification="organizationActivityType" type="relatedOrganizationActivityType">
              <availableLanguages readOnly="true">de,en,es,fr,it,pl</availableLanguages>
              <code>/HES</code>
              <title>Higher or Secondary Education Establishments</title>
            </category>
          </categories>
          <regions>
            <region type="relatedRegion">
              <name>Slovenia</name>
              <nutsCode>SI</nutsCode>
              <euCode>SI</euCode>
              <isoCode>SI</isoCode>
              <rcn>474647080</rcn>
            </region>
          </regions>
        </relations>
      </organization>
      <organization ecContribution="455355" order="3" terminated="false" type="participant">
        <availableLanguages readOnly="true">en</availableLanguages>
        <rcn>1906407</rcn>
        <id>999547365</id>
        <vatNumber>NL806511618B01</vatNumber>
        <legalName>STICHTING WAGENINGEN RESEARCH</legalName>
        <shortName>WR</shortName>
        <address>
          <street>DROEVENDAALSESTEEG 4</street>
          <city>WAGENINGEN</city>
          <postalCode>6708 PB</postalCode>
          <country>NL</country>
          <postBox>9101</postBox>
          <url>http://www.wageningenur.nl/nl.htm</url>
        </address>
        <departmentName>LEI Wageningen UR</departmentName>
        <relations>
          <categories>
            <category classification="organizationActivityType" type="relatedOrganizationActivityType">
              <availableLanguages readOnly="true">de,en,es,fr,it,pl</availableLanguages>
              <code>/REC</code>
              <title>Research Organisations</title>
            </category>
          </categories>
          <regions>
            <region type="relatedRegion">
              <name>Netherlands</name>
              <nutsCode>NL</nutsCode>
              <euCode>NL</euCode>
              <isoCode>NL</isoCode>
              <rcn>391547432</rcn>
            </region>
          </regions>
        </relations>
      </organization>
      <organization ecContribution="237812.5" order="7" terminated="false" type="participant">
        <availableLanguages readOnly="true">en</availableLanguages>
        <rcn>1905798</rcn>
        <id>999992304</id>
        <legalName>JRC -JOINT RESEARCH CENTRE- EUROPEAN COMMISSION</legalName>
        <shortName>JRC</shortName>
        <address>
          <street>Rue de la Loi 200</street>
          <city>BRUSSELS</city>
          <postalCode>1049</postalCode>
          <country>BE</country>
          <url>http://www.jrc.ec.europa.eu</url>
        </address>
        <departmentName>Management Support Unit</departmentName>
        <relations>
          <categories>
            <category classification="organizationActivityType" type="relatedOrganizationActivityType">
              <availableLanguages readOnly="true">de,en,es,fr,it,pl</availableLanguages>
              <code>/REC</code>
              <title>Research Organisations</title>
            </category>
          </categories>
          <regions>
            <region type="relatedRegion">
              <name>Belgium</name>
              <nutsCode>BE</nutsCode>
              <euCode>BE</euCode>
              <isoCode>BE</isoCode>
              <rcn>188385832</rcn>
            </region>
          </regions>
        </relations>
      </organization>
    <categories>
      <category classification="projectFundingSchemeCategory" type="relatedProjectFundingSchemeCategory">
        <availableLanguages readOnly="true">en</availableLanguages>
        <code>/RIA</code>
        <title>Research and Innovation action</title>
      </category>
    </categories>
