  <rcn>193402</rcn>
  <acronym>SocialCar</acronym>
  <objective>SocialCar is an Intelligent Transport System based on an innovative approach to transport demand management, and more specifically to carpooling in urban and peri-urban areas. 
SocialCar’s main objective is devopping a new communication network for intelligent mobility, sharing information of car-pooling integrated with existing transport and mobility systems. It will be achieved by means of powerful planning algorithms and integration in a liveable environment of big data related to public transport, carpooling and crowdsourcing in order to provide the final user with a simplified travel experience allowing comparison and choice between multiple options/services.
SocialCar will take advantage Social Media to communicate, share information and  provide the best just-in-time notifications to the travellers.
SocialCar will  take advantage of the ever growing connectivity of people and objects and the propagation of Internet services, the potential of Future Internet and the availability of GNSS based location and social media to create an integrated mobility service with the potential to sensibly reduce mobility problems of European citizens.
SocialCar will capitalise on a strong pan European team with a solid background in social, psychological and economic sciences, the involvement of 10 European urban sites will prove the concepts' validity and business case. 

SocialCar General Objectives are to: 
• contribute to the EU2020 targets on energy efficiency and renewable energy sources reducing congestion by improving and maximising connectivity and information in real-time 
• overcoming the limitations of current carpooling practices moving from long trips to effective urban and peri-urban use
• validate green driving support systems, active management based on European GNSS
• identify a suitable big data management architecture for integrating mobility data
• produce a city-based open integrated mobility repository of public transport and traffic city-based data</objective>
  <title>Open social transport network for urban approach to carpooling</title>
      <organization ecContribution="378618" order="3" terminated="false" type="participant">
        <availableLanguages readOnly="true">en</availableLanguages>
        <rcn>1906869</rcn>
        <id>999929448</id>
        <vatNumber>GB267329044</vatNumber>
        <legalName>THE UNIVERSITY COURT OF THE UNIVERSITY OF ABERDEEN</legalName>
        <shortName>UNIABDN</shortName>
        <address>
          <street>KING'S COLLEGE REGENT WALK</street>
          <city>ABERDEEN</city>
          <postalCode>AB24 3FX</postalCode>
          <country>UK</country>
          <url>http://www.abdn.ac.uk</url>
        </address>
        <departmentName>Research and Innovation</departmentName>
        <relations>
          <categories>
            <category classification="organizationActivityType" type="relatedOrganizationActivityType">
              <availableLanguages readOnly="true">de,en,es,fr,it,pl</availableLanguages>
              <code>/HES</code>
              <title>Higher or Secondary Education Establishments</title>
            </category>
          </categories>
          <regions>
            <region type="relatedRegion">
              <name>United Kingdom</name>
              <nutsCode>UK</nutsCode>
              <euCode>UK</euCode>
              <isoCode>GB</isoCode>
              <rcn>508725800</rcn>
            </region>
          </regions>
        </relations>
      </organization>
      <organization ecContribution="0" order="27" terminated="false" type="participant">
        <availableLanguages readOnly="true">en</availableLanguages>
        <rcn>2534124</rcn>
        <id>926171812</id>
        <vatNumber>CHE106619492IVA</vatNumber>
        <legalName>PLANIDEA SA</legalName>
        <shortName>PLANIDEA</shortName>
        <address>
          <street>VIA CAMPAGNA, 22</street>
          <city>Canobbio</city>
          <postalCode>6952</postalCode>
          <country>CH</country>
        </address>
        <relations>
          <categories>
            <category classification="organizationActivityType" type="relatedOrganizationActivityType">
              <availableLanguages readOnly="true">de,en,es,fr,it,pl</availableLanguages>
              <code>/PRC</code>
              <title>Private for-profit entities (excluding Higher or Secondary Education Establishments)</title>
            </category>
          </categories>
          <regions>
            <region type="relatedRegion">
              <name>Switzerland</name>
              <nutsCode>CH</nutsCode>
              <euCode>CH</euCode>
              <isoCode>CH</isoCode>
              <rcn>205949480</rcn>
            </region>
          </regions>
        </relations>
      </organization>
      <organization ecContribution="166136.25" order="23" terminated="false" type="participant">
        <availableLanguages readOnly="true">en</availableLanguages>
        <rcn>1923300</rcn>
        <id>997915728</id>
        <vatNumber>IT02246660985</vatNumber>
        <legalName>BRESCIA MOBILITA SPA - SOCIETA METROPPLITANA DI MOBILITA</legalName>
        <shortName>BRESCIA</shortName>
        <address>
          <street>PIAZZA S PADRE PIO DA PIETRELCINA 1</street>
          <city>BRESCIA</city>
          <postalCode>25123</postalCode>
          <country>IT</country>
        </address>
        <relations>
          <categories>
            <category classification="organizationActivityType" type="relatedOrganizationActivityType">
              <availableLanguages readOnly="true">de,en,es,fr,it,pl</availableLanguages>
              <code>/PRC</code>
              <title>Private for-profit entities (excluding Higher or Secondary Education Establishments)</title>
            </category>
          </categories>
          <regions>
            <region type="relatedRegion">
              <name>Italy</name>
              <nutsCode>IT</nutsCode>
              <euCode>IT</euCode>
              <isoCode>IT</isoCode>
              <rcn>309758504</rcn>
            </region>
          </regions>
        </relations>
      </organization>
      <organization ecContribution="179946" order="17" terminated="false" type="participant">
        <availableLanguages readOnly="true">en</availableLanguages>
        <rcn>2397315</rcn>
        <id>997491935</id>
        <vatNumber>GB714074851</vatNumber>
        <legalName>IBI GROUP (UK) LTD</legalName>
        <shortName>IBI Group</shortName>
        <address>
          <street>Chadsworth House, Wilmslow Road</street>
          <city>Handforth</city>
          <postalCode>SK9 3HP</postalCode>
          <country>UK</country>
        </address>
        <relations>
          <categories>
            <category classification="organizationActivityType" type="relatedOrganizationActivityType">
              <availableLanguages readOnly="true">de,en,es,fr,it,pl</availableLanguages>
              <code>/PRC</code>
              <title>Private for-profit entities (excluding Higher or Secondary Education Establishments)</title>
            </category>
          </categories>
          <regions>
            <region type="relatedRegion">
              <name>United Kingdom</name>
              <nutsCode>UK</nutsCode>
              <euCode>UK</euCode>
              <isoCode>GB</isoCode>
              <rcn>508725800</rcn>
            </region>
          </regions>
        </relations>
      </organization>
      <organization ecContribution="210312.5" order="26" terminated="false" type="participant">
        <availableLanguages readOnly="true">en</availableLanguages>
        <rcn>2397324</rcn>
        <id>951623933</id>
        <vatNumber>GB765029619</vatNumber>
        <legalName>Liftshare.com Ltd</legalName>
        <shortName>Liftshare</shortName>
        <address>
          <street>DUKE STREET 4</street>
          <city>NORWICH</city>
          <postalCode>NR3 3AJ</postalCode>
          <country>UK</country>
        </address>
        <relations>
          <categories>
            <category classification="organizationActivityType" type="relatedOrganizationActivityType">
              <availableLanguages readOnly="true">de,en,es,fr,it,pl</availableLanguages>
              <code>/PRC</code>
              <title>Private for-profit entities (excluding Higher or Secondary Education Establishments)</title>
            </category>
          </categories>
          <regions>
            <region type="relatedRegion">
              <name>United Kingdom</name>
              <nutsCode>UK</nutsCode>
              <euCode>UK</euCode>
              <isoCode>GB</isoCode>
              <rcn>508725800</rcn>
            </region>
          </regions>
        </relations>
      </organization>
      <organization ecContribution="112101" order="14" terminated="false" type="participant">
        <availableLanguages readOnly="true">en</availableLanguages>
        <rcn>1923177</rcn>
        <id>989531727</id>
        <vatNumber>HR61817894937</vatNumber>
        <legalName>GRAD ZAGREB</legalName>
        <shortName>ZAG</shortName>
        <address>
          <street>TRG STJEPANA RADICA 1</street>
          <city>ZAGREB</city>
          <postalCode>10 000</postalCode>
          <country>HR</country>
          <geolocation>45.8009383,15.977167</geolocation>
        </address>
        <departmentName>City Office for Energy</departmentName>
        <departmentName> Environment and Sustainable Developm</departmentName>
        <relations>
          <categories>
            <category classification="organizationActivityType" type="relatedOrganizationActivityType">
              <availableLanguages readOnly="true">de,en,es,fr,it,pl</availableLanguages>
              <code>/PUB</code>
              <title>Public bodies (excluding Research Organisations and Secondary or Higher Education Establishments)</title>
            </category>
          </categories>
          <regions>
            <region type="relatedRegion">
              <name>Croatia</name>
              <nutsCode>HR</nutsCode>
              <euCode>HR</euCode>
              <isoCode>HR</isoCode>
              <rcn>292457000</rcn>
            </region>
          </regions>
        </relations>
      </organization>
      <organization ecContribution="527052.5" order="2" terminated="false" type="participant">
        <availableLanguages readOnly="true">en</availableLanguages>
        <rcn>1907101</rcn>
        <id>998802502</id>
        <vatNumber>EL099785242</vatNumber>
        <legalName>ETHNIKO KENTRO EREVNAS KAI TECHNOLOGIKIS ANAPTYXIS</legalName>
        <shortName>CERTH</shortName>
        <address>
          <street>CHARILAOU THERMI ROAD 6 KM</street>
          <city>THERMI THESSALONIKI</city>
          <postalCode>57001</postalCode>
          <country>EL</country>
          <postBox>000</postBox>
          <url>www.certh.gr</url>
        </address>
        <departmentName>Information Technologies Institute</departmentName>
        <relations>
          <categories>
            <category classification="organizationActivityType" type="relatedOrganizationActivityType">
              <availableLanguages readOnly="true">de,en,es,fr,it,pl</availableLanguages>
              <code>/REC</code>
              <title>Research Organisations</title>
            </category>
          </categories>
          <regions>
            <region type="relatedRegion">
              <name>Greece</name>
              <nutsCode>GR</nutsCode>
              <euCode>EL</euCode>
              <isoCode>GR</isoCode>
              <rcn>240552488</rcn>
            </region>
          </regions>
        </relations>
      </organization>
      <organization ecContribution="90899" order="19" terminated="false" type="participant">
        <availableLanguages readOnly="true">en</availableLanguages>
        <rcn>2397317</rcn>
        <id>936996624</id>
        <vatNumber>NL821077855B01</vatNumber>
        <legalName>STRATEGIC STUFF BV</legalName>
        <shortName>StrategicStuff</shortName>
        <address>
          <street>Van Ostadestraat 363-3</street>
          <city>Amsterdam</city>
          <postalCode>1074 VW</postalCode>
          <country>NL</country>
        </address>
        <relations>
          <categories>
            <category classification="organizationActivityType" type="relatedOrganizationActivityType">
              <availableLanguages readOnly="true">de,en,es,fr,it,pl</availableLanguages>
              <code>/PRC</code>
              <title>Private for-profit entities (excluding Higher or Secondary Education Establishments)</title>
            </category>
          </categories>
          <regions>
            <region type="relatedRegion">
              <name>Netherlands</name>
              <nutsCode>NL</nutsCode>
              <euCode>NL</euCode>
              <isoCode>NL</isoCode>
              <rcn>391547432</rcn>
            </region>
          </regions>
        </relations>
      </organization>
      <organization ecContribution="473596.25" order="9" terminated="false" type="participant">
        <availableLanguages readOnly="true">en</availableLanguages>
        <rcn>2397307</rcn>
        <id>937678049</id>
        <vatNumber>IT05803141000</vatNumber>
        <legalName>MOVENDA SPA</legalName>
        <shortName>MOVENDA SPA</shortName>
        <address>
          <street>VIA PIAN DI SCO 82</street>
          <city>ROME</city>
          <postalCode>00139</postalCode>
          <country>IT</country>
        </address>
        <relations>
          <categories>
            <category classification="organizationActivityType" type="relatedOrganizationActivityType">
              <availableLanguages readOnly="true">de,en,es,fr,it,pl</availableLanguages>
              <code>/PRC</code>
              <title>Private for-profit entities (excluding Higher or Secondary Education Establishments)</title>
            </category>
          </categories>
          <regions>
            <region type="relatedRegion">
              <name>Italy</name>
              <nutsCode>IT</nutsCode>
              <euCode>IT</euCode>
              <isoCode>IT</isoCode>
              <rcn>309758504</rcn>
            </region>
          </regions>
        </relations>
      </organization>
      <organization ecContribution="164007.5" order="12" terminated="false" type="participant">
        <availableLanguages readOnly="true">en</availableLanguages>
        <rcn>2397310</rcn>
        <id>985072249</id>
        <vatNumber>GB663795391</vatNumber>
        <legalName>SOUTH-EAST OF SCOTLAND TRANSPORT PARTNERSHIP</legalName>
        <shortName>SEStran</shortName>
        <address>
          <street>EAST CLAREMONT STREET 130</street>
          <city>EDINBURGH</city>
          <postalCode>EH6 8JY</postalCode>
          <country>UK</country>
        </address>
        <relations>
          <categories>
            <category classification="organizationActivityType" type="relatedOrganizationActivityType">
              <availableLanguages readOnly="true">de,en,es,fr,it,pl</availableLanguages>
              <code>/PUB</code>
              <title>Public bodies (excluding Research Organisations and Secondary or Higher Education Establishments)</title>
            </category>
          </categories>
          <regions>
            <region type="relatedRegion">
              <name>United Kingdom</name>
              <nutsCode>UK</nutsCode>
              <euCode>UK</euCode>
              <isoCode>GB</isoCode>
              <rcn>508725800</rcn>
            </region>
          </regions>
        </relations>
      </organization>
      <organization ecContribution="0" order="22" terminated="true" type="participant">
        <availableLanguages readOnly="true">en</availableLanguages>
        <rcn>1939599</rcn>
        <id>998857792</id>
        <vatNumber>ESG61768230</vatNumber>
        <legalName>FUNDACION  CETEMMSA</legalName>
        <shortName>CET</shortName>
        <address>
          <street>AVINGUDA ERNEST LLUCH 36 PARC CIENTIFIC TECNOCAMPUS</street>
          <city>MATARO</city>
          <postalCode>08302</postalCode>
          <country>ES</country>
          <postBox>000</postBox>
          <url>www.cetemmsa.es</url>
        </address>
        <departmentName>International Projects</departmentName>
        <relations>
          <categories>
            <category classification="organizationActivityType" type="relatedOrganizationActivityType">
              <availableLanguages readOnly="true">de,en,es,fr,it,pl</availableLanguages>
              <code>/REC</code>
              <title>Research Organisations</title>
            </category>
          </categories>
          <regions>
            <region type="relatedRegion">
              <name>Spain</name>
              <nutsCode>ES</nutsCode>
              <euCode>ES</euCode>
              <isoCode>ES</isoCode>
              <rcn>242387496</rcn>
            </region>
          </regions>
        </relations>
      </organization>
      <organization ecContribution="235308" order="24" terminated="false" type="participant">
        <availableLanguages readOnly="true">en</availableLanguages>
        <rcn>2397322</rcn>
        <id>953492735</id>
        <vatNumber>BE0415131393</vatNumber>
        <legalName>TAXISTOP</legalName>
        <shortName>Taxistop</shortName>
        <address>
          <street>KONIGING MARIA HENDRIKAPLEIN 65 B</street>
          <city>GENT</city>
          <postalCode>9000</postalCode>
          <country>BE</country>
        </address>
        <relations>
          <categories>
            <category classification="organizationActivityType" type="relatedOrganizationActivityType">
              <availableLanguages readOnly="true">de,en,es,fr,it,pl</availableLanguages>
              <code>/OTH</code>
              <title>Other</title>
            </category>
          </categories>
          <regions>
            <region type="relatedRegion">
              <name>Belgium</name>
              <nutsCode>BE</nutsCode>
              <euCode>BE</euCode>
              <isoCode>BE</isoCode>
              <rcn>188385832</rcn>
            </region>
          </regions>
        </relations>
      </organization>
      <organization ecContribution="123075" order="25" terminated="false" type="participant">
        <availableLanguages readOnly="true">en</availableLanguages>
        <rcn>1918326</rcn>
        <id>986538792</id>
        <vatNumber>IT00514490010</vatNumber>
        <legalName>COMUNE DI TORINO</legalName>
        <shortName>CDT</shortName>
        <address>
          <street>PIAZZA PALAZZO DI CITTA 1</street>
          <city>TORINO</city>
          <postalCode>10122</postalCode>
          <country>IT</country>
          <url>www.comune.torino.it</url>
        </address>
        <relations>
          <categories>
            <category classification="organizationActivityType" type="relatedOrganizationActivityType">
              <availableLanguages readOnly="true">de,en,es,fr,it,pl</availableLanguages>
              <code>/PUB</code>
              <title>Public bodies (excluding Research Organisations and Secondary or Higher Education Establishments)</title>
            </category>
          </categories>
          <regions>
            <region type="relatedRegion">
              <name>Italy</name>
              <nutsCode>IT</nutsCode>
              <euCode>IT</euCode>
              <isoCode>IT</isoCode>
              <rcn>309758504</rcn>
            </region>
          </regions>
        </relations>
      </organization>
      <organization ecContribution="297171.25" order="6" terminated="false" type="participant">
        <availableLanguages readOnly="true">en</availableLanguages>
        <rcn>2397304</rcn>
        <id>952629338</id>
        <vatNumber>GB229365882</vatNumber>
        <legalName>VECTOS (SOUTH) LIMITED</legalName>
        <shortName>VECTOS</shortName>
        <address>
          <street>TOTTENHAM COURT ROAD 97 NETWORK BUILDING</street>
          <city>LONDON</city>
          <postalCode>WIT 4TP</postalCode>
          <country>UK</country>
        </address>
        <relations>
          <categories>
            <category classification="organizationActivityType" type="relatedOrganizationActivityType">
              <availableLanguages readOnly="true">de,en,es,fr,it,pl</availableLanguages>
              <code>/PRC</code>
              <title>Private for-profit entities (excluding Higher or Secondary Education Establishments)</title>
            </category>
          </categories>
          <regions>
            <region type="relatedRegion">
              <name>United Kingdom</name>
              <nutsCode>UK</nutsCode>
              <euCode>UK</euCode>
              <isoCode>GB</isoCode>
              <rcn>508725800</rcn>
            </region>
          </regions>
        </relations>
      </organization>
      <organization ecContribution="66023" order="20" terminated="false" type="participant">
        <availableLanguages readOnly="true">en</availableLanguages>
        <rcn>2110886</rcn>
        <id>999871927</id>
        <vatNumber>HU15760346</vatNumber>
        <legalName>SOPRONI EGYETEM</legalName>
        <shortName>UWH</shortName>
        <address>
          <street>SOPRON BAJCSY ZSILINSZKY U 4</street>
          <city>SOPRON</city>
          <postalCode>9400</postalCode>
          <country>HU</country>
          <postBox>000</postBox>
          <url>www.nyme.hu</url>
        </address>
        <departmentName>Department of Economics</departmentName>
        <relations>
          <categories>
            <category classification="organizationActivityType" type="relatedOrganizationActivityType">
              <availableLanguages readOnly="true">de,en,es,fr,it,pl</availableLanguages>
              <code>/HES</code>
              <title>Higher or Secondary Education Establishments</title>
            </category>
          </categories>
          <regions>
            <region type="relatedRegion">
              <name>Hungary</name>
              <nutsCode>HU</nutsCode>
              <euCode>HU</euCode>
              <isoCode>HU</isoCode>
              <rcn>293243432</rcn>
            </region>
          </regions>
        </relations>
      </organization>
      <organization ecContribution="565477.5" order="1" terminated="false" type="coordinator">
        <availableLanguages readOnly="true">en</availableLanguages>
        <rcn>2086709</rcn>
        <id>999755721</id>
        <vatNumber>IT05350441001</vatNumber>
        <legalName>FIT CONSULTING SRL</legalName>
        <shortName>FIT</shortName>
        <address>
          <street>VIA ACCIARESI PRIMO 8</street>
          <city>ROMA</city>
          <postalCode>00157</postalCode>
          <country>IT</country>
          <url>www.fitconsulting.it</url>
        </address>
        <relations>
          <categories>
            <category classification="organizationActivityType" type="relatedOrganizationActivityType">
              <availableLanguages readOnly="true">de,en,es,fr,it,pl</availableLanguages>
              <code>/PRC</code>
              <title>Private for-profit entities (excluding Higher or Secondary Education Establishments)</title>
            </category>
          </categories>
          <regions>
            <region type="relatedRegion">
              <name>Italy</name>
              <nutsCode>IT</nutsCode>
              <euCode>IT</euCode>
              <isoCode>IT</isoCode>
              <rcn>309758504</rcn>
            </region>
          </regions>
        </relations>
      </organization>
      <organization ecContribution="195812.5" order="16" terminated="false" type="participant">
        <availableLanguages readOnly="true">en</availableLanguages>
        <rcn>1950130</rcn>
        <id>996031309</id>
        <legalName>TTS Italia</legalName>
        <shortName>TTS</shortName>
        <address>
          <street>Via Flaminia  388</street>
          <city>Roma</city>
          <postalCode>00196</postalCode>
          <country>IT</country>
          <url>www.ttsitalia.it</url>
        </address>
        <relations>
          <categories>
            <category classification="organizationActivityType" type="relatedOrganizationActivityType">
              <availableLanguages readOnly="true">de,en,es,fr,it,pl</availableLanguages>
              <code>/OTH</code>
              <title>Other</title>
            </category>
          </categories>
          <regions>
            <region type="relatedRegion">
              <name>Italy</name>
              <nutsCode>IT</nutsCode>
              <euCode>IT</euCode>
              <isoCode>IT</isoCode>
              <rcn>309758504</rcn>
            </region>
          </regions>
        </relations>
      </organization>
      <organization ecContribution="0" order="10" terminated="true" type="participant">
        <availableLanguages readOnly="true">en</availableLanguages>
        <rcn>2397308</rcn>
        <id>942776951</id>
        <legalName>FONDAZIONE VEL</legalName>
        <shortName>Fondazione VEL</shortName>
        <address>
          <street>VIA ANGELO MASPOLI 15</street>
          <city>MENDRISIO</city>
          <postalCode>6850</postalCode>
          <country>CH</country>
        </address>
        <relations>
          <categories>
            <category classification="organizationActivityType" type="relatedOrganizationActivityType">
              <availableLanguages readOnly="true">de,en,es,fr,it,pl</availableLanguages>
              <code>/OTH</code>
              <title>Other</title>
            </category>
          </categories>
          <regions>
            <region type="relatedRegion">
              <name>Switzerland</name>
              <nutsCode>CH</nutsCode>
              <euCode>CH</euCode>
              <isoCode>CH</isoCode>
              <rcn>205949480</rcn>
            </region>
          </regions>
        </relations>
      </organization>
      <organization ecContribution="339236.25" order="4" terminated="false" type="participant">
        <availableLanguages readOnly="true">en</availableLanguages>
        <rcn>2397302</rcn>
        <id>999718570</id>
        <vatNumber>IT05266690964</vatNumber>
        <legalName>AB.ACUS SRL</legalName>
        <shortName>ABACUS</shortName>
        <address>
          <street>VIA FRANCESCO CARACCIOLO 77</street>
          <city>MILANO</city>
          <postalCode>20155</postalCode>
          <country>IT</country>
        </address>
        <relations>
          <categories>
            <category classification="organizationActivityType" type="relatedOrganizationActivityType">
              <availableLanguages readOnly="true">de,en,es,fr,it,pl</availableLanguages>
              <code>/PRC</code>
              <title>Private for-profit entities (excluding Higher or Secondary Education Establishments)</title>
            </category>
          </categories>
          <regions>
            <region type="relatedRegion">
              <name>Italy</name>
              <nutsCode>IT</nutsCode>
              <euCode>IT</euCode>
              <isoCode>IT</isoCode>
              <rcn>309758504</rcn>
            </region>
          </regions>
        </relations>
      </organization>
      <organization ecContribution="64175" order="22" terminated="false" type="participant">
        <availableLanguages readOnly="true">en</availableLanguages>
        <rcn>2284307</rcn>
        <id>928030235</id>
        <vatNumber>ESG66210345</vatNumber>
        <legalName>FUNDACIO EURECAT</legalName>
        <shortName>EUT</shortName>
        <address>
          <street>AVENIDA UNIVERSITAT AUTONOMA 23</street>
          <city>CERDANYOLA DEL VALLES (BARCELONA)</city>
          <postalCode>08290</postalCode>
          <country>ES</country>
          <url>www.eurecat.org/</url>
        </address>
        <departmentName>Public Programmes Area</departmentName>
        <relations>
          <categories>
            <category classification="organizationActivityType" type="relatedOrganizationActivityType">
              <availableLanguages readOnly="true">de,en,es,fr,it,pl</availableLanguages>
              <code>/REC</code>
              <title>Research Organisations</title>
            </category>
          </categories>
          <regions>
            <region type="relatedRegion">
              <name>Spain</name>
              <nutsCode>ES</nutsCode>
              <euCode>ES</euCode>
              <isoCode>ES</isoCode>
              <rcn>242387496</rcn>
            </region>
          </regions>
        </relations>
      </organization>
      <organization ecContribution="0" order="5" terminated="false" type="participant">
        <availableLanguages readOnly="true">en</availableLanguages>
        <rcn>1908517</rcn>
        <id>999587620</id>
        <vatNumber>CHE108955570IVA</vatNumber>
        <legalName>SCUOLA UNIVERSITARIA PROFESSIONALEDELLA SVIZZERA ITALIANA</legalName>
        <shortName>SUPSI</shortName>
        <address>
          <street>STABILE LE GERRE</street>
          <city>MANNO</city>
          <postalCode>6928</postalCode>
          <country>CH</country>
          <url>www.supsi.ch</url>
        </address>
        <departmentName>IDSIA</departmentName>
        <relations>
          <categories>
            <category classification="organizationActivityType" type="relatedOrganizationActivityType">
              <availableLanguages readOnly="true">de,en,es,fr,it,pl</availableLanguages>
              <code>/HES</code>
              <title>Higher or Secondary Education Establishments</title>
            </category>
          </categories>
          <regions>
            <region type="relatedRegion">
              <name>Switzerland</name>
              <nutsCode>CH</nutsCode>
              <euCode>CH</euCode>
              <isoCode>CH</isoCode>
              <rcn>205949480</rcn>
            </region>
          </regions>
        </relations>
      </organization>
      <organization ecContribution="212562.5" order="7" terminated="false" type="participant">
        <availableLanguages readOnly="true">en</availableLanguages>
        <rcn>2395605</rcn>
        <id>944276474</id>
        <vatNumber>LU26663075</vatNumber>
        <legalName>LUXMOBILITY S.A.R.L.</legalName>
        <shortName>LuxMobility</shortName>
        <address>
          <street>70, Boulevard de la Fraternite</street>
          <city>Luxembourg</city>
          <postalCode>L-1541</postalCode>
          <country>LU</country>
        </address>
        <relations>
          <categories>
            <category classification="organizationActivityType" type="relatedOrganizationActivityType">
              <availableLanguages readOnly="true">de,en,es,fr,it,pl</availableLanguages>
              <code>/PRC</code>
              <title>Private for-profit entities (excluding Higher or Secondary Education Establishments)</title>
            </category>
          </categories>
          <regions>
            <region type="relatedRegion">
              <name>Luxembourg</name>
              <nutsCode>LU</nutsCode>
              <euCode>LU</euCode>
              <isoCode>LU</isoCode>
              <rcn>360352296</rcn>
            </region>
          </regions>
        </relations>
      </organization>
      <organization ecContribution="197125" order="8" terminated="false" type="participant">
        <availableLanguages readOnly="true">en</availableLanguages>
        <rcn>2397306</rcn>
        <id>953552972</id>
        <vatNumber>PL9552109142</vatNumber>
        <legalName>BERMAG GALKIEWICZ I GALKIEWICZ SPOLKA JAWNA</legalName>
        <shortName>Bermag</shortName>
        <address>
          <street>UL 26 KWIETNIA 41/47</street>
          <city>SZCZECIN</city>
          <postalCode>71-126</postalCode>
          <country>PL</country>
        </address>
        <relations>
          <categories>
            <category classification="organizationActivityType" type="relatedOrganizationActivityType">
              <availableLanguages readOnly="true">de,en,es,fr,it,pl</availableLanguages>
              <code>/PRC</code>
              <title>Private for-profit entities (excluding Higher or Secondary Education Establishments)</title>
            </category>
          </categories>
          <regions>
            <region type="relatedRegion">
              <name>Poland</name>
              <nutsCode>PL</nutsCode>
              <euCode>PL</euCode>
              <isoCode>PL</isoCode>
              <rcn>425101864</rcn>
            </region>
          </regions>
        </relations>
      </organization>
      <organization ecContribution="153000" order="13" terminated="false" type="participant">
        <availableLanguages readOnly="true">en</availableLanguages>
        <rcn>2266993</rcn>
        <id>961452361</id>
        <vatNumber>IT80143490581</vatNumber>
        <legalName>REGIONE LAZIO</legalName>
        <shortName>DHLR</shortName>
        <address>
          <street>Via del Giorgione   129</street>
          <city>Roma</city>
          <postalCode>00147</postalCode>
          <country>IT</country>
          <url>http://www.regione.lazio.it/rl_urbanistica/</url>
        </address>
        <departmentName>Regione Lazio - Dip. Istituzionale e Territorio - Dir. Terri</departmentName>
        <relations>
          <categories>
            <category classification="organizationActivityType" type="relatedOrganizationActivityType">
              <availableLanguages readOnly="true">de,en,es,fr,it,pl</availableLanguages>
              <code>/PUB</code>
              <title>Public bodies (excluding Research Organisations and Secondary or Higher Education Establishments)</title>
            </category>
          </categories>
          <regions>
            <region type="relatedRegion">
              <name>Italy</name>
              <nutsCode>IT</nutsCode>
              <euCode>IT</euCode>
              <isoCode>IT</isoCode>
              <rcn>309758504</rcn>
            </region>
          </regions>
        </relations>
      </organization>
      <organization ecContribution="260063" order="21" terminated="false" type="participant">
        <availableLanguages readOnly="true">en</availableLanguages>
        <rcn>2397319</rcn>
        <id>937531288</id>
        <vatNumber>NL821610855B01</vatNumber>
        <legalName>ZIGHT BV</legalName>
        <shortName>Zight B.V.</shortName>
        <address>
          <street>ENKWEG 3</street>
          <city>HOLTEN</city>
          <postalCode>7451 JN</postalCode>
          <country>NL</country>
        </address>
        <relations>
          <categories>
            <category classification="organizationActivityType" type="relatedOrganizationActivityType">
              <availableLanguages readOnly="true">de,en,es,fr,it,pl</availableLanguages>
              <code>/PRC</code>
              <title>Private for-profit entities (excluding Higher or Secondary Education Establishments)</title>
            </category>
          </categories>
          <regions>
            <region type="relatedRegion">
              <name>Netherlands</name>
              <nutsCode>NL</nutsCode>
              <euCode>NL</euCode>
              <isoCode>NL</isoCode>
              <rcn>391547432</rcn>
            </region>
          </regions>
        </relations>
      </organization>
      <organization ecContribution="157011" order="15" terminated="false" type="participant">
        <availableLanguages readOnly="true">en</availableLanguages>
        <rcn>1923198</rcn>
        <id>991581919</id>
        <vatNumber>SI34722645</vatNumber>
        <legalName>PROMETNI INSTITUT LJUBLJANA DOO</legalName>
        <shortName>PIL</shortName>
        <address>
          <street>KOLODVORSKA ULICA 11</street>
          <city>LJUBLJANA</city>
          <postalCode>1000</postalCode>
          <country>SI</country>
          <geolocation>46.0561467,14.5094183</geolocation>
        </address>
        <relations>
          <categories>
            <category classification="organizationActivityType" type="relatedOrganizationActivityType">
              <availableLanguages readOnly="true">de,en,es,fr,it,pl</availableLanguages>
              <code>/PRC</code>
              <title>Private for-profit entities (excluding Higher or Secondary Education Establishments)</title>
            </category>
          </categories>
          <regions>
            <region type="relatedRegion">
              <name>Slovenia</name>
              <nutsCode>SI</nutsCode>
              <euCode>SI</euCode>
              <isoCode>SI</isoCode>
              <rcn>474647080</rcn>
            </region>
          </regions>
        </relations>
      </organization>
      <organization ecContribution="171319" order="18" terminated="false" type="participant">
        <availableLanguages readOnly="true">en</availableLanguages>
        <rcn>2397316</rcn>
        <id>951885833</id>
        <vatNumber>LU16246338</vatNumber>
        <legalName>CONCEPT FACTORY SA</legalName>
        <shortName>Concept Factory</shortName>
        <address>
          <street>RUE DE PONT REMY 21</street>
          <city>LUXEMBOURG</city>
          <postalCode>2423</postalCode>
          <country>LU</country>
        </address>
        <relations>
          <categories>
            <category classification="organizationActivityType" type="relatedOrganizationActivityType">
              <availableLanguages readOnly="true">de,en,es,fr,it,pl</availableLanguages>
              <code>/PRC</code>
              <title>Private for-profit entities (excluding Higher or Secondary Education Establishments)</title>
            </category>
          </categories>
          <regions>
            <region type="relatedRegion">
              <name>Luxembourg</name>
              <nutsCode>LU</nutsCode>
              <euCode>LU</euCode>
              <isoCode>LU</isoCode>
              <rcn>360352296</rcn>
            </region>
          </regions>
        </relations>
      </organization>
      <organization ecContribution="44617.5" order="11" terminated="false" type="participant">
        <availableLanguages readOnly="true">en</availableLanguages>
        <rcn>1939092</rcn>
        <id>989434048</id>
        <vatNumber>MK4030004561156</vatNumber>
        <legalName>CITY OF SKOPJE</legalName>
        <shortName>SKOPJE</shortName>
        <address>
          <street>BOULEVARD ILINDEN 82 SKOPJE CENTER</street>
          <city>SKOPJE</city>
          <postalCode>1000</postalCode>
          <country>MK</country>
          <url>www.skopje.gov.mk</url>
        </address>
        <relations>
          <categories>
            <category classification="organizationActivityType" type="relatedOrganizationActivityType">
              <availableLanguages readOnly="true">de,en,es,fr,it,pl</availableLanguages>
              <code>/PUB</code>
              <title>Public bodies (excluding Research Organisations and Secondary or Higher Education Establishments)</title>
            </category>
          </categories>
          <regions>
            <region type="relatedRegion">
              <name>Former Yugoslav Republic of Macedonia</name>
              <euCode>MK</euCode>
              <rcn>4194</rcn>
            </region>
          </regions>
        </relations>
      </organization>
    <categories>
      <category classification="projectFundingSchemeCategory" type="relatedProjectFundingSchemeCategory">
        <availableLanguages readOnly="true">en</availableLanguages>
        <code>/RIA</code>
        <title>Research and Innovation action</title>
      </category>
    </categories>
