  <rcn>193250</rcn>
  <acronym>DiscardLess</acronym>
  <objective>The European Union has committed to the gradual elimination of discarding. DiscardLess will help provide the knowledge, tools and technologies as well as the involvement of the stakeholders to achieve this. These will be integrated into Discard Mitigation Strategies (DMS) proposing cost-effective solutions at all stages of the seafood supply chain. The first focus is on preventing the unwanted catches from ever being caught. This will promote changes in gear using existing and innovative selectivity technology, and changes in fishing tactics based on fishers’ and scientists’ knowledge.  The second focus is on making best use of the unavoidable unwanted catch. We will detail technical and marketing innovations from the deck, through the supply chain to the final market, including monitoring, traceability and valorization components. DiscardLess will evaluate the impacts of discarding on the marine environment, on the economy, and across the wider society. We will evaluate these impacts before, during and after the implementation of the landing obligation, allowing comparison between intentions and outcomes. Eliminating discards is as much a societal challenge as a fishery management one, so we will also evaluate stakeholders’ perception of discards. DiscardLess will describe the changes in management and the associated governance structures needed to cement the process. We will propose approaches to managing discards in a range of case study fisheries across Europe, encompassing differences in specific discarding issues. All these innovations will be combined in integrated Internet based interactive programs (DMS toolbox) that will help fishers to evaluate the present and future situation and to take a more qualified decision of how to adjust to the new regime.  Also, we will disseminate the outcome of the project and maximize knowledge transfer across Europe through an educational environment – teaching the next generation – as well as more conventional routes.</objective>
  <title>DiscardLess – Strategies for the gradual elimination of discards in European fisheries</title>
      <organization ecContribution="215200" order="30" terminated="false" type="participant">
        <availableLanguages readOnly="true">en</availableLanguages>
        <rcn>2391826</rcn>
        <id>997171253</id>
        <vatNumber>DK27972500</vatNumber>
        <legalName>ALPHAFILM &amp; KOMMUNIKATION APS</legalName>
        <shortName>AlphaFilm</shortName>
        <address>
          <street>ISTEDGADE 85 5 FLOOR</street>
          <city>KOBENHAVN</city>
          <postalCode>1650</postalCode>
          <country>DK</country>
        </address>
        <relations>
          <categories>
            <category classification="organizationActivityType" type="relatedOrganizationActivityType">
              <availableLanguages readOnly="true">de,en,es,fr,it,pl</availableLanguages>
              <code>/PRC</code>
              <title>Private for-profit entities (excluding Higher or Secondary Education Establishments)</title>
            </category>
          </categories>
          <regions>
            <region type="relatedRegion">
              <name>Denmark</name>
              <nutsCode>DK</nutsCode>
              <euCode>DK</euCode>
              <isoCode>DK</isoCode>
              <rcn>223513128</rcn>
            </region>
          </regions>
        </relations>
      </organization>
      <organization ecContribution="194990" order="27" terminated="false" type="participant">
        <availableLanguages readOnly="true">en</availableLanguages>
        <rcn>2391823</rcn>
        <id>946669076</id>
        <vatNumber>IE9792260D</vatNumber>
        <legalName>IRISH OBSERVER NETWORK LIMITED</legalName>
        <shortName>MNRG</shortName>
        <address>
          <street>3 Burton Place, Gardiners Hill</street>
          <city>Cork</city>
          <postalCode>T12</postalCode>
          <country>IE</country>
        </address>
        <relations>
          <categories>
            <category classification="organizationActivityType" type="relatedOrganizationActivityType">
              <availableLanguages readOnly="true">de,en,es,fr,it,pl</availableLanguages>
              <code>/PRC</code>
              <title>Private for-profit entities (excluding Higher or Secondary Education Establishments)</title>
            </category>
          </categories>
          <regions>
            <region type="relatedRegion">
              <name>Ireland</name>
              <nutsCode>IE</nutsCode>
              <euCode>IE</euCode>
              <isoCode>IE</isoCode>
              <rcn>305826344</rcn>
            </region>
          </regions>
        </relations>
      </organization>
      <organization ecContribution="222881" order="26" terminated="false" type="participant">
        <availableLanguages readOnly="true">en</availableLanguages>
        <rcn>1906641</rcn>
        <id>999874643</id>
        <vatNumber>NO970422528MVA</vatNumber>
        <legalName>UNIVERSITETET I TROMSOE</legalName>
        <shortName>UiT</shortName>
        <address>
          <street>HANSINE HANSENS VEG 14</street>
          <city>TROMSO</city>
          <postalCode>9019</postalCode>
          <country>NO</country>
          <postBox>9037</postBox>
          <url>http://uit.no/</url>
        </address>
        <departmentName>Faculty of Science and Technology</departmentName>
        <relations>
          <categories>
            <category classification="organizationActivityType" type="relatedOrganizationActivityType">
              <availableLanguages readOnly="true">de,en,es,fr,it,pl</availableLanguages>
              <code>/HES</code>
              <title>Higher or Secondary Education Establishments</title>
            </category>
          </categories>
          <regions>
            <region type="relatedRegion">
              <name>Norway</name>
              <nutsCode>NO</nutsCode>
              <euCode>NO</euCode>
              <isoCode>NO</isoCode>
              <rcn>392333864</rcn>
            </region>
          </regions>
        </relations>
      </organization>
      <organization ecContribution="195000" order="3" terminated="false" type="participant">
        <availableLanguages readOnly="true">en</availableLanguages>
        <rcn>1910573</rcn>
        <id>999474033</id>
        <vatNumber>ESQ2823001I</vatNumber>
        <legalName>INSTITUTO ESPANOL DE OCEANOGRAFIA</legalName>
        <shortName>IEO</shortName>
        <address>
          <street>CORAZON DE MARIA 8</street>
          <city>MADRID</city>
          <postalCode>28002</postalCode>
          <country>ES</country>
          <url>www.ieo.es</url>
        </address>
        <relations>
          <categories>
            <category classification="organizationActivityType" type="relatedOrganizationActivityType">
              <availableLanguages readOnly="true">de,en,es,fr,it,pl</availableLanguages>
              <code>/REC</code>
              <title>Research Organisations</title>
            </category>
          </categories>
          <regions>
            <region type="relatedRegion">
              <name>Spain</name>
              <nutsCode>ES</nutsCode>
              <euCode>ES</euCode>
              <isoCode>ES</isoCode>
              <rcn>242387496</rcn>
            </region>
          </regions>
        </relations>
      </organization>
      <organization ecContribution="80495" order="10" terminated="false" type="participant">
        <availableLanguages readOnly="true">en</availableLanguages>
        <rcn>1907892</rcn>
        <id>999608281</id>
        <legalName>FOOD AND AGRICULTURE ORGANIZATION OF THE UNITED NATIONS FAO</legalName>
        <shortName>FAO</shortName>
        <address>
          <street>Viale delle Terme di Caracalla</street>
          <city>ROMA</city>
          <postalCode>00153</postalCode>
          <country>IT</country>
          <url>www.fao.org</url>
        </address>
        <relations>
          <categories>
            <category classification="organizationActivityType" type="relatedOrganizationActivityType">
              <availableLanguages readOnly="true">de,en,es,fr,it,pl</availableLanguages>
              <code>/PUB</code>
              <title>Public bodies (excluding Research Organisations and Secondary or Higher Education Establishments)</title>
            </category>
          </categories>
          <regions>
            <region type="relatedRegion">
              <name>Italy</name>
              <nutsCode>IT</nutsCode>
              <euCode>IT</euCode>
              <isoCode>IT</isoCode>
              <rcn>309758504</rcn>
            </region>
          </regions>
        </relations>
      </organization>
      <organization ecContribution="59999" order="22" terminated="false" type="participant">
        <availableLanguages readOnly="true">en</availableLanguages>
        <rcn>2116560</rcn>
        <id>994878076</id>
        <legalName>TRACE Wildlife Forensics Network Limited</legalName>
        <shortName>TRACE</shortName>
        <address>
          <street>HIGH STREET 121 HUGHES PARRY AND CO</street>
          <city>BANGOR GWYNEDD</city>
          <postalCode>LL57 1NT</postalCode>
          <country>UK</country>
          <url>www.tracenetwork.org</url>
        </address>
        <relations>
          <categories>
            <category classification="organizationActivityType" type="relatedOrganizationActivityType">
              <availableLanguages readOnly="true">de,en,es,fr,it,pl</availableLanguages>
              <code>/OTH</code>
              <title>Other</title>
            </category>
          </categories>
          <regions>
            <region type="relatedRegion">
              <name>United Kingdom</name>
              <nutsCode>UK</nutsCode>
              <euCode>UK</euCode>
              <isoCode>GB</isoCode>
              <rcn>508725800</rcn>
            </region>
          </regions>
        </relations>
      </organization>
      <organization ecContribution="70000" order="21" terminated="false" type="participant">
        <availableLanguages readOnly="true">en</availableLanguages>
        <rcn>2391817</rcn>
        <id>938948555</id>
        <vatNumber>PL5862006440</vatNumber>
        <legalName>SHIPCON SP ZOO</legalName>
        <shortName>SHIPCON</shortName>
        <address>
          <street>UL MARYNARKI POLSKIEJ 59</street>
          <city>GDANSK</city>
          <postalCode>80-557</postalCode>
          <country>PL</country>
        </address>
        <relations>
          <categories>
            <category classification="organizationActivityType" type="relatedOrganizationActivityType">
              <availableLanguages readOnly="true">de,en,es,fr,it,pl</availableLanguages>
              <code>/PRC</code>
              <title>Private for-profit entities (excluding Higher or Secondary Education Establishments)</title>
            </category>
          </categories>
          <regions>
            <region type="relatedRegion">
              <name>Poland</name>
              <nutsCode>PL</nutsCode>
              <euCode>PL</euCode>
              <isoCode>PL</isoCode>
              <rcn>425101864</rcn>
            </region>
          </regions>
        </relations>
      </organization>
      <organization ecContribution="150000" order="7" terminated="false" type="participant">
        <availableLanguages readOnly="true">en</availableLanguages>
        <rcn>1911230</rcn>
        <id>999902676</id>
        <legalName>UNIVERSITE DE BRETAGNE OCCIDENTALE</legalName>
        <shortName>UBO</shortName>
        <address>
          <street>RUE DES ARCHIVES 3</street>
          <city>BREST</city>
          <postalCode>29238</postalCode>
          <country>FR</country>
          <postBox>N/A</postBox>
          <url>http://www.univ-brest.fr/</url>
        </address>
        <departmentName>Office of the President</departmentName>
        <relations>
          <categories>
            <category classification="organizationActivityType" type="relatedOrganizationActivityType">
              <availableLanguages readOnly="true">de,en,es,fr,it,pl</availableLanguages>
              <code>/HES</code>
              <title>Higher or Secondary Education Establishments</title>
            </category>
          </categories>
          <regions>
            <region type="relatedRegion">
              <name>France</name>
              <nutsCode>FR</nutsCode>
              <euCode>FR</euCode>
              <isoCode>FR</isoCode>
              <rcn>258902568</rcn>
            </region>
          </regions>
        </relations>
      </organization>
      <organization ecContribution="150250" order="6" terminated="false" type="participant">
        <availableLanguages readOnly="true">en</availableLanguages>
        <rcn>1906270</rcn>
        <id>999991043</id>
        <vatNumber>DK29979812</vatNumber>
        <legalName>KOBENHAVNS UNIVERSITET</legalName>
        <shortName>UCPH</shortName>
        <address>
          <street>NORREGADE 10</street>
          <city>KOBENHAVN</city>
          <postalCode>1165</postalCode>
          <country>DK</country>
          <postBox>000</postBox>
          <url>www.ku.dk</url>
        </address>
        <departmentName>Central Administration</departmentName>
        <departmentName> Accounting Department</departmentName>
        <relations>
          <categories>
            <category classification="organizationActivityType" type="relatedOrganizationActivityType">
              <availableLanguages readOnly="true">de,en,es,fr,it,pl</availableLanguages>
              <code>/HES</code>
              <title>Higher or Secondary Education Establishments</title>
            </category>
          </categories>
          <regions>
            <region type="relatedRegion">
              <name>Denmark</name>
              <nutsCode>DK</nutsCode>
              <euCode>DK</euCode>
              <isoCode>DK</isoCode>
              <rcn>223513128</rcn>
            </region>
          </regions>
        </relations>
      </organization>
      <organization ecContribution="345035" order="19" terminated="false" type="participant">
        <availableLanguages readOnly="true">en</availableLanguages>
        <rcn>1910452</rcn>
        <id>999766100</id>
        <vatNumber>IS92790</vatNumber>
        <legalName>MATIS OHF</legalName>
        <shortName>MATIS</shortName>
        <address>
          <street>VINLANDSLEID 12</street>
          <city>REYKJAVIK</city>
          <postalCode>113</postalCode>
          <country>IS</country>
          <postBox>000</postBox>
          <url>www.matis.is</url>
        </address>
        <relations>
          <categories>
            <category classification="organizationActivityType" type="relatedOrganizationActivityType">
              <availableLanguages readOnly="true">de,en,es,fr,it,pl</availableLanguages>
              <code>/REC</code>
              <title>Research Organisations</title>
            </category>
          </categories>
          <regions>
            <region type="relatedRegion">
              <name>Iceland</name>
              <nutsCode>IS</nutsCode>
              <euCode>IS</euCode>
              <isoCode>IS</isoCode>
              <rcn>309496360</rcn>
            </region>
          </regions>
        </relations>
      </organization>
      <organization ecContribution="69704" order="16" terminated="false" type="participant">
        <availableLanguages readOnly="true">en</availableLanguages>
        <rcn>2391812</rcn>
        <id>949402342</id>
        <vatNumber>FR52424482263</vatNumber>
        <legalName>AQUIMER</legalName>
        <shortName>AQUIMER</shortName>
        <address>
          <street>16 RUE DU COMMANDANT CHARCOT</street>
          <city>BOULOGNE SUR MER</city>
          <postalCode>62200</postalCode>
          <country>FR</country>
        </address>
        <relations>
          <categories>
            <category classification="organizationActivityType" type="relatedOrganizationActivityType">
              <availableLanguages readOnly="true">de,en,es,fr,it,pl</availableLanguages>
              <code>/OTH</code>
              <title>Other</title>
            </category>
          </categories>
          <regions>
            <region type="relatedRegion">
              <name>France</name>
              <nutsCode>FR</nutsCode>
              <euCode>FR</euCode>
              <isoCode>FR</isoCode>
              <rcn>258902568</rcn>
            </region>
          </regions>
        </relations>
      </organization>
      <organization ecContribution="50000" order="13" terminated="false" type="participant">
        <availableLanguages readOnly="true">en</availableLanguages>
        <rcn>2391809</rcn>
        <id>947638009</id>
        <legalName>SAFETYNET TECHNOLOGIES LIMITED</legalName>
        <shortName>SNTech</shortName>
        <address>
          <street>NORTH HOUSE 198 HIGH STREET</street>
          <city>TONBRIDGE</city>
          <postalCode>TN9 1BE</postalCode>
          <country>UK</country>
        </address>
        <relations>
          <categories>
            <category classification="organizationActivityType" type="relatedOrganizationActivityType">
              <availableLanguages readOnly="true">de,en,es,fr,it,pl</availableLanguages>
              <code>/PRC</code>
              <title>Private for-profit entities (excluding Higher or Secondary Education Establishments)</title>
            </category>
          </categories>
          <regions>
            <region type="relatedRegion">
              <name>United Kingdom</name>
              <nutsCode>UK</nutsCode>
              <euCode>UK</euCode>
              <isoCode>GB</isoCode>
              <rcn>508725800</rcn>
            </region>
          </regions>
        </relations>
      </organization>
      <organization ecContribution="60000" order="18" terminated="false" type="participant">
        <availableLanguages readOnly="true">en</availableLanguages>
        <rcn>1906475</rcn>
        <id>999904713</id>
        <vatNumber>GB888800181</vatNumber>
        <legalName>THE SECRETARY OF STATE FOR ENVIRONMENT, FOOD AND RURAL AFFAIRS</legalName>
        <shortName>DEFRA</shortName>
        <address>
          <street>Area 1A, Nobel House, Smith Square 17</street>
          <city>LONDON</city>
          <postalCode>SW1P 3JR</postalCode>
          <country>UK</country>
          <url>www.defra.gov.uk</url>
        </address>
        <departmentName>Food and Environment Research Agency</departmentName>
        <relations>
          <categories>
            <category classification="organizationActivityType" type="relatedOrganizationActivityType">
              <availableLanguages readOnly="true">de,en,es,fr,it,pl</availableLanguages>
              <code>/PUB</code>
              <title>Public bodies (excluding Research Organisations and Secondary or Higher Education Establishments)</title>
            </category>
          </categories>
          <regions>
            <region type="relatedRegion">
              <name>United Kingdom</name>
              <nutsCode>UK</nutsCode>
              <euCode>UK</euCode>
              <isoCode>GB</isoCode>
              <rcn>508725800</rcn>
            </region>
          </regions>
        </relations>
      </organization>
      <organization ecContribution="275000" order="14" terminated="false" type="participant">
        <availableLanguages readOnly="true">en</availableLanguages>
        <rcn>1908429</rcn>
        <id>999522824</id>
        <vatNumber>IE6600338L</vatNumber>
        <legalName>MARINE INSTITUTE</legalName>
        <shortName>MI</shortName>
        <address>
          <street>Rinville, Oranmore</street>
          <city>GALWAY</city>
          <postalCode>-</postalCode>
          <country>IE</country>
          <url>www.marine.ie</url>
        </address>
        <departmentName>Corporate Services</departmentName>
        <relations>
          <categories>
            <category classification="organizationActivityType" type="relatedOrganizationActivityType">
              <availableLanguages readOnly="true">de,en,es,fr,it,pl</availableLanguages>
              <code>/REC</code>
              <title>Research Organisations</title>
            </category>
          </categories>
          <regions>
            <region type="relatedRegion">
              <name>Ireland</name>
              <nutsCode>IE</nutsCode>
              <euCode>IE</euCode>
              <isoCode>IE</isoCode>
              <rcn>305826344</rcn>
            </region>
          </regions>
        </relations>
      </organization>
      <organization ecContribution="340013" order="9" terminated="false" type="participant">
        <availableLanguages readOnly="true">en</availableLanguages>
        <rcn>1910454</rcn>
        <id>999835358</id>
        <vatNumber>GB888842551</vatNumber>
        <legalName>MARINE SCOTLAND</legalName>
        <shortName>MSS</shortName>
        <address>
          <street>VICTORIA ROAD 375</street>
          <city>ABERDEEN</city>
          <postalCode>AB119DB</postalCode>
          <country>UK</country>
          <postBox>101</postBox>
          <url>www.scotland.gov.uk/marinescotland</url>
        </address>
        <relations>
          <categories>
            <category classification="organizationActivityType" type="relatedOrganizationActivityType">
              <availableLanguages readOnly="true">de,en,es,fr,it,pl</availableLanguages>
              <code>/PUB</code>
              <title>Public bodies (excluding Research Organisations and Secondary or Higher Education Establishments)</title>
            </category>
          </categories>
          <regions>
            <region type="relatedRegion">
              <name>United Kingdom</name>
              <nutsCode>UK</nutsCode>
              <euCode>UK</euCode>
              <isoCode>GB</isoCode>
              <rcn>508725800</rcn>
            </region>
          </regions>
        </relations>
      </organization>
      <organization ecContribution="45110" order="24" terminated="false" type="participant">
        <availableLanguages readOnly="true">en</availableLanguages>
        <rcn>2391820</rcn>
        <id>946795564</id>
        <vatNumber>ESA48032072</vatNumber>
        <legalName>BARNA SA</legalName>
        <shortName>BARNA</shortName>
        <address>
          <street>CTRA DE BERMEO S/N</street>
          <city>MUNDAKA</city>
          <postalCode>48360</postalCode>
          <country>ES</country>
        </address>
        <relations>
          <categories>
            <category classification="organizationActivityType" type="relatedOrganizationActivityType">
              <availableLanguages readOnly="true">de,en,es,fr,it,pl</availableLanguages>
              <code>/PRC</code>
              <title>Private for-profit entities (excluding Higher or Secondary Education Establishments)</title>
            </category>
          </categories>
          <regions>
            <region type="relatedRegion">
              <name>Spain</name>
              <nutsCode>ES</nutsCode>
              <euCode>ES</euCode>
              <isoCode>ES</isoCode>
              <rcn>242387496</rcn>
            </region>
          </regions>
        </relations>
      </organization>
      <organization ecContribution="15000" order="11" terminated="false" type="participant">
        <availableLanguages readOnly="true">en</availableLanguages>
        <rcn>2391807</rcn>
        <id>938869209</id>
        <vatNumber>ESB53026357</vatNumber>
        <legalName>SIMRAD SPAIN SLU</legalName>
        <shortName>Simrad</shortName>
        <address>
          <street>Poligono Industrial Partida del Torres, 38</street>
          <city>Villajoyosa</city>
          <postalCode>03570</postalCode>
          <country>ES</country>
        </address>
        <relations>
          <categories>
            <category classification="organizationActivityType" type="relatedOrganizationActivityType">
              <availableLanguages readOnly="true">de,en,es,fr,it,pl</availableLanguages>
              <code>/PRC</code>
              <title>Private for-profit entities (excluding Higher or Secondary Education Establishments)</title>
            </category>
          </categories>
          <regions>
            <region type="relatedRegion">
              <name>Spain</name>
              <nutsCode>ES</nutsCode>
              <euCode>ES</euCode>
              <isoCode>ES</isoCode>
              <rcn>242387496</rcn>
            </region>
          </regions>
        </relations>
      </organization>
      <organization ecContribution="225000" order="17" terminated="false" type="participant">
        <availableLanguages readOnly="true">en</availableLanguages>
        <rcn>1908089</rcn>
        <id>999451529</id>
        <vatNumber>PT502776463</vatNumber>
        <legalName>IMAR- INSTITUTO DO MAR</legalName>
        <shortName>IMAR-UAz</shortName>
        <address>
          <street>RUA PROF DR FREDERICO MACHADO 4 DEPARTAMENTO DE OCEANOGRAFIA E PESCAS UNIV DOS ACORES</street>
          <city>HORTA</city>
          <postalCode>9900 138</postalCode>
          <country>PT</country>
          <url>www.imar.pt</url>
        </address>
        <departmentName>IMAR center at the Azores University</departmentName>
        <relations>
          <categories>
            <category classification="organizationActivityType" type="relatedOrganizationActivityType">
              <availableLanguages readOnly="true">de,en,es,fr,it,pl</availableLanguages>
              <code>/REC</code>
              <title>Research Organisations</title>
            </category>
          </categories>
          <regions>
            <region type="relatedRegion">
              <name>Portugal</name>
              <nutsCode>PT</nutsCode>
              <euCode>PT</euCode>
              <isoCode>PT</isoCode>
              <rcn>427199016</rcn>
            </region>
          </regions>
        </relations>
      </organization>
      <organization ecContribution="75000" order="28" terminated="false" type="participant">
        <availableLanguages readOnly="true">en</availableLanguages>
        <rcn>2391824</rcn>
        <id>938949137</id>
        <vatNumber>BE0829979807</vatNumber>
        <legalName>FISHFIX</legalName>
        <shortName>FishFix</shortName>
        <address>
          <street>RUE CAMILLE LEMONNIER 76</street>
          <city>BRUSSEL</city>
          <postalCode>1050</postalCode>
          <country>BE</country>
        </address>
        <relations>
          <categories>
            <category classification="organizationActivityType" type="relatedOrganizationActivityType">
              <availableLanguages readOnly="true">de,en,es,fr,it,pl</availableLanguages>
              <code>/PRC</code>
              <title>Private for-profit entities (excluding Higher or Secondary Education Establishments)</title>
            </category>
          </categories>
          <regions>
            <region type="relatedRegion">
              <name>Belgium</name>
              <nutsCode>BE</nutsCode>
              <euCode>BE</euCode>
              <isoCode>BE</isoCode>
              <rcn>188385832</rcn>
            </region>
          </regions>
        </relations>
      </organization>
      <organization ecContribution="15175" order="20" terminated="false" type="participant">
        <availableLanguages readOnly="true">en</availableLanguages>
        <rcn>1920171</rcn>
        <id>954036420</id>
        <vatNumber>IS96520</vatNumber>
        <legalName>MAREL HF</legalName>
        <shortName>MAREL</shortName>
        <address>
          <street>AUSTURHRAUNI 9</street>
          <city>GARDABAER</city>
          <postalCode>210</postalCode>
          <country>IS</country>
          <url>www.marel.com</url>
        </address>
        <relations>
          <categories>
            <category classification="organizationActivityType" type="relatedOrganizationActivityType">
              <availableLanguages readOnly="true">de,en,es,fr,it,pl</availableLanguages>
              <code>/PRC</code>
              <title>Private for-profit entities (excluding Higher or Secondary Education Establishments)</title>
            </category>
          </categories>
          <regions>
            <region type="relatedRegion">
              <name>Iceland</name>
              <nutsCode>IS</nutsCode>
              <euCode>IS</euCode>
              <isoCode>IS</isoCode>
              <rcn>309496360</rcn>
            </region>
          </regions>
        </relations>
      </organization>
      <organization ecContribution="195000" order="15" terminated="false" type="participant">
        <availableLanguages readOnly="true">en</availableLanguages>
        <rcn>2391811</rcn>
        <id>934783763</id>
        <vatNumber>EL099074524</vatNumber>
        <legalName>IOANNA N.ARGYROU SIMBOULOI EPICHEIR ISIAKIS ANAPTYXIS ETAIREIA PERIORISMENIS EYTHYNIS</legalName>
        <shortName>NAYS Ltd</shortName>
        <address>
          <street>73 Eleftheriou Venizelou Avenue</street>
          <city>Kallithea</city>
          <postalCode>17671</postalCode>
          <country>EL</country>
        </address>
        <relations>
          <categories>
            <category classification="organizationActivityType" type="relatedOrganizationActivityType">
              <availableLanguages readOnly="true">de,en,es,fr,it,pl</availableLanguages>
              <code>/PRC</code>
              <title>Private for-profit entities (excluding Higher or Secondary Education Establishments)</title>
            </category>
          </categories>
          <regions>
            <region type="relatedRegion">
              <name>Greece</name>
              <nutsCode>GR</nutsCode>
              <euCode>EL</euCode>
              <isoCode>GR</isoCode>
              <rcn>240552488</rcn>
            </region>
          </regions>
        </relations>
      </organization>
      <organization ecContribution="39913" order="8" terminated="false" type="participant">
        <availableLanguages readOnly="true">en</availableLanguages>
        <rcn>1910461</rcn>
        <id>983354476</id>
        <vatNumber>GB356040083</vatNumber>
        <legalName>SEA FISH INDUSTRY AUTHORITY</legalName>
        <shortName>SEAFISH</shortName>
        <address>
          <street>Logie Mill, Logie Green Road 18</street>
          <city>EDINBURG</city>
          <postalCode>EH7 4HG</postalCode>
          <country>UK</country>
          <url>www.seafish.org</url>
        </address>
        <relations>
          <categories>
            <category classification="organizationActivityType" type="relatedOrganizationActivityType">
              <availableLanguages readOnly="true">de,en,es,fr,it,pl</availableLanguages>
              <code>/REC</code>
              <title>Research Organisations</title>
            </category>
          </categories>
          <regions>
            <region type="relatedRegion">
              <name>United Kingdom</name>
              <nutsCode>UK</nutsCode>
              <euCode>UK</euCode>
              <isoCode>GB</isoCode>
              <rcn>508725800</rcn>
            </region>
          </regions>
        </relations>
      </organization>
      <organization ecContribution="880903" order="1" terminated="false" type="coordinator">
        <availableLanguages readOnly="true">en</availableLanguages>
        <rcn>1905565</rcn>
        <id>999990655</id>
        <vatNumber>DK30060946</vatNumber>
        <legalName>DANMARKS TEKNISKE UNIVERSITET</legalName>
        <shortName>DTU</shortName>
        <address>
          <street>ANKER ENGELUNDSVEJ 1 BYGNING 101 A</street>
          <city>KGS LYNGBY</city>
          <postalCode>2800</postalCode>
          <country>DK</country>
          <postBox>N/A</postBox>
          <url>www.dtu.dk</url>
        </address>
        <departmentName>Department of Photonics Engineering</departmentName>
        <relations>
          <categories>
            <category classification="organizationActivityType" type="relatedOrganizationActivityType">
              <availableLanguages readOnly="true">de,en,es,fr,it,pl</availableLanguages>
              <code>/HES</code>
              <title>Higher or Secondary Education Establishments</title>
            </category>
          </categories>
          <regions>
            <region type="relatedRegion">
              <name>Denmark</name>
              <nutsCode>DK</nutsCode>
              <euCode>DK</euCode>
              <isoCode>DK</isoCode>
              <rcn>223513128</rcn>
            </region>
          </regions>
        </relations>
      </organization>
      <organization ecContribution="275000" order="2" terminated="false" type="participant">
        <availableLanguages readOnly="true">en</availableLanguages>
        <rcn>1907847</rcn>
        <id>999630300</id>
        <vatNumber>FR46330715368</vatNumber>
        <legalName>INSTITUT FRANCAIS DE RECHERCHE POUR L'EXPLOITATION DE LA MER</legalName>
        <shortName>IFREMER</shortName>
        <address>
          <street>155 rue Jean Jacques Rousseau</street>
          <city>ISSY-LES-MOULINEAUX</city>
          <postalCode>92138</postalCode>
          <country>FR</country>
          <url>http://www.ifremer.fr</url>
        </address>
        <relations>
          <categories>
            <category classification="organizationActivityType" type="relatedOrganizationActivityType">
              <availableLanguages readOnly="true">de,en,es,fr,it,pl</availableLanguages>
              <code>/REC</code>
              <title>Research Organisations</title>
            </category>
          </categories>
          <regions>
            <region type="relatedRegion">
              <name>France</name>
              <nutsCode>FR</nutsCode>
              <euCode>FR</euCode>
              <isoCode>FR</isoCode>
              <rcn>258902568</rcn>
            </region>
          </regions>
        </relations>
      </organization>
      <organization ecContribution="45063" order="25" terminated="false" type="participant">
        <availableLanguages readOnly="true">en</availableLanguages>
        <rcn>1911046</rcn>
        <id>999763190</id>
        <vatNumber>BE464648806</vatNumber>
        <legalName>NUTRITION SCIENCES NV</legalName>
        <shortName>NS</shortName>
        <address>
          <street>BOOIEBOS  5</street>
          <city>DRONGEN</city>
          <postalCode>9031</postalCode>
          <country>BE</country>
          <url>www.vitamex.com</url>
        </address>
        <relations>
          <categories>
            <category classification="organizationActivityType" type="relatedOrganizationActivityType">
              <availableLanguages readOnly="true">de,en,es,fr,it,pl</availableLanguages>
              <code>/PRC</code>
              <title>Private for-profit entities (excluding Higher or Secondary Education Establishments)</title>
            </category>
          </categories>
          <regions>
            <region type="relatedRegion">
              <name>Belgium</name>
              <nutsCode>BE</nutsCode>
              <euCode>BE</euCode>
              <isoCode>BE</isoCode>
              <rcn>188385832</rcn>
            </region>
          </regions>
        </relations>
      </organization>
      <organization ecContribution="540250" order="23" terminated="false" type="participant">
        <availableLanguages readOnly="true">en</availableLanguages>
        <rcn>1911340</rcn>
        <id>999514385</id>
        <vatNumber>ESG48939508</vatNumber>
        <legalName>FUNDACION AZTI - AZTI FUNDAZIOA</legalName>
        <shortName>AZTI</shortName>
        <address>
          <street>TXATXARRAMENDI UGARTEA Z/G</street>
          <city>SUKARRIETA</city>
          <postalCode>48395</postalCode>
          <country>ES</country>
          <postBox>000</postBox>
          <url>www.azti.es</url>
        </address>
        <relations>
          <categories>
            <category classification="organizationActivityType" type="relatedOrganizationActivityType">
              <availableLanguages readOnly="true">de,en,es,fr,it,pl</availableLanguages>
              <code>/REC</code>
              <title>Research Organisations</title>
            </category>
          </categories>
          <regions>
            <region type="relatedRegion">
              <name>Spain</name>
              <nutsCode>ES</nutsCode>
              <euCode>ES</euCode>
              <isoCode>ES</isoCode>
              <rcn>242387496</rcn>
            </region>
          </regions>
        </relations>
      </organization>
      <organization ecContribution="60000" order="29" terminated="false" type="participant">
        <availableLanguages readOnly="true">en</availableLanguages>
        <rcn>1911258</rcn>
        <id>995278007</id>
        <vatNumber>FR24130005127</vatNumber>
        <legalName>INSTITUT SUPERIEUR DES SCIENCES AGRONOMIQUES, AGROALIMENTAIRES, HORTICOLES ET DU PAYSAGE</legalName>
        <shortName>AO</shortName>
        <address>
          <street>RUE DE SAINT BRIEUC 65</street>
          <city>RENNES</city>
          <postalCode>35042</postalCode>
          <country>FR</country>
          <postBox>CS 84215</postBox>
        </address>
        <relations>
          <categories>
            <category classification="organizationActivityType" type="relatedOrganizationActivityType">
              <availableLanguages readOnly="true">de,en,es,fr,it,pl</availableLanguages>
              <code>/HES</code>
              <title>Higher or Secondary Education Establishments</title>
            </category>
          </categories>
          <regions>
            <region type="relatedRegion">
              <name>France</name>
              <nutsCode>FR</nutsCode>
              <euCode>FR</euCode>
              <isoCode>FR</isoCode>
              <rcn>258902568</rcn>
            </region>
          </regions>
        </relations>
      </organization>
      <organization ecContribution="0" order="31" terminated="false" type="participant">
        <availableLanguages readOnly="true">en</availableLanguages>
        <rcn>2122425</rcn>
        <id>998908426</id>
        <legalName>Memorial University of Newfoundland</legalName>
        <shortName>MI-CSAR</shortName>
        <address>
          <street>ELIZABETH AVENUE</street>
          <city>ST JOHN S</city>
          <postalCode>AIC 5SZ</postalCode>
          <country>CA</country>
        </address>
        <relations>
          <categories>
            <category classification="organizationActivityType" type="relatedOrganizationActivityType">
              <availableLanguages readOnly="true">de,en,es,fr,it,pl</availableLanguages>
              <code>/HES</code>
              <title>Higher or Secondary Education Establishments</title>
            </category>
          </categories>
          <regions>
            <region type="relatedRegion">
              <name>Canada</name>
              <nutsCode>CA</nutsCode>
              <euCode>CA</euCode>
              <isoCode>CA</isoCode>
              <rcn>204114472</rcn>
            </region>
          </regions>
        </relations>
      </organization>
      <organization ecContribution="14900" order="12" terminated="false" type="participant">
        <availableLanguages readOnly="true">en</availableLanguages>
        <rcn>2391808</rcn>
        <id>938856211</id>
        <vatNumber>IS011422</vatNumber>
        <legalName>HAMPIDJAN HF</legalName>
        <shortName>Hampidjan</shortName>
        <address>
          <street>SKARFAGOROUM 4</street>
          <city>REYKJAVIK</city>
          <postalCode>104</postalCode>
          <country>IS</country>
        </address>
        <relations>
          <categories>
            <category classification="organizationActivityType" type="relatedOrganizationActivityType">
              <availableLanguages readOnly="true">de,en,es,fr,it,pl</availableLanguages>
              <code>/PRC</code>
              <title>Private for-profit entities (excluding Higher or Secondary Education Establishments)</title>
            </category>
          </categories>
          <regions>
            <region type="relatedRegion">
              <name>Iceland</name>
              <nutsCode>IS</nutsCode>
              <euCode>IS</euCode>
              <isoCode>IS</isoCode>
              <rcn>309496360</rcn>
            </region>
          </regions>
        </relations>
      </organization>
      <organization ecContribution="15004" order="4" terminated="false" type="participant">
        <availableLanguages readOnly="true">en</availableLanguages>
        <rcn>1906559</rcn>
        <id>999974456</id>
        <vatNumber>NO874789542MVA</vatNumber>
        <legalName>UNIVERSITETET I BERGEN</legalName>
        <shortName>UiB</shortName>
        <address>
          <street>MUSEPLASSEN 1</street>
          <city>BERGEN</city>
          <postalCode>5020</postalCode>
          <country>NO</country>
          <postBox>N/A</postBox>
          <url>www.uib.no</url>
        </address>
        <departmentName>Department of Research Management</departmentName>
        <relations>
          <categories>
            <category classification="organizationActivityType" type="relatedOrganizationActivityType">
              <availableLanguages readOnly="true">de,en,es,fr,it,pl</availableLanguages>
              <code>/HES</code>
              <title>Higher or Secondary Education Establishments</title>
            </category>
          </categories>
          <regions>
            <region type="relatedRegion">
              <name>Norway</name>
              <nutsCode>NO</nutsCode>
              <euCode>NO</euCode>
              <isoCode>NO</isoCode>
              <rcn>392333864</rcn>
            </region>
          </regions>
        </relations>
      </organization>
      <organization ecContribution="80115" order="5" terminated="false" type="participant">
        <availableLanguages readOnly="true">en</availableLanguages>
        <rcn>1906107</rcn>
        <id>999974068</id>
        <vatNumber>GB261339762</vatNumber>
        <legalName>UNIVERSITY OF STRATHCLYDE</legalName>
        <shortName>USTRATH</shortName>
        <address>
          <street>Richmond Street 16</street>
          <city>GLASGOW</city>
          <postalCode>G1 1XQ</postalCode>
          <country>UK</country>
          <postBox>N/A</postBox>
          <url>www.strath.ac.uk</url>
        </address>
        <departmentName>Research and Knowledge Exchange Services</departmentName>
        <relations>
          <categories>
            <category classification="organizationActivityType" type="relatedOrganizationActivityType">
              <availableLanguages readOnly="true">de,en,es,fr,it,pl</availableLanguages>
              <code>/HES</code>
              <title>Higher or Secondary Education Establishments</title>
            </category>
          </categories>
          <regions>
            <region type="relatedRegion">
              <name>United Kingdom</name>
              <nutsCode>UK</nutsCode>
              <euCode>UK</euCode>
              <isoCode>GB</isoCode>
              <rcn>508725800</rcn>
            </region>
          </regions>
        </relations>
      </organization>
    <categories>
      <category classification="projectFundingSchemeCategory" type="relatedProjectFundingSchemeCategory">
        <availableLanguages readOnly="true">en</availableLanguages>
        <code>/RIA</code>
        <title>Research and Innovation action</title>
      </category>
    </categories>
