  <rcn>193352</rcn>
  <acronym>SENSKIN</acronym>
  <objective>Structural Health Monitoring (SHM) is expected to play a predominant role in the management of the transport infrastructure. Yet, SHM techniques continue to rely on point-based, as opposed to spatial, sensing requiring a dense network of these point-sensors increasing considerably the monitoring cost. Additionally, commercially available, strain sensors cannot measure strains beyond 1% to 2% and, thus, are not able to provide an alarm for an imminent catastrophe.
SENSKIN aims to:
(a) develop a dielectric-elastomer and micro-electronics-based skin-like sensing solution for the structural monitoring of the transport infrastructure that will offer spatial sensing of reversible (repeated) strains in the range of 0.012% to more than 10%, that requires little power to operate, is easy to install on an irregular surface, is low cost compared to existing sensors, allows simple signal processing and includes the ability of self-monitoring and self-reporting.
(b) use the new and emerging technology of Delay Tolerant Network to secure that strain measurements acquired through the 'sensing skin' will reach the base station even under extreme environmental conditions and natural disaster events such as, high winds or an earthquake, where some communication networks could become inoperable. 
(c) develop a Decision-Support-System for proactive condition-based structural intervention under operating loads and intervention after extreme events. It will be based on an accurate structural assessment based on input from the strain sensors in (a) above and will examine the life-cycle economic, social and environmental implications of the feasible rehabilitation options and the resilience of the infrastructure to future changes in traffic demand that these options offer.
(d) implement the above in the case of bridges and test, refine, evaluate and benchmark  the monitoring system (integrated a and b) and package (integrated a, b and c) on actual bridges.</objective>
  <title>' SENsing SKIN'  for Monitoring-Based Maintenance of the Transport Infrastructure (SENSKIN)</title>
      <organization ecContribution="186000" order="3" terminated="false" type="participant">
        <availableLanguages readOnly="true">en</availableLanguages>
        <rcn>1913699</rcn>
        <id>998770880</id>
        <vatNumber>EL094449128</vatNumber>
        <legalName>EGNATIA ODOS AE</legalName>
        <shortName>EOAE</shortName>
        <address>
          <street>CHLM THESSALONIKIS-THERMIS 6</street>
          <city>THESSALONIKI</city>
          <postalCode>57001</postalCode>
          <country>EL</country>
          <url>http://www.egnatia.gr/</url>
        </address>
        <departmentName>Maintenance Department/Structure &amp; Environment Maintenance</departmentName>
        <relations>
          <categories>
            <category classification="organizationActivityType" type="relatedOrganizationActivityType">
              <availableLanguages readOnly="true">de,en,es,fr,it,pl</availableLanguages>
              <code>/PRC</code>
              <title>Private for-profit entities (excluding Higher or Secondary Education Establishments)</title>
            </category>
          </categories>
          <regions>
            <region type="relatedRegion">
              <name>Greece</name>
              <nutsCode>GR</nutsCode>
              <euCode>EL</euCode>
              <isoCode>GR</isoCode>
              <rcn>240552488</rcn>
            </region>
          </regions>
        </relations>
      </organization>
      <organization ecContribution="536375" order="9" terminated="false" type="participant">
        <availableLanguages readOnly="true">en</availableLanguages>
        <rcn>1906186</rcn>
        <id>999475585</id>
        <vatNumber>GB664625321</vatNumber>
        <legalName>TRL LIMITED</legalName>
        <shortName>TRL LIMITED</shortName>
        <address>
          <street>Crowthorne House Nine Mile Ride</street>
          <city>WOKINGHAM BERKSHIRE</city>
          <postalCode>RG40 3GA</postalCode>
          <country>UK</country>
          <url>www.trl.co.uk</url>
        </address>
        <relations>
          <categories>
            <category classification="organizationActivityType" type="relatedOrganizationActivityType">
              <availableLanguages readOnly="true">de,en,es,fr,it,pl</availableLanguages>
              <code>/REC</code>
              <title>Research Organisations</title>
            </category>
          </categories>
          <regions>
            <region type="relatedRegion">
              <name>United Kingdom</name>
              <nutsCode>UK</nutsCode>
              <euCode>UK</euCode>
              <isoCode>GB</isoCode>
              <rcn>508725800</rcn>
            </region>
          </regions>
        </relations>
      </organization>
      <organization ecContribution="284968.75" order="7" terminated="false" type="participant">
        <availableLanguages readOnly="true">en</availableLanguages>
        <rcn>1906170</rcn>
        <id>998808419</id>
        <vatNumber>EL094494530</vatNumber>
        <legalName>MISTRAS GROUP HELLAS ANONYMOS BIOMICHANIKI KAI EMPORIKI ETAIREIA</legalName>
        <shortName>Mistras</shortName>
        <address>
          <street>EL VENIZELOU 7</street>
          <city>ATHINA</city>
          <postalCode>14452</postalCode>
          <country>EL</country>
          <url>www.envirocoustics.gr</url>
        </address>
        <relations>
          <categories>
            <category classification="organizationActivityType" type="relatedOrganizationActivityType">
              <availableLanguages readOnly="true">de,en,es,fr,it,pl</availableLanguages>
              <code>/PRC</code>
              <title>Private for-profit entities (excluding Higher or Secondary Education Establishments)</title>
            </category>
          </categories>
          <regions>
            <region type="relatedRegion">
              <name>Greece</name>
              <nutsCode>GR</nutsCode>
              <euCode>EL</euCode>
              <isoCode>GR</isoCode>
              <rcn>240552488</rcn>
            </region>
          </regions>
        </relations>
      </organization>
      <organization ecContribution="335625" order="4" terminated="false" type="participant">
        <availableLanguages readOnly="true">en</availableLanguages>
        <rcn>2059535</rcn>
        <id>999512930</id>
        <vatNumber>DE136736020</vatNumber>
        <legalName>RISA SICHERHEITSANALYSEN GMBH</legalName>
        <shortName>RISA</shortName>
        <address>
          <street>XANTENER STRASSE 11</street>
          <city>BERLIN</city>
          <postalCode>10707</postalCode>
          <country>DE</country>
          <url>www.risa.de</url>
        </address>
        <relations>
          <categories>
            <category classification="organizationActivityType" type="relatedOrganizationActivityType">
              <availableLanguages readOnly="true">de,en,es,fr,it,pl</availableLanguages>
              <code>/PRC</code>
              <title>Private for-profit entities (excluding Higher or Secondary Education Establishments)</title>
            </category>
          </categories>
          <regions>
            <region type="relatedRegion">
              <name>Germany</name>
              <nutsCode>DE</nutsCode>
              <euCode>DE</euCode>
              <isoCode>DE</isoCode>
              <rcn>221940264</rcn>
            </region>
          </regions>
        </relations>
      </organization>
      <organization ecContribution="75128.6" order="6" terminated="true" type="participant">
        <availableLanguages readOnly="true">en</availableLanguages>
        <rcn>1906427</rcn>
        <id>999659109</id>
        <vatNumber>EL090028889</vatNumber>
        <legalName>DEMOCRITUS UNIVERSITY OF THRACE</legalName>
        <shortName>DUTH</shortName>
        <address>
          <street>PANEPISTIMIOUPOLI RECTORATE BUILDING</street>
          <city>KOMOTINI</city>
          <postalCode>69100</postalCode>
          <country>EL</country>
          <postBox>000</postBox>
          <url>www.duth.gr</url>
        </address>
        <departmentName>School of Medicine</departmentName>
        <relations>
          <categories>
            <category classification="organizationActivityType" type="relatedOrganizationActivityType">
              <availableLanguages readOnly="true">de,en,es,fr,it,pl</availableLanguages>
              <code>/HES</code>
              <title>Higher or Secondary Education Establishments</title>
            </category>
          </categories>
          <regions>
            <region type="relatedRegion">
              <name>Greece</name>
              <nutsCode>GR</nutsCode>
              <euCode>EL</euCode>
              <isoCode>GR</isoCode>
              <rcn>240552488</rcn>
            </region>
          </regions>
        </relations>
      </organization>
      <organization ecContribution="280875" order="5" terminated="false" type="participant">
        <availableLanguages readOnly="true">en</availableLanguages>
        <rcn>2059539</rcn>
        <id>999516131</id>
        <vatNumber>IT00930861000</vatNumber>
        <legalName>T.E.C.N.I.C. TECNICHE E CONSULENZENELL'INGEGNERIA CIVILE-CONSULTING ENGINEERS-SPA</legalName>
        <shortName>TECNIC</shortName>
        <address>
          <street>VIA PANAMA 86A</street>
          <city>ROMA</city>
          <postalCode>00198</postalCode>
          <country>IT</country>
          <url>www.tecnic-spa.it</url>
        </address>
        <departmentName>TECNIC SPA</departmentName>
        <relations>
          <categories>
            <category classification="organizationActivityType" type="relatedOrganizationActivityType">
              <availableLanguages readOnly="true">de,en,es,fr,it,pl</availableLanguages>
              <code>/PRC</code>
              <title>Private for-profit entities (excluding Higher or Secondary Education Establishments)</title>
            </category>
          </categories>
          <regions>
            <region type="relatedRegion">
              <name>Italy</name>
              <nutsCode>IT</nutsCode>
              <euCode>IT</euCode>
              <isoCode>IT</isoCode>
              <rcn>309758504</rcn>
            </region>
          </regions>
        </relations>
      </organization>
      <organization ecContribution="143838.13" order="11" terminated="false" type="participant">
        <availableLanguages readOnly="true">en</availableLanguages>
        <rcn>1906180</rcn>
        <id>999496828</id>
        <vatNumber>BE472087221</vatNumber>
        <legalName>FORUM DES LABORATOIRES NATIONAUX EUROPEENS DE RECHERCHE ROUTIERE</legalName>
        <shortName>FEHRL</shortName>
        <address>
          <street>Boulevard de la Woluwe  42</street>
          <city>Brussels</city>
          <postalCode>1200</postalCode>
          <country>BE</country>
          <url>www.fehrl.org</url>
        </address>
        <relations>
          <categories>
            <category classification="organizationActivityType" type="relatedOrganizationActivityType">
              <availableLanguages readOnly="true">de,en,es,fr,it,pl</availableLanguages>
              <code>/REC</code>
              <title>Research Organisations</title>
            </category>
          </categories>
          <regions>
            <region type="relatedRegion">
              <name>Belgium</name>
              <nutsCode>BE</nutsCode>
              <euCode>BE</euCode>
              <isoCode>BE</isoCode>
              <rcn>188385832</rcn>
            </region>
          </regions>
        </relations>
      </organization>
      <organization ecContribution="569687.5" order="2" terminated="false" type="participant">
        <availableLanguages readOnly="true">en</availableLanguages>
        <rcn>1908936</rcn>
        <id>999854855</id>
        <vatNumber>DE138408327</vatNumber>
        <legalName>UNIVERSITAET POTSDAM</legalName>
        <shortName>UP</shortName>
        <address>
          <street>AM NEUEN PALAIS  10</street>
          <city>POTSDAM</city>
          <postalCode>14469</postalCode>
          <country>DE</country>
          <url>www.uni-potsdam.de</url>
        </address>
        <departmentName>Dezernat 1</departmentName>
        <relations>
          <categories>
            <category classification="organizationActivityType" type="relatedOrganizationActivityType">
              <availableLanguages readOnly="true">de,en,es,fr,it,pl</availableLanguages>
              <code>/HES</code>
              <title>Higher or Secondary Education Establishments</title>
            </category>
          </categories>
          <regions>
            <region type="relatedRegion">
              <name>Germany</name>
              <nutsCode>DE</nutsCode>
              <euCode>DE</euCode>
              <isoCode>DE</isoCode>
              <rcn>221940264</rcn>
            </region>
          </regions>
        </relations>
      </organization>
      <organization ecContribution="258750" order="12" terminated="false" type="participant">
        <availableLanguages readOnly="true">en</availableLanguages>
        <rcn>2396674</rcn>
        <id>951978080</id>
        <vatNumber>DE210243841</vatNumber>
        <legalName>TELETRONIC ROSSENDORF GMBH</legalName>
        <shortName>TTronic</shortName>
        <address>
          <street>BAUTZNER LANDSTRASSE 45</street>
          <city>RADEBERG</city>
          <postalCode>01454</postalCode>
          <country>DE</country>
        </address>
        <relations>
          <categories>
            <category classification="organizationActivityType" type="relatedOrganizationActivityType">
              <availableLanguages readOnly="true">de,en,es,fr,it,pl</availableLanguages>
              <code>/PRC</code>
              <title>Private for-profit entities (excluding Higher or Secondary Education Establishments)</title>
            </category>
          </categories>
          <regions>
            <region type="relatedRegion">
              <name>Germany</name>
              <nutsCode>DE</nutsCode>
              <euCode>DE</euCode>
              <isoCode>DE</isoCode>
              <rcn>221940264</rcn>
            </region>
          </regions>
        </relations>
      </organization>
      <organization ecContribution="67187.5" order="13" terminated="false" type="participant">
        <availableLanguages readOnly="true">en</availableLanguages>
        <rcn>2205313</rcn>
        <id>952546306</id>
        <vatNumber>TR5230028459</vatNumber>
        <legalName>KARAYOLLARI GENEL MUDURLUGU</legalName>
        <shortName>KGM</shortName>
        <address>
          <street>INONU BULVARI 14</street>
          <city>YUCETEPE ANKARA</city>
          <postalCode>06100</postalCode>
          <country>TR</country>
          <url>www.kgm.gov.tr</url>
        </address>
        <relations>
          <categories>
            <category classification="organizationActivityType" type="relatedOrganizationActivityType">
              <availableLanguages readOnly="true">de,en,es,fr,it,pl</availableLanguages>
              <code>/REC</code>
              <title>Research Organisations</title>
            </category>
          </categories>
          <regions>
            <region type="relatedRegion">
              <name>Turkey</name>
              <nutsCode>TR</nutsCode>
              <euCode>TR</euCode>
              <isoCode>TR</isoCode>
              <rcn>493783592</rcn>
            </region>
          </regions>
        </relations>
      </organization>
      <organization ecContribution="45200" order="10" terminated="false" type="participant">
        <availableLanguages readOnly="true">en</availableLanguages>
        <rcn>1940884</rcn>
        <id>986547037</id>
        <legalName>STATE ENTERPRISE STATE ROAD SCIENTIFIC RESEARCH INSTITUTE NAMED AFTER M. P. SHULGIN</legalName>
        <shortName>DNDI</shortName>
        <address>
          <street>PEREMOGY AVENUE 57</street>
          <city>KYIV</city>
          <postalCode>03113</postalCode>
          <country>UA</country>
        </address>
        <relations>
          <categories>
            <category classification="organizationActivityType" type="relatedOrganizationActivityType">
              <availableLanguages readOnly="true">de,en,es,fr,it,pl</availableLanguages>
              <code>/PRC</code>
              <title>Private for-profit entities (excluding Higher or Secondary Education Establishments)</title>
            </category>
          </categories>
          <regions>
            <region type="relatedRegion">
              <name>Ukraine</name>
              <nutsCode>UA</nutsCode>
              <euCode>UA</euCode>
              <isoCode>UA</isoCode>
              <rcn>506104360</rcn>
            </region>
          </regions>
        </relations>
      </organization>
      <organization ecContribution="326625" order="8" terminated="false" type="participant">
        <availableLanguages readOnly="true">en</availableLanguages>
        <rcn>1905614</rcn>
        <id>999974747</id>
        <vatNumber>DE147794196</vatNumber>
        <legalName>UNIVERSITAET STUTTGART</legalName>
        <shortName>USTUTT</shortName>
        <address>
          <street>KEPLERSTRASSE 7</street>
          <city>STUTTGART</city>
          <postalCode>70174</postalCode>
          <country>DE</country>
          <postBox>N/A</postBox>
          <url>www.uni-stuttgart.de</url>
        </address>
        <departmentName>Institut fuer Strahlwerkzeuge</departmentName>
        <relations>
          <categories>
            <category classification="organizationActivityType" type="relatedOrganizationActivityType">
              <availableLanguages readOnly="true">de,en,es,fr,it,pl</availableLanguages>
              <code>/HES</code>
              <title>Higher or Secondary Education Establishments</title>
            </category>
          </categories>
          <regions>
            <region type="relatedRegion">
              <name>Germany</name>
              <nutsCode>DE</nutsCode>
              <euCode>DE</euCode>
              <isoCode>DE</isoCode>
              <rcn>221940264</rcn>
            </region>
          </regions>
        </relations>
      </organization>
      <organization ecContribution="592093.65" order="1" terminated="false" type="coordinator">
        <availableLanguages readOnly="true">en</availableLanguages>
        <rcn>1917133</rcn>
        <id>999654356</id>
        <vatNumber>EL090162593</vatNumber>
        <legalName>INSTITUTE OF COMMUNICATION AND COMPUTER SYSTEMS</legalName>
        <shortName>ICCS</shortName>
        <address>
          <street>Patission Str. 42</street>
          <city>ATHINA</city>
          <postalCode>10682</postalCode>
          <country>EL</country>
          <url>www.iccs.gr</url>
        </address>
        <departmentName>INFORMATION MANAGEMENT UNIT</departmentName>
        <relations>
          <categories>
            <category classification="organizationActivityType" type="relatedOrganizationActivityType">
              <availableLanguages readOnly="true">de,en,es,fr,it,pl</availableLanguages>
              <code>/REC</code>
              <title>Research Organisations</title>
            </category>
          </categories>
          <regions>
            <region type="relatedRegion">
              <name>Greece</name>
              <nutsCode>GR</nutsCode>
              <euCode>EL</euCode>
              <isoCode>GR</isoCode>
              <rcn>240552488</rcn>
            </region>
          </regions>
        </relations>
      </organization>
      <organization ecContribution="180687.5" order="14" terminated="false" type="participant">
        <availableLanguages readOnly="true">en</availableLanguages>
        <rcn>3098413</rcn>
        <id>915868569</id>
        <vatNumber>EL099457572</vatNumber>
        <legalName>ENVIRONMENTAL RELIABILITY AND RISK ANALYSIS</legalName>
        <shortName>ERRA</shortName>
        <address>
          <street>LEOFOROS SYGGROY 67 KAI ZAN MOREAS 40</street>
          <city>ATHENS</city>
          <postalCode>11745</postalCode>
          <country>EL</country>
        </address>
        <relations>
          <categories>
            <category classification="organizationActivityType" type="relatedOrganizationActivityType">
              <availableLanguages readOnly="true">de,en,es,fr,it,pl</availableLanguages>
              <code>/PRC</code>
              <title>Private for-profit entities (excluding Higher or Secondary Education Establishments)</title>
            </category>
          </categories>
          <regions>
            <region type="relatedRegion">
              <name>Greece</name>
              <nutsCode>GR</nutsCode>
              <euCode>EL</euCode>
              <isoCode>GR</isoCode>
              <rcn>240552488</rcn>
            </region>
          </regions>
        </relations>
      </organization>
    <categories>
      <category classification="projectFundingSchemeCategory" type="relatedProjectFundingSchemeCategory">
        <availableLanguages readOnly="true">en</availableLanguages>
        <code>/RIA</code>
        <title>Research and Innovation action</title>
      </category>
    </categories>
