  <rcn>193345</rcn>
  <acronym>PROTEIN2FOOD</acronym>
  <objective>PROTEIN2FOOD’s aim is to develop innovative, cost-effective and resource-efficient plant proteins –rich food sources with positive impact on human health, the environment and biodiversity. The quality and quantity of protein from selected highly nutritious seed crops (quinoa, amaranth and buckwheat), and legumes with high protein quantity (lupin, faba beans, pea, chickpea, lentil) will be significantly enhanced  by using a multi-disciplinary approach that will include genetic, agronomic, food process engineering, sensory, socio-economic,  and environmental assessment.

Research is expected to improve the quality of plant proteins, produced in Europe, and of the sustainability of their production and processing. Through a better understanding of the: i) genetic mechanisms driving the protein formation and accumulation in the seed, ii) plant performance towards biotic and abiotic stresses, and iii) protein interactions with other components in the food matrix and its sensory repercussions in the final food products, this research should lead to the development of adapted plant protein sources with positive impact on environment and biodiversity as well as human health. 

Expected results in the project are: i) enhance the protein production by 25% through new effective breeding techniques and optimised crop management with an increase by 10% of the EU’s arable land destined to protein-crop production, using also marginal soils, ii) accelerate protein transition from animal-based protein to plant based protein in Europe with clear impact on reduction of carbon footprint, iii) increase EU agro-biodiversity by introducing promising high quality crops and legumes. Further, activities will support the prototypes of new protein-rich-protein food with exceptional market potential. Finally, we will improve the EU’s visibility in the area of food processing and technology through high impact factors scientific publications.</objective>
  <title>Development of high quality food protein through sustainable production and processing</title>
      <organization ecContribution="250675" order="12" terminated="false" type="participant">
        <availableLanguages readOnly="true">en</availableLanguages>
        <rcn>2379899</rcn>
        <id>952952057</id>
        <vatNumber>RO22386388</vatNumber>
        <legalName>FUNDATIA SATEAN</legalName>
        <shortName>FUNDATIA SATEAN</shortName>
        <address>
          <street>STR TRANSILVANIEI 1 CLADIREA GBS ET 4</street>
          <city>BRAILA</city>
          <postalCode>810008</postalCode>
          <country>RO</country>
        </address>
        <relations>
          <categories>
            <category classification="organizationActivityType" type="relatedOrganizationActivityType">
              <availableLanguages readOnly="true">de,en,es,fr,it,pl</availableLanguages>
              <code>/OTH</code>
              <title>Other</title>
            </category>
          </categories>
          <regions>
            <region type="relatedRegion">
              <name>Romania</name>
              <nutsCode>RO</nutsCode>
              <euCode>RO</euCode>
              <isoCode>RO</isoCode>
              <rcn>459442728</rcn>
            </region>
          </regions>
        </relations>
      </organization>
      <organization ecContribution="61953.75" order="14" terminated="false" type="participant">
        <availableLanguages readOnly="true">en</availableLanguages>
        <rcn>2396566</rcn>
        <id>937705209</id>
        <vatNumber>NL818035481B01</vatNumber>
        <legalName>MARIET FOOD HOLLAND</legalName>
        <shortName>MFH-Pulses</shortName>
        <address>
          <street>MOLENSTRAAT 94</street>
          <city>FIJNAART</city>
          <postalCode>4793 RC</postalCode>
          <country>NL</country>
        </address>
        <relations>
          <categories>
            <category classification="organizationActivityType" type="relatedOrganizationActivityType">
              <availableLanguages readOnly="true">de,en,es,fr,it,pl</availableLanguages>
              <code>/PRC</code>
              <title>Private for-profit entities (excluding Higher or Secondary Education Establishments)</title>
            </category>
          </categories>
          <regions>
            <region type="relatedRegion">
              <name>Netherlands</name>
              <nutsCode>NL</nutsCode>
              <euCode>NL</euCode>
              <isoCode>NL</isoCode>
              <rcn>391547432</rcn>
            </region>
          </regions>
        </relations>
      </organization>
      <organization ecContribution="233750" order="8" terminated="false" type="participant">
        <availableLanguages readOnly="true">en</availableLanguages>
        <rcn>2013443</rcn>
        <id>997430631</id>
        <vatNumber>PL7390504515</vatNumber>
        <legalName>Instytut Rozrodu Zwierzat i Badan Zywnosci Polskiej Akademii Nauk</legalName>
        <shortName>IAR &amp; FR</shortName>
        <address>
          <street>TUWIMA 10</street>
          <city>OLSZTYN</city>
          <postalCode>10748</postalCode>
          <country>PL</country>
          <url>www.pan.olsztyn.pl</url>
        </address>
        <relations>
          <categories>
            <category classification="organizationActivityType" type="relatedOrganizationActivityType">
              <availableLanguages readOnly="true">de,en,es,fr,it,pl</availableLanguages>
              <code>/REC</code>
              <title>Research Organisations</title>
            </category>
          </categories>
          <regions>
            <region type="relatedRegion">
              <name>Poland</name>
              <nutsCode>PL</nutsCode>
              <euCode>PL</euCode>
              <isoCode>PL</isoCode>
              <rcn>425101864</rcn>
            </region>
          </regions>
        </relations>
      </organization>
      <organization ecContribution="113093.75" order="16" terminated="false" type="participant">
        <availableLanguages readOnly="true">en</availableLanguages>
        <rcn>2125419</rcn>
        <id>998916186</id>
        <vatNumber>IE6379185J</vatNumber>
        <legalName>CYBERCOLLOIDS LIMITED</legalName>
        <shortName>CC</shortName>
        <address>
          <street>STRANDHAVEN</street>
          <city>CARRIGALINE</city>
          <postalCode>CORK</postalCode>
          <country>IE</country>
          <url>www.cybercolloids.net</url>
        </address>
        <relations>
          <categories>
            <category classification="organizationActivityType" type="relatedOrganizationActivityType">
              <availableLanguages readOnly="true">de,en,es,fr,it,pl</availableLanguages>
              <code>/PRC</code>
              <title>Private for-profit entities (excluding Higher or Secondary Education Establishments)</title>
            </category>
          </categories>
          <regions>
            <region type="relatedRegion">
              <name>Ireland</name>
              <nutsCode>IE</nutsCode>
              <euCode>IE</euCode>
              <isoCode>IE</isoCode>
              <rcn>305826344</rcn>
            </region>
          </regions>
        </relations>
      </organization>
      <organization ecContribution="256062.5" order="11" terminated="false" type="participant">
        <availableLanguages readOnly="true">en</availableLanguages>
        <rcn>2396563</rcn>
        <id>989089989</id>
        <legalName>UNIVERSIDAD NACIONAL AGRARIA LA MOLINA</legalName>
        <shortName>Universidad</shortName>
        <address>
          <street>AVENIDA LA MOLINA SN</street>
          <city>LIMA</city>
          <postalCode>12</postalCode>
          <country>PE</country>
        </address>
        <relations>
          <categories>
            <category classification="organizationActivityType" type="relatedOrganizationActivityType">
              <availableLanguages readOnly="true">de,en,es,fr,it,pl</availableLanguages>
              <code>/HES</code>
              <title>Higher or Secondary Education Establishments</title>
            </category>
          </categories>
          <regions>
            <region type="relatedRegion">
              <name>Peru</name>
              <nutsCode>PE</nutsCode>
              <euCode>PE</euCode>
              <isoCode>PE</isoCode>
              <rcn>423266856</rcn>
            </region>
          </regions>
        </relations>
      </organization>
      <organization ecContribution="192500" order="19" terminated="false" type="participant">
        <availableLanguages readOnly="true">en</availableLanguages>
        <rcn>2396571</rcn>
        <id>938029383</id>
        <vatNumber>NL852097980B01</vatNumber>
        <legalName>NATURECROPS EUROPE BV</legalName>
        <shortName>NATURECROPS</shortName>
        <address>
          <street>VASTELAND 78</street>
          <city>ROTTERDAM</city>
          <postalCode>3011 BN</postalCode>
          <country>NL</country>
        </address>
        <relations>
          <categories>
            <category classification="organizationActivityType" type="relatedOrganizationActivityType">
              <availableLanguages readOnly="true">de,en,es,fr,it,pl</availableLanguages>
              <code>/PRC</code>
              <title>Private for-profit entities (excluding Higher or Secondary Education Establishments)</title>
            </category>
          </categories>
          <regions>
            <region type="relatedRegion">
              <name>Netherlands</name>
              <nutsCode>NL</nutsCode>
              <euCode>NL</euCode>
              <isoCode>NL</isoCode>
              <rcn>391547432</rcn>
            </region>
          </regions>
        </relations>
      </organization>
      <organization ecContribution="715426.25" order="3" terminated="false" type="participant">
        <availableLanguages readOnly="true">en</availableLanguages>
        <rcn>1905912</rcn>
        <id>999984059</id>
        <vatNumber>DE129515865</vatNumber>
        <legalName>FRAUNHOFER GESELLSCHAFT ZUR FOERDERUNG DER ANGEWANDTEN FORSCHUNG E.V.</legalName>
        <shortName>Fraunhofer</shortName>
        <address>
          <street>HANSASTRASSE 27C</street>
          <city>MUNCHEN</city>
          <postalCode>80686</postalCode>
          <country>DE</country>
          <postBox>000</postBox>
          <url>www.fraunhofer.de</url>
        </address>
        <departmentName>Integrated Project Management</departmentName>
        <relations>
          <categories>
            <category classification="organizationActivityType" type="relatedOrganizationActivityType">
              <availableLanguages readOnly="true">de,en,es,fr,it,pl</availableLanguages>
              <code>/REC</code>
              <title>Research Organisations</title>
            </category>
          </categories>
          <regions>
            <region type="relatedRegion">
              <name>Germany</name>
              <nutsCode>DE</nutsCode>
              <euCode>DE</euCode>
              <isoCode>DE</isoCode>
              <rcn>221940264</rcn>
            </region>
          </regions>
        </relations>
      </organization>
      <organization ecContribution="2385697.5" order="1" terminated="false" type="coordinator">
        <availableLanguages readOnly="true">en</availableLanguages>
        <rcn>1906270</rcn>
        <id>999991043</id>
        <vatNumber>DK29979812</vatNumber>
        <legalName>KOBENHAVNS UNIVERSITET</legalName>
        <shortName>UCPH</shortName>
        <address>
          <street>NORREGADE 10</street>
          <city>KOBENHAVN</city>
          <postalCode>1165</postalCode>
          <country>DK</country>
          <postBox>000</postBox>
          <url>www.ku.dk</url>
        </address>
        <departmentName>Central Administration</departmentName>
        <departmentName> Accounting Department</departmentName>
        <relations>
          <categories>
            <category classification="organizationActivityType" type="relatedOrganizationActivityType">
              <availableLanguages readOnly="true">de,en,es,fr,it,pl</availableLanguages>
              <code>/HES</code>
              <title>Higher or Secondary Education Establishments</title>
            </category>
          </categories>
          <regions>
            <region type="relatedRegion">
              <name>Denmark</name>
              <nutsCode>DK</nutsCode>
              <euCode>DK</euCode>
              <isoCode>DK</isoCode>
              <rcn>223513128</rcn>
            </region>
          </regions>
        </relations>
      </organization>
      <organization ecContribution="149500" order="10" terminated="false" type="participant">
        <availableLanguages readOnly="true">en</availableLanguages>
        <rcn>1907546</rcn>
        <id>999856601</id>
        <legalName>MAKERERE UNIVERSITY</legalName>
        <shortName>MU</shortName>
        <address>
          <street>Main Campus</street>
          <city>KAMPALA</city>
          <postalCode>256</postalCode>
          <country>UG</country>
          <postBox>PO BOX 7072</postBox>
        </address>
        <departmentName>Faculty of Computing and Information Technology</departmentName>
        <relations>
          <categories>
            <category classification="organizationActivityType" type="relatedOrganizationActivityType">
              <availableLanguages readOnly="true">de,en,es,fr,it,pl</availableLanguages>
              <code>/HES</code>
              <title>Higher or Secondary Education Establishments</title>
            </category>
          </categories>
          <regions>
            <region type="relatedRegion">
              <name>Uganda</name>
              <nutsCode>UG</nutsCode>
              <euCode>UG</euCode>
              <isoCode>UG</isoCode>
              <rcn>507677224</rcn>
            </region>
          </regions>
        </relations>
      </organization>
      <organization ecContribution="135312.5" order="15" terminated="false" type="participant">
        <availableLanguages readOnly="true">en</availableLanguages>
        <rcn>2396567</rcn>
        <id>938125025</id>
        <vatNumber>DE263984055</vatNumber>
        <legalName>PROLUPIN GMBH</legalName>
        <shortName>Prolupin GmbH</shortName>
        <address>
          <street>TRIBSEESER CHAUSSEE 1</street>
          <city>GRIMMEN</city>
          <postalCode>18507</postalCode>
          <country>DE</country>
        </address>
        <relations>
          <categories>
            <category classification="organizationActivityType" type="relatedOrganizationActivityType">
              <availableLanguages readOnly="true">de,en,es,fr,it,pl</availableLanguages>
              <code>/PRC</code>
              <title>Private for-profit entities (excluding Higher or Secondary Education Establishments)</title>
            </category>
          </categories>
          <regions>
            <region type="relatedRegion">
              <name>Germany</name>
              <nutsCode>DE</nutsCode>
              <euCode>DE</euCode>
              <isoCode>DE</isoCode>
              <rcn>221940264</rcn>
            </region>
          </regions>
        </relations>
      </organization>
      <organization ecContribution="462000" order="7" terminated="false" type="participant">
        <availableLanguages readOnly="true">en</availableLanguages>
        <rcn>1906405</rcn>
        <id>999887350</id>
        <vatNumber>SE202100281701</vatNumber>
        <legalName>SVERIGES LANTBRUKSUNIVERSITET</legalName>
        <shortName>SLU</shortName>
        <address>
          <street>ALMAS ALLE 8</street>
          <city>UPPSALA</city>
          <postalCode>750 07</postalCode>
          <country>SE</country>
          <postBox>7070</postBox>
          <url>http://www.slu.se</url>
        </address>
        <departmentName>SLU University Library</departmentName>
        <relations>
          <categories>
            <category classification="organizationActivityType" type="relatedOrganizationActivityType">
              <availableLanguages readOnly="true">de,en,es,fr,it,pl</availableLanguages>
              <code>/HES</code>
              <title>Higher or Secondary Education Establishments</title>
            </category>
          </categories>
          <regions>
            <region type="relatedRegion">
              <name>Sweden</name>
              <nutsCode>SE</nutsCode>
              <euCode>SE</euCode>
              <isoCode>SE</isoCode>
              <rcn>473598504</rcn>
            </region>
          </regions>
        </relations>
      </organization>
      <organization ecContribution="384125" order="6" terminated="false" type="participant">
        <availableLanguages readOnly="true">en</availableLanguages>
        <rcn>1907238</rcn>
        <id>999703826</id>
        <vatNumber>DE143446610</vatNumber>
        <legalName>IFEU - INSTITUT FUR ENERGIE UND UMWELTFORSCHUNG HEIDELBERG GMBH</legalName>
        <shortName>IFEU</shortName>
        <address>
          <street>IM WEIHER 10</street>
          <city>HEIDELBERG</city>
          <postalCode>69121</postalCode>
          <country>DE</country>
          <url>www.ifeu.de</url>
        </address>
        <relations>
          <categories>
            <category classification="organizationActivityType" type="relatedOrganizationActivityType">
              <availableLanguages readOnly="true">de,en,es,fr,it,pl</availableLanguages>
              <code>/REC</code>
              <title>Research Organisations</title>
            </category>
          </categories>
          <regions>
            <region type="relatedRegion">
              <name>Germany</name>
              <nutsCode>DE</nutsCode>
              <euCode>DE</euCode>
              <isoCode>DE</isoCode>
              <rcn>221940264</rcn>
            </region>
          </regions>
        </relations>
      </organization>
      <organization ecContribution="456275" order="9" terminated="false" type="participant">
        <availableLanguages readOnly="true">en</availableLanguages>
        <rcn>1914389</rcn>
        <id>998530417</id>
        <vatNumber>NL005182736B01</vatNumber>
        <legalName>LOUIS BOLK INSTITUUT</legalName>
        <shortName>LOUISBOLK</shortName>
        <address>
          <street>HOOFDSTRAAT  24</street>
          <city>DRIEBERGEN RIJSENBURG</city>
          <postalCode>3972 LA</postalCode>
          <country>NL</country>
          <url>www.louisbolk.nl</url>
        </address>
        <relations>
          <categories>
            <category classification="organizationActivityType" type="relatedOrganizationActivityType">
              <availableLanguages readOnly="true">de,en,es,fr,it,pl</availableLanguages>
              <code>/REC</code>
              <title>Research Organisations</title>
            </category>
          </categories>
          <regions>
            <region type="relatedRegion">
              <name>Netherlands</name>
              <nutsCode>NL</nutsCode>
              <euCode>NL</euCode>
              <isoCode>NL</isoCode>
              <rcn>391547432</rcn>
            </region>
          </regions>
        </relations>
      </organization>
      <organization ecContribution="628253.75" order="2" terminated="false" type="participant">
        <availableLanguages readOnly="true">en</availableLanguages>
        <rcn>1905609</rcn>
        <id>999979500</id>
        <vatNumber>IT02118311006</vatNumber>
        <legalName>CONSIGLIO NAZIONALE DELLE RICERCHE</legalName>
        <shortName>CNR</shortName>
        <address>
          <street>PIAZZALE ALDO MORO 7</street>
          <city>ROMA</city>
          <postalCode>00185</postalCode>
          <country>IT</country>
          <postBox>N/A</postBox>
          <url>www.cnr.it</url>
        </address>
        <departmentName>CNR/ISTI/Signals and Images Laboratory</departmentName>
        <relations>
          <categories>
            <category classification="organizationActivityType" type="relatedOrganizationActivityType">
              <availableLanguages readOnly="true">de,en,es,fr,it,pl</availableLanguages>
              <code>/REC</code>
              <title>Research Organisations</title>
            </category>
          </categories>
          <regions>
            <region type="relatedRegion">
              <name>Italy</name>
              <nutsCode>IT</nutsCode>
              <euCode>IT</euCode>
              <isoCode>IT</isoCode>
              <rcn>309758504</rcn>
            </region>
          </regions>
        </relations>
      </organization>
      <organization ecContribution="146457.5" order="17" terminated="false" type="participant">
        <availableLanguages readOnly="true">en</availableLanguages>
        <rcn>2396569</rcn>
        <id>952486942</id>
        <vatNumber>FR29753377019</vatNumber>
        <legalName>NOVOLYZE</legalName>
        <shortName>Novolyze</shortName>
        <address>
          <street>50 RUE DE DIJON</street>
          <city>DAIX</city>
          <postalCode>21121</postalCode>
          <country>FR</country>
        </address>
        <relations>
          <categories>
            <category classification="organizationActivityType" type="relatedOrganizationActivityType">
              <availableLanguages readOnly="true">de,en,es,fr,it,pl</availableLanguages>
              <code>/PRC</code>
              <title>Private for-profit entities (excluding Higher or Secondary Education Establishments)</title>
            </category>
          </categories>
          <regions>
            <region type="relatedRegion">
              <name>France</name>
              <nutsCode>FR</nutsCode>
              <euCode>FR</euCode>
              <isoCode>FR</isoCode>
              <rcn>258902568</rcn>
            </region>
          </regions>
        </relations>
      </organization>
      <organization ecContribution="309062.5" order="18" terminated="false" type="participant">
        <availableLanguages readOnly="true">en</availableLanguages>
        <rcn>2396570</rcn>
        <id>938235411</id>
        <vatNumber>ESA28319325</vatNumber>
        <legalName>CONTROL DE PORCIONES SA</legalName>
        <shortName>COPOSA</shortName>
        <address>
          <street>POLIGONO INDUSTRIAL SN</street>
          <city>RIBAFORADA NAVARRA</city>
          <postalCode>31550</postalCode>
          <country>ES</country>
        </address>
        <relations>
          <categories>
            <category classification="organizationActivityType" type="relatedOrganizationActivityType">
              <availableLanguages readOnly="true">de,en,es,fr,it,pl</availableLanguages>
              <code>/PRC</code>
              <title>Private for-profit entities (excluding Higher or Secondary Education Establishments)</title>
            </category>
          </categories>
          <regions>
            <region type="relatedRegion">
              <name>Spain</name>
              <nutsCode>ES</nutsCode>
              <euCode>ES</euCode>
              <isoCode>ES</isoCode>
              <rcn>242387496</rcn>
            </region>
          </regions>
        </relations>
      </organization>
      <organization ecContribution="1268750" order="4" terminated="false" type="participant">
        <availableLanguages readOnly="true">en</availableLanguages>
        <rcn>1907146</rcn>
        <id>999975717</id>
        <vatNumber>IE0006286E</vatNumber>
        <legalName>UNIVERSITY COLLEGE CORK -  NATIONAL UNIVERSITY OF IRELAND, CORK</legalName>
        <shortName>UCC</shortName>
        <address>
          <street>WESTERN ROAD</street>
          <city>Cork</city>
          <postalCode>T12 YN60</postalCode>
          <country>IE</country>
          <postBox>000</postBox>
          <url>www.ucc.ie</url>
        </address>
        <departmentName>Tyndall National Institute</departmentName>
        <relations>
          <categories>
            <category classification="organizationActivityType" type="relatedOrganizationActivityType">
              <availableLanguages readOnly="true">de,en,es,fr,it,pl</availableLanguages>
              <code>/HES</code>
              <title>Higher or Secondary Education Establishments</title>
            </category>
          </categories>
          <regions>
            <region type="relatedRegion">
              <name>Ireland</name>
              <nutsCode>IE</nutsCode>
              <euCode>IE</euCode>
              <isoCode>IE</isoCode>
              <rcn>305826344</rcn>
            </region>
          </regions>
        </relations>
      </organization>
      <organization ecContribution="393437.5" order="5" terminated="false" type="participant">
        <availableLanguages readOnly="true">en</availableLanguages>
        <rcn>1905672</rcn>
        <id>999974844</id>
        <vatNumber>ESQ2818015F</vatNumber>
        <legalName>UNIVERSIDAD POLITECNICA DE MADRID</legalName>
        <shortName>UPM</shortName>
        <address>
          <street>CALLE RAMIRO DE MAEZTU 7 EDIFICIO RECTORADO</street>
          <city>MADRID</city>
          <postalCode>28040</postalCode>
          <country>ES</country>
          <postBox>000</postBox>
          <url>www.upm.es</url>
        </address>
        <departmentName>Rectorate</departmentName>
        <relations>
          <categories>
            <category classification="organizationActivityType" type="relatedOrganizationActivityType">
              <availableLanguages readOnly="true">de,en,es,fr,it,pl</availableLanguages>
              <code>/HES</code>
              <title>Higher or Secondary Education Establishments</title>
            </category>
          </categories>
          <regions>
            <region type="relatedRegion">
              <name>Spain</name>
              <nutsCode>ES</nutsCode>
              <euCode>ES</euCode>
              <isoCode>ES</isoCode>
              <rcn>242387496</rcn>
            </region>
          </regions>
        </relations>
      </organization>
      <organization ecContribution="275305" order="13" terminated="false" type="participant">
        <availableLanguages readOnly="true">en</availableLanguages>
        <rcn>1919427</rcn>
        <id>999954474</id>
        <vatNumber>BE0456866931</vatNumber>
        <legalName>EUROPEAN FOOD INFORMATION COUNCIL</legalName>
        <shortName>EUFIC</shortName>
        <address>
          <street>RUE JOSEPH STEVENS 7</street>
          <city>BRUXELLES</city>
          <postalCode>1000</postalCode>
          <country>BE</country>
          <url>www.eufic.org</url>
        </address>
        <relations>
          <categories>
            <category classification="organizationActivityType" type="relatedOrganizationActivityType">
              <availableLanguages readOnly="true">de,en,es,fr,it,pl</availableLanguages>
              <code>/OTH</code>
              <title>Other</title>
            </category>
          </categories>
          <regions>
            <region type="relatedRegion">
              <name>Belgium</name>
              <nutsCode>BE</nutsCode>
              <euCode>BE</euCode>
              <isoCode>BE</isoCode>
              <rcn>188385832</rcn>
            </region>
          </regions>
        </relations>
      </organization>
    <categories>
      <category classification="projectFundingSchemeCategory" type="relatedProjectFundingSchemeCategory">
        <availableLanguages readOnly="true">en</availableLanguages>
        <code>/RIA</code>
        <title>Research and Innovation action</title>
      </category>
    </categories>
