  <rcn>193488</rcn>
  <acronym>CSUMECH</acronym>
  <objective>Cardiovascular disease, diabetes and cancer have a dramatic impact on modern society, and in great part are related to uptake of cholesterol and sugar. We still know surprisingly little about the molecular details of the processes that goes on in this essential part of human basic metabolism. This application addresses cholesterol and sugar transport and aim to elucidate the molecular mechanism of cholesterol and sugar uptake in humans. It moves the frontiers of the field by shifting the focus to in vitro work allowing hitherto untried structural and biochemical experiments to be performed.
Cholesterol uptake from the intestine is mediated by the membrane protein NPC1L1. Despite extensive research, the molecular mechanism of NPC1L1-dependent cholesterol uptake still remains largely unknown. 
Facilitated sugar transport in humans is made possible by sugar transporters called GLUTs and SWEETs, and every cell possesses these sugar transport systems. For all these uptake systems structural information is sorely lacking to address important mechanistic questions to help elucidate their molecular mechanism.
I will address this using a complementary set of methods founded in macromolecular crystallography and electron microscopy to determine the 3-dimensional structures of key players in these uptake systems. My unpublished preliminary results have established the feasibility of this approach. This will be followed up by biochemical characterization of the molecular mechanism in vitro and in silico.
This high risk/high reward membrane protein proposal could lead to a breakthrough in how we approach human biochemical pathways that are linked to trans-membrane transport. An improved understanding of cholesterol and sugar homeostasis has tremendous potential for improving general public health, and furthermore this proposal will help to uncover general principles of endocytotic uptake and facilitated diffusion systems at the molecular level.</objective>
  <title>Cholesterol and Sugar Uptake Mechanisms</title>
      <organization ecContribution="1499848" order="1" terminated="false" type="coordinator">
        <availableLanguages readOnly="true">en</availableLanguages>
        <rcn>1905956</rcn>
        <id>999997736</id>
        <vatNumber>DK31119103</vatNumber>
        <legalName>AARHUS UNIVERSITET</legalName>
        <shortName>AU</shortName>
        <address>
          <street>NORDRE RINGGADE 1</street>
          <city>AARHUS C</city>
          <postalCode>8000</postalCode>
          <country>DK</country>
          <postBox>000</postBox>
          <url>www.au.dk</url>
        </address>
        <departmentName>AU Finance and Planning - ST Finance</departmentName>
        <departmentName>Foulum</departmentName>
        <relations>
          <categories>
            <category classification="organizationActivityType" type="relatedOrganizationActivityType">
              <availableLanguages readOnly="true">de,en,es,fr,it,pl</availableLanguages>
              <code>/HES</code>
              <title>Higher or Secondary Education Establishments</title>
            </category>
          </categories>
          <regions>
            <region type="relatedRegion">
              <name>Denmark</name>
              <nutsCode>DK</nutsCode>
              <euCode>DK</euCode>
              <isoCode>DK</isoCode>
              <rcn>223513128</rcn>
            </region>
          </regions>
        </relations>
      </organization>
    <categories>
      <category classification="projectFundingSchemeCategory" type="relatedProjectFundingSchemeCategory">
        <availableLanguages readOnly="true">en</availableLanguages>
        <code>/ERC-STG</code>
        <title>Starting Grant</title>
      </category>
    </categories>
