  <rcn>193342</rcn>
  <acronym>FieldFOOD</acronym>
  <objective>Pulsed electric field technology (PEF) represents an innovative solution for sustainable processing in order to improve the competitiveness of the European food industry. Currently, in spite of the many advantages deriving from the introduction of the PEF technology in the food industry and the existence of different PEF manufactures at industrial-scale, applications of PEF in the food industry is still limited. FieldFOOD project is based on a preliminary analysis addressed to identify the bottlenecks that cause such limited application with the objective of providing SME companies (food producers, pulse power producers, equipment manufactures) with a clear competitive edge, as well as opportunities for growing, diversification and job creation but also of responding to consumer demand for foods with fresh characteristics or novel foods that contribute to individual health and wellbeing. This broad objective will be achieved by: a) a systematic process analysis of different specific applications (fruit juice processing, tomato product processing, winemaking, olive oil extraction and cider-making) for a successful integration of the PEF technology in order to replace or complement existing traditional food processing technologies and b) the design of modular, portable, low-cost  pulse generators. The main deliverable of FieldFOOD project will be to validate and demonstrate, in co-operation with SMEs, implementation of modular, portable, low-cost pulse generators for different applications. The efforts needed to introduce this technology in the food industry for different applications are necessary to be multidisciplinary. Therefore, to be efficient and successful, strong links needs to be established between research institutions with a well-established expertise in PEF technology (4 partners), manufactures of PEF generator (1 SME partner)  and food companies (5 SMEs partners) that represent the final users of the technology.</objective>
  <title>Integration of PEF in food processing for improving food quality, safety and competitiveness</title>
      <organization ecContribution="62293" order="10" terminated="false" type="participant">
        <availableLanguages readOnly="true">en</availableLanguages>
        <rcn>2396525</rcn>
        <id>937726064</id>
        <legalName>BODEGAS ARAGONESAS SA</legalName>
        <shortName>BODEGAS ARAGONESAS S.A.</shortName>
        <address>
          <street>CARRETERA MAGALLON S/N</street>
          <city>FUENDEJALON ZARAGOZA</city>
          <postalCode>50529</postalCode>
          <country>ES</country>
        </address>
        <relations>
          <categories>
            <category classification="organizationActivityType" type="relatedOrganizationActivityType">
              <availableLanguages readOnly="true">de,en,es,fr,it,pl</availableLanguages>
              <code>/PRC</code>
              <title>Private for-profit entities (excluding Higher or Secondary Education Establishments)</title>
            </category>
          </categories>
          <regions>
            <region type="relatedRegion">
              <name>Spain</name>
              <nutsCode>ES</nutsCode>
              <euCode>ES</euCode>
              <isoCode>ES</isoCode>
              <rcn>242387496</rcn>
            </region>
          </regions>
        </relations>
      </organization>
      <organization ecContribution="89495" order="13" terminated="false" type="participant">
        <availableLanguages readOnly="true">en</availableLanguages>
        <rcn>1915743</rcn>
        <id>999516907</id>
        <vatNumber>ESG50556091</vatNumber>
        <legalName>FUNDACION CIRCE CENTRO DE INVESTIGACION DE RECURSOS Y CONSUMOS ENERGETICOS</legalName>
        <shortName>CIRCE</shortName>
        <address>
          <street>CALLE MARIANO ESQUILLOR GOMEZ 15 EDIFICIO CIRCE CAMPUS RIO EBRO</street>
          <city>ZARAGOZA</city>
          <postalCode>50018</postalCode>
          <country>ES</country>
          <postBox>000</postBox>
          <url>www.fcirce.es</url>
        </address>
        <departmentName>Innovation and Promotion Unit</departmentName>
        <relations>
          <categories>
            <category classification="organizationActivityType" type="relatedOrganizationActivityType">
              <availableLanguages readOnly="true">de,en,es,fr,it,pl</availableLanguages>
              <code>/REC</code>
              <title>Research Organisations</title>
            </category>
          </categories>
          <regions>
            <region type="relatedRegion">
              <name>Spain</name>
              <nutsCode>ES</nutsCode>
              <euCode>ES</euCode>
              <isoCode>ES</isoCode>
              <rcn>242387496</rcn>
            </region>
          </regions>
        </relations>
      </organization>
      <organization order="6" ecContribution="74790.62" terminated="false" type="participant">
        <availableLanguages readOnly="true">en</availableLanguages>
        <rcn>2396521</rcn>
        <id>937974675</id>
        <legalName>Agroindustria Aragonesa S.A.</legalName>
        <shortName>Agroindustria Aragonesa S.A.</shortName>
        <address>
          <street>CESAR AUGUSTO 3 7B</street>
          <city>ZARAGOZA</city>
          <postalCode>50004</postalCode>
          <country>ES</country>
        </address>
        <relations>
          <categories>
            <category classification="organizationActivityType" type="relatedOrganizationActivityType">
              <availableLanguages readOnly="true">de,en,es,fr,it,pl</availableLanguages>
              <code>/PRC</code>
              <title>Private for-profit entities (excluding Higher or Secondary Education Establishments)</title>
            </category>
          </categories>
          <regions>
            <region type="relatedRegion">
              <name>Spain</name>
              <nutsCode>ES</nutsCode>
              <euCode>ES</euCode>
              <isoCode>ES</isoCode>
              <rcn>242387496</rcn>
            </region>
          </regions>
        </relations>
      </organization>
      <organization ecContribution="204458.75" order="4" terminated="false" type="participant">
        <availableLanguages readOnly="true">en</availableLanguages>
        <rcn>1906185</rcn>
        <id>999974359</id>
        <vatNumber>IE6517386K</vatNumber>
        <legalName>UNIVERSITY COLLEGE DUBLIN, NATIONAL UNIVERSITY OF IRELAND, DUBLIN</legalName>
        <shortName>NUID UCD</shortName>
        <address>
          <street>BELFIELD</street>
          <city>DUBLIN</city>
          <postalCode>4</postalCode>
          <country>IE</country>
          <postBox>000</postBox>
          <url>www.ucd.ie</url>
        </address>
        <departmentName>Bursars office</departmentName>
        <relations>
          <categories>
            <category classification="organizationActivityType" type="relatedOrganizationActivityType">
              <availableLanguages readOnly="true">de,en,es,fr,it,pl</availableLanguages>
              <code>/HES</code>
              <title>Higher or Secondary Education Establishments</title>
            </category>
          </categories>
          <regions>
            <region type="relatedRegion">
              <name>Ireland</name>
              <nutsCode>IE</nutsCode>
              <euCode>IE</euCode>
              <isoCode>IE</isoCode>
              <rcn>305826344</rcn>
            </region>
          </regions>
        </relations>
      </organization>
      <organization ecContribution="69868.75" order="9" terminated="false" type="participant">
        <availableLanguages readOnly="true">en</availableLanguages>
        <rcn>2396524</rcn>
        <id>937729653</id>
        <legalName>F.P.D. S.R.L.</legalName>
        <shortName>F.P.D. Srl</shortName>
        <address>
          <street>Via Matteotti 14</street>
          <city>Nocera Inferiore</city>
          <postalCode>84014</postalCode>
          <country>IT</country>
        </address>
        <relations>
          <categories>
            <category classification="organizationActivityType" type="relatedOrganizationActivityType">
              <availableLanguages readOnly="true">de,en,es,fr,it,pl</availableLanguages>
              <code>/PRC</code>
              <title>Private for-profit entities (excluding Higher or Secondary Education Establishments)</title>
            </category>
          </categories>
          <regions>
            <region type="relatedRegion">
              <name>Italy</name>
              <nutsCode>IT</nutsCode>
              <euCode>IT</euCode>
              <isoCode>IT</isoCode>
              <rcn>309758504</rcn>
            </region>
          </regions>
        </relations>
      </organization>
      <organization ecContribution="446312.5" order="1" terminated="false" type="coordinator">
        <availableLanguages readOnly="true">en</availableLanguages>
        <rcn>1905937</rcn>
        <id>999898214</id>
        <vatNumber>ESQ5018001G</vatNumber>
        <legalName>UNIVERSIDAD DE ZARAGOZA</legalName>
        <shortName>UNIZAR</shortName>
        <address>
          <street>CALLE PEDRO CERBUNA 12</street>
          <city>ZARAGOZA</city>
          <postalCode>50009</postalCode>
          <country>ES</country>
          <postBox>000</postBox>
          <url>www.unizar.es</url>
        </address>
        <departmentName>BIFI</departmentName>
        <relations>
          <categories>
            <category classification="organizationActivityType" type="relatedOrganizationActivityType">
              <availableLanguages readOnly="true">de,en,es,fr,it,pl</availableLanguages>
              <code>/HES</code>
              <title>Higher or Secondary Education Establishments</title>
            </category>
          </categories>
          <regions>
            <region type="relatedRegion">
              <name>Spain</name>
              <nutsCode>ES</nutsCode>
              <euCode>ES</euCode>
              <isoCode>ES</isoCode>
              <rcn>242387496</rcn>
            </region>
          </regions>
        </relations>
      </organization>
      <organization ecContribution="77238.88" order="7" terminated="false" type="participant">
        <availableLanguages readOnly="true">en</availableLanguages>
        <rcn>2396522</rcn>
        <id>952057911</id>
        <legalName>CON TRAAS Ltd.</legalName>
        <shortName>Con Traas Ltd.</shortName>
        <address>
          <street>Moorstown</street>
          <city>Cahir Tipperary</city>
          <country>IE</country>
        </address>
        <relations>
          <categories>
            <category classification="organizationActivityType" type="relatedOrganizationActivityType">
              <availableLanguages readOnly="true">de,en,es,fr,it,pl</availableLanguages>
              <code>/PRC</code>
              <title>Private for-profit entities (excluding Higher or Secondary Education Establishments)</title>
            </category>
          </categories>
          <regions>
            <region type="relatedRegion">
              <name>Ireland</name>
              <nutsCode>IE</nutsCode>
              <euCode>IE</euCode>
              <isoCode>IE</isoCode>
              <rcn>305826344</rcn>
            </region>
          </regions>
        </relations>
      </organization>
      <organization ecContribution="61687.5" order="8" terminated="false" type="participant">
        <availableLanguages readOnly="true">en</availableLanguages>
        <rcn>2396523</rcn>
        <id>938072160</id>
        <legalName>DIESDORFER SUSSMOST-, WEINKELTEREIUND EDELDESTILLE GMBH</legalName>
        <shortName>Diesdorfer</shortName>
        <address>
          <street>BERGSTRASSE 1</street>
          <city>DIESDORF</city>
          <postalCode>29413</postalCode>
          <country>DE</country>
        </address>
        <relations>
          <categories>
            <category classification="organizationActivityType" type="relatedOrganizationActivityType">
              <availableLanguages readOnly="true">de,en,es,fr,it,pl</availableLanguages>
              <code>/PRC</code>
              <title>Private for-profit entities (excluding Higher or Secondary Education Establishments)</title>
            </category>
          </categories>
          <regions>
            <region type="relatedRegion">
              <name>Germany</name>
              <nutsCode>DE</nutsCode>
              <euCode>DE</euCode>
              <isoCode>DE</isoCode>
              <rcn>221940264</rcn>
            </region>
          </regions>
        </relations>
      </organization>
      <organization ecContribution="233625" order="11" terminated="false" type="participant">
        <availableLanguages readOnly="true">en</availableLanguages>
        <rcn>2384732</rcn>
        <id>950676049</id>
        <vatNumber>PT510088929</vatNumber>
        <legalName>ENERGYPULSE SYSTEMS, LDA</legalName>
        <shortName>EPS</shortName>
        <address>
          <street>ESTRADA DO PACO DO LUMIAR POLO TECNOLOGICO DE LISBOA LOTE 3</street>
          <city>LISBOA</city>
          <postalCode>1600 546</postalCode>
          <country>PT</country>
        </address>
        <relations>
          <categories>
            <category classification="organizationActivityType" type="relatedOrganizationActivityType">
              <availableLanguages readOnly="true">de,en,es,fr,it,pl</availableLanguages>
              <code>/PRC</code>
              <title>Private for-profit entities (excluding Higher or Secondary Education Establishments)</title>
            </category>
          </categories>
          <regions>
            <region type="relatedRegion">
              <name>Portugal</name>
              <nutsCode>PT</nutsCode>
              <euCode>PT</euCode>
              <isoCode>PT</isoCode>
              <rcn>427199016</rcn>
            </region>
          </regions>
        </relations>
      </organization>
      <organization ecContribution="273750" order="2" terminated="false" type="participant">
        <availableLanguages readOnly="true">en</availableLanguages>
        <rcn>1905653</rcn>
        <id>999986678</id>
        <vatNumber>DE811231089</vatNumber>
        <legalName>TECHNISCHE UNIVERSITAET BERLIN</legalName>
        <shortName>TUB</shortName>
        <address>
          <street>STRASSE DES 17 JUNI 135</street>
          <city>BERLIN</city>
          <postalCode>10623</postalCode>
          <country>DE</country>
          <postBox>000</postBox>
          <url>www.tu-berlin.de</url>
        </address>
        <departmentName>Chancelor</departmentName>
        <departmentName>Dept. V Research (Kanzlerbuero</departmentName>
        <departmentName>Abt. V Forschung)</departmentName>
        <relations>
          <categories>
            <category classification="organizationActivityType" type="relatedOrganizationActivityType">
              <availableLanguages readOnly="true">de,en,es,fr,it,pl</availableLanguages>
              <code>/HES</code>
              <title>Higher or Secondary Education Establishments</title>
            </category>
          </categories>
          <regions>
            <region type="relatedRegion">
              <name>Germany</name>
              <nutsCode>DE</nutsCode>
              <euCode>DE</euCode>
              <isoCode>DE</isoCode>
              <rcn>221940264</rcn>
            </region>
          </regions>
        </relations>
      </organization>
      <organization ecContribution="0" order="12" terminated="true" type="participant">
        <availableLanguages readOnly="true">en</availableLanguages>
        <rcn>2396527</rcn>
        <id>944387539</id>
        <legalName>INFLUX AS</legalName>
        <shortName>influx a/s</shortName>
        <address>
          <street>TRAEVAENGET 9</street>
          <city>Vissenbjerg</city>
          <postalCode>5492</postalCode>
          <country>DK</country>
        </address>
        <relations>
          <categories>
            <category classification="organizationActivityType" type="relatedOrganizationActivityType">
              <availableLanguages readOnly="true">de,en,es,fr,it,pl</availableLanguages>
              <code>/PRC</code>
              <title>Private for-profit entities (excluding Higher or Secondary Education Establishments)</title>
            </category>
          </categories>
          <regions>
            <region type="relatedRegion">
              <name>Denmark</name>
              <nutsCode>DK</nutsCode>
              <euCode>DK</euCode>
              <isoCode>DK</isoCode>
              <rcn>223513128</rcn>
            </region>
          </regions>
        </relations>
      </organization>
      <organization ecContribution="150156.25" order="5" terminated="false" type="participant">
        <availableLanguages readOnly="true">en</availableLanguages>
        <rcn>1939812</rcn>
        <id>998026987</id>
        <vatNumber>NL808038461B01</vatNumber>
        <legalName>STICHTING EFFOST</legalName>
        <shortName>EFFoST</shortName>
        <address>
          <street>NIEUWE KANAAL 9 A</street>
          <city>WAGENINGEN</city>
          <postalCode>6709 PA</postalCode>
          <country>NL</country>
          <postBox>8129</postBox>
          <url>www.effost.org</url>
        </address>
        <relations>
          <categories>
            <category classification="organizationActivityType" type="relatedOrganizationActivityType">
              <availableLanguages readOnly="true">de,en,es,fr,it,pl</availableLanguages>
              <code>/REC</code>
              <title>Research Organisations</title>
            </category>
          </categories>
          <regions>
            <region type="relatedRegion">
              <name>Netherlands</name>
              <nutsCode>NL</nutsCode>
              <euCode>NL</euCode>
              <isoCode>NL</isoCode>
              <rcn>391547432</rcn>
            </region>
          </regions>
        </relations>
      </organization>
      <organization ecContribution="250625" order="3" terminated="false" type="participant">
        <availableLanguages readOnly="true">en</availableLanguages>
        <rcn>2396518</rcn>
        <id>987544003</id>
        <legalName>PRODAL SCARL</legalName>
        <shortName>PRODAL</shortName>
        <address>
          <street>VIA PONTE DON MELILLO</street>
          <city>FISCIANO</city>
          <postalCode>84084</postalCode>
          <country>IT</country>
        </address>
        <relations>
          <categories>
            <category classification="organizationActivityType" type="relatedOrganizationActivityType">
              <availableLanguages readOnly="true">de,en,es,fr,it,pl</availableLanguages>
              <code>/REC</code>
              <title>Research Organisations</title>
            </category>
          </categories>
          <regions>
            <region type="relatedRegion">
              <name>Italy</name>
              <nutsCode>IT</nutsCode>
              <euCode>IT</euCode>
              <isoCode>IT</isoCode>
              <rcn>309758504</rcn>
            </region>
          </regions>
        </relations>
      </organization>
    <categories>
      <category classification="projectFundingSchemeCategory" type="relatedProjectFundingSchemeCategory">
        <availableLanguages readOnly="true">en</availableLanguages>
        <code>/IA</code>
        <title>Innovation action</title>
      </category>
    </categories>
