  <rcn>193330</rcn>
  <acronym>COSMOS</acronym>
  <objective>The COSMOS proposal aims to reduce Europe’s dependence on imported coconut and palm kernel oils and fatty acids and castor oil as sources for medium-chain fatty acids (MCFA, C10–C14) and medium-chain polymer building blocks. These are needed by the oleochemical industry for the production of plastics, surfactants, detergents, lubricants, plasticisers and other products. In COSMOS, camelina and crambe will be turned into profitable, sustainable, multipurpose, non-GMO European oil crops for the production of oleochemicals. Seed properties will be screened and optimised through genetic techniques aiming at high yield, low resource inputs, optimization of the value generated from vegetative tissues and fatty acid profiles adapted to industrial needs. Large-scale field trials will be performed at different locations in Europe to assess the potential of the crops in terms of cultivation practices, seed yield, oil content, ease of harvesting, and resource inputs. Extracted oils will be fractionated into various fatty acid types (monounsaturated versus polyunsaturated) by selective enzyme technologies and extraction processes. The monounsaturated long-chain fatty acids so obtained will be converted to MCFA and high-value building blocks for bio-plastics and flavour and fragrance ingredients through chemical and enzymatic chain cleavage processes. The ω3-rich PUFA fraction will be purified for use in food and feed ingredients. Vegetative tissues such as straw, leaves and press cake will be fed to insects producing high-value proteins, chitin and fats. Insect fats and proteins will be isolated and prepared for use in food and feed products. The overall economic, social and environmental sustainability as well as life cycle of the whole value chain will be assessed. The impact of the project for Europe will be assessed in terms of value chain potentials for value creation and number of jobs that can be created.</objective>
  <title>Camelina &amp; crambe Oil crops as Sources for Medium-chain Oils for Specialty oleochemicals</title>
      <organization ecContribution="72750" order="19" terminated="false" type="participant">
        <availableLanguages readOnly="true">en</availableLanguages>
        <rcn>2631777</rcn>
        <id>923809862</id>
        <vatNumber>NL854633030B01</vatNumber>
        <legalName>PROTI FARM R &amp; D BV</legalName>
        <shortName>PROTI-FARM</shortName>
        <address>
          <street>HARDERWIJKERWEG 141B</street>
          <city>ERMELO</city>
          <postalCode>3852</postalCode>
          <country>NL</country>
        </address>
        <relations>
          <categories>
            <category classification="organizationActivityType" type="relatedOrganizationActivityType">
              <availableLanguages readOnly="true">de,en,es,fr,it,pl</availableLanguages>
              <code>/PRC</code>
              <title>Private for-profit entities (excluding Higher or Secondary Education Establishments)</title>
            </category>
          </categories>
          <regions>
            <region type="relatedRegion">
              <name>Netherlands</name>
              <nutsCode>NL</nutsCode>
              <euCode>NL</euCode>
              <isoCode>NL</isoCode>
              <rcn>391547432</rcn>
            </region>
          </regions>
        </relations>
      </organization>
      <organization ecContribution="387500" order="3" terminated="false" type="participant">
        <availableLanguages readOnly="true">en</availableLanguages>
        <rcn>2396423</rcn>
        <id>952873681</id>
        <vatNumber>PL8942967485</vatNumber>
        <legalName>APEIRON SYNTHESIS SPOLKA AKCYJNA</legalName>
        <shortName>APEIRON</shortName>
        <address>
          <street>UL. DUNSKA 9</street>
          <city>WROCLAW</city>
          <postalCode>54427</postalCode>
          <country>PL</country>
        </address>
        <relations>
          <categories>
            <category classification="organizationActivityType" type="relatedOrganizationActivityType">
              <availableLanguages readOnly="true">de,en,es,fr,it,pl</availableLanguages>
              <code>/PRC</code>
              <title>Private for-profit entities (excluding Higher or Secondary Education Establishments)</title>
            </category>
          </categories>
          <regions>
            <region type="relatedRegion">
              <name>Poland</name>
              <nutsCode>PL</nutsCode>
              <euCode>PL</euCode>
              <isoCode>PL</isoCode>
              <rcn>425101864</rcn>
            </region>
          </regions>
        </relations>
      </organization>
      <organization ecContribution="505000" order="9" terminated="false" type="participant">
        <availableLanguages readOnly="true">en</availableLanguages>
        <rcn>1905566</rcn>
        <id>999993468</id>
        <vatNumber>GB649926678</vatNumber>
        <legalName>IMPERIAL COLLEGE OF SCIENCE TECHNOLOGY AND MEDICINE</legalName>
        <shortName>Imperial</shortName>
        <address>
          <street>SOUTH KENSINGTON CAMPUS EXHIBITION ROAD</street>
          <city>LONDON</city>
          <postalCode>SW7 2AZ</postalCode>
          <country>UK</country>
          <postBox>N/A</postBox>
          <url>http://www.imperial.ac.uk/</url>
        </address>
        <departmentName>Level 2</departmentName>
        <departmentName>Faculty Building</departmentName>
        <relations>
          <categories>
            <category classification="organizationActivityType" type="relatedOrganizationActivityType">
              <availableLanguages readOnly="true">de,en,es,fr,it,pl</availableLanguages>
              <code>/HES</code>
              <title>Higher or Secondary Education Establishments</title>
            </category>
          </categories>
          <regions>
            <region type="relatedRegion">
              <name>United Kingdom</name>
              <nutsCode>UK</nutsCode>
              <euCode>UK</euCode>
              <isoCode>GB</isoCode>
              <rcn>508725800</rcn>
            </region>
          </regions>
        </relations>
      </organization>
      <organization ecContribution="564750" order="6" terminated="false" type="participant">
        <availableLanguages readOnly="true">en</availableLanguages>
        <rcn>1907297</rcn>
        <id>999646014</id>
        <vatNumber>EL090072876</vatNumber>
        <legalName>CENTRE FOR RENEWABLE ENERGY SOURCES AND SAVING FONDATION</legalName>
        <shortName>CRES</shortName>
        <address>
          <street>MARATHONOS 19TH KM</street>
          <city>PIKERMI</city>
          <postalCode>19009</postalCode>
          <country>EL</country>
          <postBox>000</postBox>
          <url>http://www.cres.gr</url>
        </address>
        <relations>
          <categories>
            <category classification="organizationActivityType" type="relatedOrganizationActivityType">
              <availableLanguages readOnly="true">de,en,es,fr,it,pl</availableLanguages>
              <code>/REC</code>
              <title>Research Organisations</title>
            </category>
          </categories>
          <regions>
            <region type="relatedRegion">
              <name>Greece</name>
              <nutsCode>GR</nutsCode>
              <euCode>EL</euCode>
              <isoCode>GR</isoCode>
              <rcn>240552488</rcn>
            </region>
          </regions>
        </relations>
      </organization>
      <organization ecContribution="571250" order="5" terminated="false" type="participant">
        <availableLanguages readOnly="true">en</availableLanguages>
        <rcn>1911997</rcn>
        <id>983800482</id>
        <vatNumber>LT100005300110</vatNumber>
        <legalName>VALSTYBINIS MOKSLINIU TYRIMU INSTITUTAS FIZINIU IR TECHNOLOGIJOS MOKSLU CENTRAS</legalName>
        <shortName>FTMC</shortName>
        <address>
          <street>Savanoriu  231</street>
          <city>VILNIUS</city>
          <postalCode>02300</postalCode>
          <country>LT</country>
          <url>www.ftmc.lt</url>
        </address>
        <departmentName>Department of Laser Technologies</departmentName>
        <relations>
          <categories>
            <category classification="organizationActivityType" type="relatedOrganizationActivityType">
              <availableLanguages readOnly="true">de,en,es,fr,it,pl</availableLanguages>
              <code>/REC</code>
              <title>Research Organisations</title>
            </category>
          </categories>
          <regions>
            <region type="relatedRegion">
              <name>Lithuania</name>
              <nutsCode>LT</nutsCode>
              <euCode>LT</euCode>
              <isoCode>LT</isoCode>
              <rcn>360090152</rcn>
            </region>
          </regions>
        </relations>
      </organization>
      <organization ecContribution="548000" order="13" terminated="false" type="participant">
        <availableLanguages readOnly="true">en</availableLanguages>
        <rcn>1916190</rcn>
        <id>992622050</id>
        <vatNumber>DE811827699</vatNumber>
        <legalName>NOVA-INSTITUT FUR POLITISCHE UND OKOLOGISCHE INNOVATION GMBH</legalName>
        <shortName>nova-Institut</shortName>
        <address>
          <street>Chemiepark Knapsack Industriestrasse</street>
          <city>Huerth</city>
          <postalCode>50354</postalCode>
          <country>DE</country>
        </address>
        <relations>
          <categories>
            <category classification="organizationActivityType" type="relatedOrganizationActivityType">
              <availableLanguages readOnly="true">de,en,es,fr,it,pl</availableLanguages>
              <code>/PRC</code>
              <title>Private for-profit entities (excluding Higher or Secondary Education Establishments)</title>
            </category>
          </categories>
          <regions>
            <region type="relatedRegion">
              <name>Germany</name>
              <nutsCode>DE</nutsCode>
              <euCode>DE</euCode>
              <isoCode>DE</isoCode>
              <rcn>221940264</rcn>
            </region>
          </regions>
        </relations>
      </organization>
      <organization ecContribution="491973.75" order="17" terminated="false" type="participant">
        <availableLanguages readOnly="true">en</availableLanguages>
        <rcn>1907317</rcn>
        <id>999853109</id>
        <vatNumber>PL7393033097</vatNumber>
        <legalName>UNIWERSYTET WARMINSKO MAZURSKI W OLSZTYNIE</legalName>
        <shortName>UWM</shortName>
        <address>
          <street>UL. OCZAPOWSKIEGO 2</street>
          <city>OLSZTYN</city>
          <postalCode>10 719</postalCode>
          <country>PL</country>
          <url>www.uwm.edu.pl</url>
        </address>
        <relations>
          <categories>
            <category classification="organizationActivityType" type="relatedOrganizationActivityType">
              <availableLanguages readOnly="true">de,en,es,fr,it,pl</availableLanguages>
              <code>/HES</code>
              <title>Higher or Secondary Education Establishments</title>
            </category>
          </categories>
          <regions>
            <region type="relatedRegion">
              <name>Poland</name>
              <nutsCode>PL</nutsCode>
              <euCode>PL</euCode>
              <isoCode>PL</isoCode>
              <rcn>425101864</rcn>
            </region>
          </regions>
        </relations>
      </organization>
      <organization ecContribution="415625" order="12" terminated="false" type="participant">
        <availableLanguages readOnly="true">en</availableLanguages>
        <rcn>2396432</rcn>
        <id>937823064</id>
        <vatNumber>NL854649062B01</vatNumber>
        <legalName>LINNAEUS PLANT SCIENCE BV</legalName>
        <shortName>LINNAEUS</shortName>
        <address>
          <street>LEONARD ROGGEVEENSTRAAT 2</street>
          <city>WAGENINGEN</city>
          <postalCode>6708</postalCode>
          <country>NL</country>
        </address>
        <relations>
          <categories>
            <category classification="organizationActivityType" type="relatedOrganizationActivityType">
              <availableLanguages readOnly="true">de,en,es,fr,it,pl</availableLanguages>
              <code>/PRC</code>
              <title>Private for-profit entities (excluding Higher or Secondary Education Establishments)</title>
            </category>
          </categories>
          <regions>
            <region type="relatedRegion">
              <name>Netherlands</name>
              <nutsCode>NL</nutsCode>
              <euCode>NL</euCode>
              <isoCode>NL</isoCode>
              <rcn>391547432</rcn>
            </region>
          </regions>
        </relations>
      </organization>
      <organization ecContribution="0" order="11" terminated="true" type="participant">
        <availableLanguages readOnly="true">en</availableLanguages>
        <rcn>2396431</rcn>
        <id>945539123</id>
        <vatNumber>NL854633315B01</vatNumber>
        <legalName>KRECA ENTO FEED BV</legalName>
        <shortName>KRECA</shortName>
        <address>
          <street>PARKLAAN 1</street>
          <city>ROTTERDAM</city>
          <postalCode>3016</postalCode>
          <country>NL</country>
        </address>
        <relations>
          <categories>
            <category classification="organizationActivityType" type="relatedOrganizationActivityType">
              <availableLanguages readOnly="true">de,en,es,fr,it,pl</availableLanguages>
              <code>/PRC</code>
              <title>Private for-profit entities (excluding Higher or Secondary Education Establishments)</title>
            </category>
          </categories>
          <regions>
            <region type="relatedRegion">
              <name>Netherlands</name>
              <nutsCode>NL</nutsCode>
              <euCode>NL</euCode>
              <isoCode>NL</isoCode>
              <rcn>391547432</rcn>
            </region>
          </regions>
        </relations>
      </organization>
      <organization ecContribution="626500" order="8" terminated="false" type="participant">
        <availableLanguages readOnly="true">en</availableLanguages>
        <rcn>1907238</rcn>
        <id>999703826</id>
        <vatNumber>DE143446610</vatNumber>
        <legalName>IFEU - INSTITUT FUR ENERGIE UND UMWELTFORSCHUNG HEIDELBERG GMBH</legalName>
        <shortName>IFEU</shortName>
        <address>
          <street>IM WEIHER 10</street>
          <city>HEIDELBERG</city>
          <postalCode>69121</postalCode>
          <country>DE</country>
          <url>www.ifeu.de</url>
        </address>
        <relations>
          <categories>
            <category classification="organizationActivityType" type="relatedOrganizationActivityType">
              <availableLanguages readOnly="true">de,en,es,fr,it,pl</availableLanguages>
              <code>/REC</code>
              <title>Research Organisations</title>
            </category>
          </categories>
          <regions>
            <region type="relatedRegion">
              <name>Germany</name>
              <nutsCode>DE</nutsCode>
              <euCode>DE</euCode>
              <isoCode>DE</isoCode>
              <rcn>221940264</rcn>
            </region>
          </regions>
        </relations>
      </organization>
      <organization ecContribution="885000" order="2" terminated="false" type="participant">
        <availableLanguages readOnly="true">en</availableLanguages>
        <rcn>1907303</rcn>
        <id>998371046</id>
        <vatNumber>FR32319632790</vatNumber>
        <legalName>ARKEMA FRANCE</legalName>
        <shortName>ARK</shortName>
        <address>
          <street>RUE ESTIENNE D ORVES 420</street>
          <city>Colombes</city>
          <postalCode>92700</postalCode>
          <country>FR</country>
          <url>www.arkema.com</url>
        </address>
        <departmentName>Headquarter</departmentName>
        <relations>
          <categories>
            <category classification="organizationActivityType" type="relatedOrganizationActivityType">
              <availableLanguages readOnly="true">de,en,es,fr,it,pl</availableLanguages>
              <code>/PRC</code>
              <title>Private for-profit entities (excluding Higher or Secondary Education Establishments)</title>
            </category>
          </categories>
          <regions>
            <region type="relatedRegion">
              <name>France</name>
              <nutsCode>FR</nutsCode>
              <euCode>FR</euCode>
              <isoCode>FR</isoCode>
              <rcn>258902568</rcn>
            </region>
          </regions>
        </relations>
      </organization>
      <organization ecContribution="789148.75" order="14" terminated="false" type="participant">
        <availableLanguages readOnly="true">en</availableLanguages>
        <rcn>2396434</rcn>
        <id>952161119</id>
        <vatNumber>ESB99004541</vatNumber>
        <legalName>SOLUTEX GC SL</legalName>
        <shortName>SOLUTEX</shortName>
        <address>
          <street>CTR DE BARAJAS 24 3-4 PARQUE EMPRESARIAL OMEGA EDIFICIO GAMMA</street>
          <city>ALCOBENDAS MADRID</city>
          <postalCode>28108</postalCode>
          <country>ES</country>
        </address>
        <relations>
          <categories>
            <category classification="organizationActivityType" type="relatedOrganizationActivityType">
              <availableLanguages readOnly="true">de,en,es,fr,it,pl</availableLanguages>
              <code>/PRC</code>
              <title>Private for-profit entities (excluding Higher or Secondary Education Establishments)</title>
            </category>
          </categories>
          <regions>
            <region type="relatedRegion">
              <name>Spain</name>
              <nutsCode>ES</nutsCode>
              <euCode>ES</euCode>
              <isoCode>ES</isoCode>
              <rcn>242387496</rcn>
            </region>
          </regions>
        </relations>
      </organization>
      <organization ecContribution="443750" order="15" terminated="false" type="participant">
        <availableLanguages readOnly="true">en</availableLanguages>
        <rcn>1905805</rcn>
        <id>999993953</id>
        <vatNumber>IT01131710376</vatNumber>
        <legalName>ALMA MATER STUDIORUM - UNIVERSITA DI BOLOGNA</legalName>
        <shortName>UNIBO</shortName>
        <address>
          <street>VIA ZAMBONI 33</street>
          <city>BOLOGNA</city>
          <postalCode>40126</postalCode>
          <country>IT</country>
          <url>www.unibo.it</url>
        </address>
        <departmentName>Centro di Ricerca sui Sistemi Elettronici "Ercole De Castro"</departmentName>
        <relations>
          <categories>
            <category classification="organizationActivityType" type="relatedOrganizationActivityType">
              <availableLanguages readOnly="true">de,en,es,fr,it,pl</availableLanguages>
              <code>/HES</code>
              <title>Higher or Secondary Education Establishments</title>
            </category>
          </categories>
          <regions>
            <region type="relatedRegion">
              <name>Italy</name>
              <nutsCode>IT</nutsCode>
              <euCode>IT</euCode>
              <isoCode>IT</isoCode>
              <rcn>309758504</rcn>
            </region>
          </regions>
        </relations>
      </organization>
      <organization ecContribution="291750" order="18" terminated="false" type="participant">
        <availableLanguages readOnly="true">en</availableLanguages>
        <rcn>1906458</rcn>
        <id>999981634</id>
        <vatNumber>NL811383696B01</vatNumber>
        <legalName>WAGENINGEN UNIVERSITY</legalName>
        <shortName>WU</shortName>
        <address>
          <street>DROEVENDAALSESTEEG 4</street>
          <city>WAGENINGEN</city>
          <postalCode>6708 PB</postalCode>
          <country>NL</country>
          <postBox>9101</postBox>
          <url>http://www.wageningenur.nl/nl.htm</url>
        </address>
        <departmentName>Agrotechnology and Food Science Group</departmentName>
        <relations>
          <categories>
            <category classification="organizationActivityType" type="relatedOrganizationActivityType">
              <availableLanguages readOnly="true">de,en,es,fr,it,pl</availableLanguages>
              <code>/HES</code>
              <title>Higher or Secondary Education Establishments</title>
            </category>
          </categories>
          <regions>
            <region type="relatedRegion">
              <name>Netherlands</name>
              <nutsCode>NL</nutsCode>
              <euCode>NL</euCode>
              <isoCode>NL</isoCode>
              <rcn>391547432</rcn>
            </region>
          </regions>
        </relations>
      </organization>
      <organization ecContribution="553657.5" order="16" terminated="false" type="participant">
        <availableLanguages readOnly="true">en</availableLanguages>
        <rcn>1909041</rcn>
        <id>999858056</id>
        <vatNumber>DE137584813</vatNumber>
        <legalName>ERNST-MORITZ-ARNDT-UNIVERSITÄT GREIFSWALD</legalName>
        <shortName>EMAUG</shortName>
        <address>
          <street>Domstrasse  11</street>
          <city>GREIFSWALD</city>
          <postalCode>17489</postalCode>
          <country>DE</country>
          <postBox>N/A</postBox>
          <url>www.uni-greifswald.de</url>
        </address>
        <departmentName>Department of Third Party Funding Administration</departmentName>
        <relations>
          <categories>
            <category classification="organizationActivityType" type="relatedOrganizationActivityType">
              <availableLanguages readOnly="true">de,en,es,fr,it,pl</availableLanguages>
              <code>/HES</code>
              <title>Higher or Secondary Education Establishments</title>
            </category>
          </categories>
          <regions>
            <region type="relatedRegion">
              <name>Germany</name>
              <nutsCode>DE</nutsCode>
              <euCode>DE</euCode>
              <isoCode>DE</isoCode>
              <rcn>221940264</rcn>
            </region>
          </regions>
        </relations>
      </organization>
      <organization ecContribution="668750" order="10" terminated="false" type="participant">
        <availableLanguages readOnly="true">en</availableLanguages>
        <rcn>2396430</rcn>
        <id>937829466</id>
        <vatNumber>NL820848992B01</vatNumber>
        <legalName>INCATT BV</legalName>
        <shortName>INCATT</shortName>
        <address>
          <street>ROETERSSTRAAT 35</street>
          <city>AMSTERDAM</city>
          <postalCode>1018</postalCode>
          <country>NL</country>
        </address>
        <relations>
          <categories>
            <category classification="organizationActivityType" type="relatedOrganizationActivityType">
              <availableLanguages readOnly="true">de,en,es,fr,it,pl</availableLanguages>
              <code>/PRC</code>
              <title>Private for-profit entities (excluding Higher or Secondary Education Establishments)</title>
            </category>
          </categories>
          <regions>
            <region type="relatedRegion">
              <name>Netherlands</name>
              <nutsCode>NL</nutsCode>
              <euCode>NL</euCode>
              <isoCode>NL</isoCode>
              <rcn>391547432</rcn>
            </region>
          </regions>
        </relations>
      </organization>
      <organization ecContribution="153750" order="4" terminated="false" type="participant">
        <availableLanguages readOnly="true">en</availableLanguages>
        <rcn>1922147</rcn>
        <id>999858541</id>
        <vatNumber>FR70193509361</vatNumber>
        <legalName>UNIVERSITE DE RENNES I</legalName>
        <shortName>UR1</shortName>
        <address>
          <street>RUE DU THABOR 2</street>
          <city>RENNES CEDEX</city>
          <postalCode>35065</postalCode>
          <country>FR</country>
          <postBox>CS 46510</postBox>
          <url>www.univ-rennes1.fr</url>
        </address>
        <departmentName>Direction Recherche et Innovation</departmentName>
        <relations>
          <categories>
            <category classification="organizationActivityType" type="relatedOrganizationActivityType">
              <availableLanguages readOnly="true">de,en,es,fr,it,pl</availableLanguages>
              <code>/HES</code>
              <title>Higher or Secondary Education Establishments</title>
            </category>
          </categories>
          <regions>
            <region type="relatedRegion">
              <name>France</name>
              <nutsCode>FR</nutsCode>
              <euCode>FR</euCode>
              <isoCode>FR</isoCode>
              <rcn>258902568</rcn>
            </region>
          </regions>
        </relations>
      </organization>
      <organization ecContribution="547500" order="7" terminated="false" type="participant">
        <availableLanguages readOnly="true">en</availableLanguages>
        <rcn>2103113</rcn>
        <id>968685069</id>
        <legalName>Enzymicals</legalName>
        <shortName>ENZYMICALS AG</shortName>
        <address>
          <street>WALTHER-RATHENAU-STRASSE 49A</street>
          <city>GREIFSWALD</city>
          <postalCode>17489</postalCode>
          <country>DE</country>
          <url>www.enzymicals.com</url>
        </address>
        <relations>
          <categories>
            <category classification="organizationActivityType" type="relatedOrganizationActivityType">
              <availableLanguages readOnly="true">de,en,es,fr,it,pl</availableLanguages>
              <code>/PRC</code>
              <title>Private for-profit entities (excluding Higher or Secondary Education Establishments)</title>
            </category>
          </categories>
          <regions>
            <region type="relatedRegion">
              <name>Germany</name>
              <nutsCode>DE</nutsCode>
              <euCode>DE</euCode>
              <isoCode>DE</isoCode>
              <rcn>221940264</rcn>
            </region>
          </regions>
        </relations>
      </organization>
      <organization ecContribution="2294542.5" order="1" terminated="false" type="coordinator">
        <availableLanguages readOnly="true">en</availableLanguages>
        <rcn>1906407</rcn>
        <id>999547365</id>
        <vatNumber>NL806511618B01</vatNumber>
        <legalName>STICHTING WAGENINGEN RESEARCH</legalName>
        <shortName>WR</shortName>
        <address>
          <street>DROEVENDAALSESTEEG 4</street>
          <city>WAGENINGEN</city>
          <postalCode>6708 PB</postalCode>
          <country>NL</country>
          <postBox>9101</postBox>
          <url>http://www.wageningenur.nl/nl.htm</url>
        </address>
        <departmentName>LEI Wageningen UR</departmentName>
        <relations>
          <categories>
            <category classification="organizationActivityType" type="relatedOrganizationActivityType">
              <availableLanguages readOnly="true">de,en,es,fr,it,pl</availableLanguages>
              <code>/REC</code>
              <title>Research Organisations</title>
            </category>
          </categories>
          <regions>
            <region type="relatedRegion">
              <name>Netherlands</name>
              <nutsCode>NL</nutsCode>
              <euCode>NL</euCode>
              <isoCode>NL</isoCode>
              <rcn>391547432</rcn>
            </region>
          </regions>
        </relations>
      </organization>
    <categories>
      <category classification="projectFundingSchemeCategory" type="relatedProjectFundingSchemeCategory">
        <availableLanguages readOnly="true">en</availableLanguages>
        <code>/RIA</code>
        <title>Research and Innovation action</title>
      </category>
    </categories>
