  <rcn>193232</rcn>
  <acronym>MIROCALS</acronym>
  <objective>Amyotrophic Lateral Sclerosis (ALS) is a fatal degenerative disorder of the brain and spinal cord affecting some 40,000 individuals in Europe, causing 11,000 deaths each year. Our pioneering work on riluzole showed that it is possible to modify ALS progression but all subsequent trials of potential neuroprotective agents have failed. Thus, drug development in ALS, including trial design, patient selection, and outcome measures must be re-engineered to break the current impasse. Nerve cell death in ALS is associated with inflammation, which contributes to cell damage, and is a logical target for therapy. Although therapeutic attempts to modify this have failed so far, the discovery of regulatory T cells (Tregs) as key players in controlling inflammatory processes opens new possibilities since defective Treg function is important in ALS. In fact, Treg numbers and function predict rates of disease progression and survival. Low-dose interleukin-2 (ld IL-2) safely and specifically increases and activates Tregs in conditions such as type 1 diabetes, HBc-vasculitis and chronic graft-versus-host disease, so ld IL-2 has the potential to significantly improve survival and deliver a therapeutic breakthrough in ALS. We also integrate biomarkers for nerve cell damage into the trial design to provide proof of concept/mechanism. “Modifying Immune Response and OutComes in ALS” (MIROCALS) will test the hypothesis that ld IL-2-induced increases in Tregs result in decreased rates of nerve cell damage and that this effect can be detected early in the course of the disease using a range of blood and cerebrospinal fluid biomarkers. Our ambition is to develop a new therapy for ALS and through this novel trial design break the impasse in drug development of other disease-modifying agents in ALS. The impact will be to enhance quality of life and care for people with ALS, and provide a robust model for Industry to encourage investment in ALS and other neurodegenerative diseases.</objective>
  <title>Efficacy and safety of low-dose IL-2 (ld-IL-2) as a Treg enhancer for anti-neuroinflammatory therapy in newly diagnosed Amyotrophic Lateral Sclerosis (ALS) patients</title>
      <organization ecContribution="452900.2" order="12" terminated="false" type="participant">
        <availableLanguages readOnly="true">en</availableLanguages>
        <rcn>2715152</rcn>
        <id>918446441</id>
        <vatNumber>GB242608029</vatNumber>
        <legalName>WGK CONSULTANCY LTD</legalName>
        <shortName>WGK</shortName>
        <address>
          <street>29 SISH LANE</street>
          <city>STEVENAGE</city>
          <postalCode>SG1 3LS</postalCode>
          <country>UK</country>
        </address>
        <relations>
          <categories>
            <category classification="organizationActivityType" type="relatedOrganizationActivityType">
              <availableLanguages readOnly="true">de,en,es,fr,it,pl</availableLanguages>
              <code>/PRC</code>
              <title>Private for-profit entities (excluding Higher or Secondary Education Establishments)</title>
            </category>
          </categories>
          <regions>
            <region type="relatedRegion">
              <name>United Kingdom</name>
              <nutsCode>UK</nutsCode>
              <euCode>UK</euCode>
              <isoCode>GB</isoCode>
              <rcn>508725800</rcn>
            </region>
          </regions>
        </relations>
      </organization>
      <organization ecContribution="1193572.8" order="1" terminated="false" type="coordinator">
        <availableLanguages readOnly="true">en</availableLanguages>
        <rcn>2391725</rcn>
        <id>952733128</id>
        <vatNumber>FR83263000036</vatNumber>
        <legalName>CENTRE HOSPITALIER UNIVERSITAIRE</legalName>
        <shortName>NIM</shortName>
        <address>
          <street>PLACE DU PR ROBERT DEBRE</street>
          <city>NIMES</city>
          <postalCode>30900</postalCode>
          <country>FR</country>
        </address>
        <relations>
          <categories>
            <category classification="organizationActivityType" type="relatedOrganizationActivityType">
              <availableLanguages readOnly="true">de,en,es,fr,it,pl</availableLanguages>
              <code>/REC</code>
              <title>Research Organisations</title>
            </category>
          </categories>
          <regions>
            <region type="relatedRegion">
              <name>France</name>
              <nutsCode>FR</nutsCode>
              <euCode>FR</euCode>
              <isoCode>FR</isoCode>
              <rcn>258902568</rcn>
            </region>
          </regions>
        </relations>
      </organization>
      <organization ecContribution="435306" order="8" terminated="false" type="participant">
        <availableLanguages readOnly="true">en</availableLanguages>
        <rcn>1906163</rcn>
        <id>999976881</id>
        <vatNumber>GB648238808</vatNumber>
        <legalName>THE UNIVERSITY OF SHEFFIELD</legalName>
        <shortName>USFD</shortName>
        <address>
          <street>FIRTH COURT WESTERN BANK</street>
          <city>SHEFFIELD</city>
          <postalCode>S10 2TN</postalCode>
          <country>UK</country>
          <url>www.shef.ac.uk</url>
        </address>
        <departmentName>Research Finance</departmentName>
        <relations>
          <categories>
            <category classification="organizationActivityType" type="relatedOrganizationActivityType">
              <availableLanguages readOnly="true">de,en,es,fr,it,pl</availableLanguages>
              <code>/HES</code>
              <title>Higher or Secondary Education Establishments</title>
            </category>
          </categories>
          <regions>
            <region type="relatedRegion">
              <name>United Kingdom</name>
              <nutsCode>UK</nutsCode>
              <euCode>UK</euCode>
              <isoCode>GB</isoCode>
              <rcn>508725800</rcn>
            </region>
          </regions>
        </relations>
      </organization>
      <organization ecContribution="698821" order="3" terminated="false" type="participant">
        <availableLanguages readOnly="true">en</availableLanguages>
        <rcn>2391727</rcn>
        <id>931760370</id>
        <vatNumber>IE8201978R</vatNumber>
        <legalName>ICON CLINICAL RESEARCH LIMITED</legalName>
        <shortName>ICON</shortName>
        <address>
          <street>SOUTH COUNTY BUSINESS PARK, LEOPARDSTOWN</street>
          <city>DUBLIN</city>
          <postalCode>18</postalCode>
          <country>IE</country>
        </address>
        <relations>
          <categories>
            <category classification="organizationActivityType" type="relatedOrganizationActivityType">
              <availableLanguages readOnly="true">de,en,es,fr,it,pl</availableLanguages>
              <code>/PRC</code>
              <title>Private for-profit entities (excluding Higher or Secondary Education Establishments)</title>
            </category>
          </categories>
          <regions>
            <region type="relatedRegion">
              <name>Ireland</name>
              <nutsCode>IE</nutsCode>
              <euCode>IE</euCode>
              <isoCode>IE</isoCode>
              <rcn>305826344</rcn>
            </region>
          </regions>
        </relations>
      </organization>
      <organization ecContribution="0" order="11" terminated="false" type="participant">
        <availableLanguages readOnly="true">en</availableLanguages>
        <rcn>2391735</rcn>
        <id>937808902</id>
        <legalName>MOTOR NEURONE DISEASE ASSOCIATION</legalName>
        <shortName>MNDA</shortName>
        <address>
          <street>10 15 NOTRE DAME MEWS</street>
          <city>NORTHAMPTON</city>
          <postalCode>NN1 2BG</postalCode>
          <country>UK</country>
        </address>
        <relations>
          <categories>
            <category classification="organizationActivityType" type="relatedOrganizationActivityType">
              <availableLanguages readOnly="true">de,en,es,fr,it,pl</availableLanguages>
              <code>/OTH</code>
              <title>Other</title>
            </category>
          </categories>
          <regions>
            <region type="relatedRegion">
              <name>United Kingdom</name>
              <nutsCode>UK</nutsCode>
              <euCode>UK</euCode>
              <isoCode>GB</isoCode>
              <rcn>508725800</rcn>
            </region>
          </regions>
        </relations>
      </organization>
      <organization ecContribution="1237191.25" order="7" terminated="false" type="participant">
        <availableLanguages readOnly="true">en</availableLanguages>
        <rcn>1905955</rcn>
        <id>999852721</id>
        <vatNumber>GB692712320</vatNumber>
        <legalName>THE UNIVERSITY OF SUSSEX</legalName>
        <shortName>UOS</shortName>
        <address>
          <street>SUSSEX HOUSE FALMER</street>
          <city>BRIGHTON</city>
          <postalCode>BN1 9RH</postalCode>
          <country>UK</country>
          <postBox>000</postBox>
          <url>http://www.sussex.ac.uk</url>
        </address>
        <departmentName>Research and Enterprise</departmentName>
        <relations>
          <categories>
            <category classification="organizationActivityType" type="relatedOrganizationActivityType">
              <availableLanguages readOnly="true">de,en,es,fr,it,pl</availableLanguages>
              <code>/HES</code>
              <title>Higher or Secondary Education Establishments</title>
            </category>
          </categories>
          <regions>
            <region type="relatedRegion">
              <name>United Kingdom</name>
              <nutsCode>UK</nutsCode>
              <euCode>UK</euCode>
              <isoCode>GB</isoCode>
              <rcn>508725800</rcn>
            </region>
          </regions>
        </relations>
      </organization>
      <organization ecContribution="450000" order="2" terminated="false" type="participant">
        <availableLanguages readOnly="true">en</availableLanguages>
        <rcn>1907458</rcn>
        <id>999955541</id>
        <vatNumber>FR29434033619</vatNumber>
        <legalName>INSERM - TRANSFERT SA</legalName>
        <shortName>IT</shortName>
        <address>
          <street>RUE WATT 7</street>
          <city>PARIS</city>
          <postalCode>75013</postalCode>
          <country>FR</country>
          <url>www.inserm-transfert.fr</url>
        </address>
        <relations>
          <categories>
            <category classification="organizationActivityType" type="relatedOrganizationActivityType">
              <availableLanguages readOnly="true">de,en,es,fr,it,pl</availableLanguages>
              <code>/PRC</code>
              <title>Private for-profit entities (excluding Higher or Secondary Education Establishments)</title>
            </category>
          </categories>
          <regions>
            <region type="relatedRegion">
              <name>France</name>
              <nutsCode>FR</nutsCode>
              <euCode>FR</euCode>
              <isoCode>FR</isoCode>
              <rcn>258902568</rcn>
            </region>
          </regions>
        </relations>
      </organization>
      <organization ecContribution="450000" order="5" terminated="false" type="participant">
        <availableLanguages readOnly="true">en</availableLanguages>
        <rcn>1922463</rcn>
        <id>999785015</id>
        <vatNumber>IT10125410158</vatNumber>
        <legalName>HUMANITAS MIRASOLE SPA</legalName>
        <shortName>ICH</shortName>
        <address>
          <street>Via Manzoni, 56</street>
          <city>ROZZANO-MILAN</city>
          <postalCode>20089</postalCode>
          <country>IT</country>
          <url>www.humanitas.it</url>
        </address>
        <relations>
          <categories>
            <category classification="organizationActivityType" type="relatedOrganizationActivityType">
              <availableLanguages readOnly="true">de,en,es,fr,it,pl</availableLanguages>
              <code>/PRC</code>
              <title>Private for-profit entities (excluding Higher or Secondary Education Establishments)</title>
            </category>
          </categories>
          <regions>
            <region type="relatedRegion">
              <name>Italy</name>
              <nutsCode>IT</nutsCode>
              <euCode>IT</euCode>
              <isoCode>IT</isoCode>
              <rcn>309758504</rcn>
            </region>
          </regions>
        </relations>
      </organization>
      <organization ecContribution="159138.75" order="10" terminated="false" type="participant">
        <availableLanguages readOnly="true">en</availableLanguages>
        <rcn>1905573</rcn>
        <id>999847677</id>
        <vatNumber>GB248837911</vatNumber>
        <legalName>QUEEN MARY UNIVERSITY OF LONDON</legalName>
        <shortName>QMUL</shortName>
        <address>
          <street>327 MILE END ROAD</street>
          <city>LONDON</city>
          <postalCode>E1 4NS</postalCode>
          <country>UK</country>
          <postBox>N/A</postBox>
          <url>www.qmul.ac.uk</url>
        </address>
        <departmentName>Joint Research Management Office</departmentName>
        <relations>
          <categories>
            <category classification="organizationActivityType" type="relatedOrganizationActivityType">
              <availableLanguages readOnly="true">de,en,es,fr,it,pl</availableLanguages>
              <code>/HES</code>
              <title>Higher or Secondary Education Establishments</title>
            </category>
          </categories>
          <regions>
            <region type="relatedRegion">
              <name>United Kingdom</name>
              <nutsCode>UK</nutsCode>
              <euCode>UK</euCode>
              <isoCode>GB</isoCode>
              <rcn>508725800</rcn>
            </region>
          </regions>
        </relations>
      </organization>
      <organization ecContribution="272215" order="4" terminated="false" type="participant">
        <availableLanguages readOnly="true">en</availableLanguages>
        <rcn>1906218</rcn>
        <id>998217883</id>
        <legalName>ASSOCIATION GENETHON</legalName>
        <shortName>GEN</shortName>
        <address>
          <street>RUE DE L INTERNATIONALE  1 BIS</street>
          <city>EVRY</city>
          <postalCode>91002</postalCode>
          <country>FR</country>
          <postBox>BP60</postBox>
          <url>www.genethon.fr</url>
        </address>
        <relations>
          <categories>
            <category classification="organizationActivityType" type="relatedOrganizationActivityType">
              <availableLanguages readOnly="true">de,en,es,fr,it,pl</availableLanguages>
              <code>/REC</code>
              <title>Research Organisations</title>
            </category>
          </categories>
          <regions>
            <region type="relatedRegion">
              <name>France</name>
              <nutsCode>FR</nutsCode>
              <euCode>FR</euCode>
              <isoCode>FR</isoCode>
              <rcn>258902568</rcn>
            </region>
          </regions>
        </relations>
      </organization>
      <organization ecContribution="140500" order="6" terminated="false" type="participant">
        <availableLanguages readOnly="true">en</availableLanguages>
        <rcn>1905548</rcn>
        <id>999981925</id>
        <vatNumber>SE202100315301</vatNumber>
        <legalName>GOETEBORGS UNIVERSITET</legalName>
        <shortName>UGOT</shortName>
        <address>
          <street>VASAPARKEN</street>
          <city>GOETEBORG</city>
          <postalCode>405 30</postalCode>
          <country>SE</country>
          <postBox>100</postBox>
          <url>www.gu.se</url>
        </address>
        <departmentName>Research and Innovation Services</departmentName>
        <relations>
          <categories>
            <category classification="organizationActivityType" type="relatedOrganizationActivityType">
              <availableLanguages readOnly="true">de,en,es,fr,it,pl</availableLanguages>
              <code>/HES</code>
              <title>Higher or Secondary Education Establishments</title>
            </category>
          </categories>
          <regions>
            <region type="relatedRegion">
              <name>Sweden</name>
              <nutsCode>SE</nutsCode>
              <euCode>SE</euCode>
              <isoCode>SE</isoCode>
              <rcn>473598504</rcn>
            </region>
          </regions>
        </relations>
      </organization>
      <organization ecContribution="490790" order="9" terminated="false" type="participant">
        <availableLanguages readOnly="true">en</availableLanguages>
        <rcn>1907434</rcn>
        <id>999981052</id>
        <vatNumber>GB627403551</vatNumber>
        <legalName>KING'S COLLEGE LONDON</legalName>
        <shortName>KCL</shortName>
        <address>
          <street>Strand</street>
          <city>LONDON</city>
          <postalCode>WC2R 2LS</postalCode>
          <country>UK</country>
          <postBox>N/A</postBox>
          <url>www.kcl.ac.uk</url>
        </address>
        <departmentName>RESEARCH GRANTS &amp; CONTRACTS</departmentName>
        <relations>
          <categories>
            <category classification="organizationActivityType" type="relatedOrganizationActivityType">
              <availableLanguages readOnly="true">de,en,es,fr,it,pl</availableLanguages>
              <code>/HES</code>
              <title>Higher or Secondary Education Establishments</title>
            </category>
          </categories>
          <regions>
            <region type="relatedRegion">
              <name>United Kingdom</name>
              <nutsCode>UK</nutsCode>
              <euCode>UK</euCode>
              <isoCode>GB</isoCode>
              <rcn>508725800</rcn>
            </region>
          </regions>
        </relations>
      </organization>
    <categories>
      <category classification="projectFundingSchemeCategory" type="relatedProjectFundingSchemeCategory">
        <availableLanguages readOnly="true">en</availableLanguages>
        <code>/RIA</code>
        <title>Research and Innovation action</title>
      </category>
    </categories>
