  <rcn>193363</rcn>
  <acronym>BENEFIT</acronym>
  <objective>BENEFIT takes an innovative approach by analysing funding schemes within an inter-related system. Funding schemes are successful (or not) depending on the Business Model that generates them. The performance of the Business Model is affected by the implementation context and the transport mode. It is matched successfully (or not) by a financing scheme. Relations between actors are described by a governance model (contracting arrangements). These are key elements in Transport Infrastructure Provision, Operation and Maintenance. Success is a measure of the appropriate matching of elements. Within BENEFIT funding and financing schemes are analysed in this respect. Describing these key elements through their characteristics and attributes and clustering each of them is the basis of, first, developing a generic framework. This allows for the transferability of findings with respect to “lessons learned”, “limitations” and “the impact of the financial and economic crisis”. Identifying best matches in their inter-relations and where to intervene, leads to move from a generic framework to a powerful decision policy tool, which can assess funding schemes for investments in modern infrastructure with smart pricing and funding in view of 2050 challenges and needs.
The BENEFIT partnership takes stock of over twenty years of EC funded, national and international research. It receives direct input (evidence study cases) from the OMEGA Centre and COST Action TU1001. It is set-up to share and exchange knowledge and debate. Its high level international advisory group and its consultation group demonstrate its ability to reach out to all stakeholders to share its innovative approach. Namely:
1)Transport infrastructure business models and their project rating by which further value propositions may be included to lead to funding schemes with enhanced creditworthiness enabling viable financing
2)Transferability 
3)Open-access case study database serving both practitioners and researchers</objective>
  <title>BUSINESS MODELS FOR ENHANCING FUNDING AND ENABLING FINANCING OF INFRASTRUCTURE IN TRANSPORT</title>
      <organization ecContribution="213923.75" order="2" terminated="false" type="participant">
        <availableLanguages readOnly="true">en</availableLanguages>
        <rcn>1909208</rcn>
        <id>999902870</id>
        <vatNumber>BE0257216482</vatNumber>
        <legalName>UNIVERSITEIT ANTWERPEN</legalName>
        <shortName>UANTWERP</shortName>
        <address>
          <street>PRINSSTRAAT 13</street>
          <city>ANTWERPEN</city>
          <postalCode>2000</postalCode>
          <country>BE</country>
          <postBox>N/A</postBox>
          <url>www.ua.ac.be</url>
        </address>
        <departmentName>Research Department</departmentName>
        <relations>
          <categories>
            <category classification="organizationActivityType" type="relatedOrganizationActivityType">
              <availableLanguages readOnly="true">de,en,es,fr,it,pl</availableLanguages>
              <code>/HES</code>
              <title>Higher or Secondary Education Establishments</title>
            </category>
          </categories>
          <regions>
            <region type="relatedRegion">
              <name>Belgium</name>
              <nutsCode>BE</nutsCode>
              <euCode>BE</euCode>
              <isoCode>BE</isoCode>
              <rcn>188385832</rcn>
            </region>
          </regions>
        </relations>
      </organization>
      <organization ecContribution="89438.05" order="11" terminated="false" type="participant">
        <availableLanguages readOnly="true">en</availableLanguages>
        <rcn>1909774</rcn>
        <id>999929739</id>
        <vatNumber>ESQ3518001G</vatNumber>
        <legalName>UNIVERSIDAD DE LAS PALMAS DE GRAN CANARIA</legalName>
        <shortName>ULPGC</shortName>
        <address>
          <street>C/ Juan de Quesada  30</street>
          <city>LAS PALMAS DE GRAN CANARIA</city>
          <postalCode>35001</postalCode>
          <country>ES</country>
          <url>http://www.ulpgc.es</url>
        </address>
        <departmentName>Management</departmentName>
        <relations>
          <categories>
            <category classification="organizationActivityType" type="relatedOrganizationActivityType">
              <availableLanguages readOnly="true">de,en,es,fr,it,pl</availableLanguages>
              <code>/HES</code>
              <title>Higher or Secondary Education Establishments</title>
            </category>
          </categories>
          <regions>
            <region type="relatedRegion">
              <name>Spain</name>
              <nutsCode>ES</nutsCode>
              <euCode>ES</euCode>
              <isoCode>ES</isoCode>
              <rcn>242387496</rcn>
            </region>
          </regions>
        </relations>
      </organization>
      <organization ecContribution="100062.5" order="3" terminated="false" type="participant">
        <availableLanguages readOnly="true">en</availableLanguages>
        <rcn>1906253</rcn>
        <id>999844670</id>
        <vatNumber>FI02458955</vatNumber>
        <legalName>OULUN YLIOPISTO</legalName>
        <shortName>UOULU</shortName>
        <address>
          <street>PENTTI KAITERAN KATU 1</street>
          <city>OULU</city>
          <postalCode>90014</postalCode>
          <country>FI</country>
          <postBox>8000</postBox>
          <url>www.oulu.fi</url>
        </address>
        <departmentName>Department of Communications Engineering</departmentName>
        <relations>
          <categories>
            <category classification="organizationActivityType" type="relatedOrganizationActivityType">
              <availableLanguages readOnly="true">de,en,es,fr,it,pl</availableLanguages>
              <code>/HES</code>
              <title>Higher or Secondary Education Establishments</title>
            </category>
          </categories>
          <regions>
            <region type="relatedRegion">
              <name>Finland</name>
              <nutsCode>FI</nutsCode>
              <euCode>FI</euCode>
              <isoCode>FI</isoCode>
              <rcn>256543272</rcn>
            </region>
          </regions>
        </relations>
      </organization>
      <organization ecContribution="135691.25" order="7" terminated="false" type="participant">
        <availableLanguages readOnly="true">en</availableLanguages>
        <rcn>1908335</rcn>
        <id>999900833</id>
        <vatNumber>NL002946725B01</vatNumber>
        <legalName>UNIVERSITEIT TWENTE</legalName>
        <shortName>UTWENTE</shortName>
        <address>
          <street>DRIENERLOLAAN 5</street>
          <city>ENSCHEDE</city>
          <postalCode>7522 NB</postalCode>
          <country>NL</country>
          <postBox>000</postBox>
          <url>www.utwente.nl</url>
        </address>
        <departmentName>Faculty of EEMCS</departmentName>
        <relations>
          <categories>
            <category classification="organizationActivityType" type="relatedOrganizationActivityType">
              <availableLanguages readOnly="true">de,en,es,fr,it,pl</availableLanguages>
              <code>/HES</code>
              <title>Higher or Secondary Education Establishments</title>
            </category>
          </categories>
          <regions>
            <region type="relatedRegion">
              <name>Netherlands</name>
              <nutsCode>NL</nutsCode>
              <euCode>NL</euCode>
              <isoCode>NL</isoCode>
              <rcn>391547432</rcn>
            </region>
          </regions>
        </relations>
      </organization>
      <organization ecContribution="139999.45" order="6" terminated="false" type="participant">
        <availableLanguages readOnly="true">en</availableLanguages>
        <rcn>1923268</rcn>
        <id>997168634</id>
        <vatNumber>IT08578370150</vatNumber>
        <legalName>TRT TRASPORTI E TERRITORIO SRL</legalName>
        <shortName>TRT</shortName>
        <address>
          <street>VIA RUTILIA 10/8</street>
          <city>MILANO</city>
          <postalCode>20141</postalCode>
          <country>IT</country>
          <url>www.TRTtrasportieterritorio.it</url>
        </address>
        <relations>
          <categories>
            <category classification="organizationActivityType" type="relatedOrganizationActivityType">
              <availableLanguages readOnly="true">de,en,es,fr,it,pl</availableLanguages>
              <code>/PRC</code>
              <title>Private for-profit entities (excluding Higher or Secondary Education Establishments)</title>
            </category>
          </categories>
          <regions>
            <region type="relatedRegion">
              <name>Italy</name>
              <nutsCode>IT</nutsCode>
              <euCode>IT</euCode>
              <isoCode>IT</isoCode>
              <rcn>309758504</rcn>
            </region>
          </regions>
        </relations>
      </organization>
      <organization ecContribution="39065" order="14" terminated="false" type="participant">
        <availableLanguages readOnly="true">en</availableLanguages>
        <rcn>2372976</rcn>
        <id>972528403</id>
        <vatNumber>RS100251144</vatNumber>
        <legalName>FACULTY OF CIVIL ENGINEERING</legalName>
        <shortName>UBFCE</shortName>
        <address>
          <street>BULEVAR KRALJA ALEKSANDRA 73</street>
          <city>BELGRADE</city>
          <postalCode>11000</postalCode>
          <country>RS</country>
        </address>
        <relations>
          <categories>
            <category classification="organizationActivityType" type="relatedOrganizationActivityType">
              <availableLanguages readOnly="true">de,en,es,fr,it,pl</availableLanguages>
              <code>/HES</code>
              <title>Higher or Secondary Education Establishments</title>
            </category>
          </categories>
          <regions>
            <region type="relatedRegion">
              <name>Serbia</name>
              <nutsCode>RS</nutsCode>
              <euCode>RS</euCode>
              <isoCode>RS</isoCode>
              <rcn>460491304</rcn>
            </region>
          </regions>
        </relations>
      </organization>
      <organization ecContribution="86250" order="10" terminated="false" type="participant">
        <availableLanguages readOnly="true">en</availableLanguages>
        <rcn>1923004</rcn>
        <id>999746409</id>
        <vatNumber>PT504527380</vatNumber>
        <legalName>TIS PT, CONSULTORES EM TRANSPORTES, INOVACAO E SISTEMAS, SA</legalName>
        <shortName>TIS</shortName>
        <address>
          <street>AVENIDA MARQUES DE TOMAR 35-6D</street>
          <city>LISBON</city>
          <postalCode>1050-153</postalCode>
          <country>PT</country>
          <url>www.tis.pt</url>
        </address>
        <relations>
          <categories>
            <category classification="organizationActivityType" type="relatedOrganizationActivityType">
              <availableLanguages readOnly="true">de,en,es,fr,it,pl</availableLanguages>
              <code>/PRC</code>
              <title>Private for-profit entities (excluding Higher or Secondary Education Establishments)</title>
            </category>
          </categories>
          <regions>
            <region type="relatedRegion">
              <name>Portugal</name>
              <nutsCode>PT</nutsCode>
              <euCode>PT</euCode>
              <isoCode>PT</isoCode>
              <rcn>427199016</rcn>
            </region>
          </regions>
        </relations>
      </organization>
      <organization ecContribution="103762.5" order="5" terminated="false" type="participant">
        <availableLanguages readOnly="true">en</availableLanguages>
        <rcn>1907044</rcn>
        <id>990797674</id>
        <vatNumber>DE266749428</vatNumber>
        <legalName>KARLSRUHER INSTITUT FUER TECHNOLOGIE</legalName>
        <shortName>KIT</shortName>
        <address>
          <street>KAISERSTRASSE 12</street>
          <city>KARLSRUHE</city>
          <postalCode>76131</postalCode>
          <country>DE</country>
          <url>www.kit.edu</url>
        </address>
        <departmentName>Institute for Anthropomatics</departmentName>
        <departmentName> RG 3-01 Multilingual Speech R</departmentName>
        <relations>
          <categories>
            <category classification="organizationActivityType" type="relatedOrganizationActivityType">
              <availableLanguages readOnly="true">de,en,es,fr,it,pl</availableLanguages>
              <code>/HES</code>
              <title>Higher or Secondary Education Establishments</title>
            </category>
          </categories>
          <regions>
            <region type="relatedRegion">
              <name>Germany</name>
              <nutsCode>DE</nutsCode>
              <euCode>DE</euCode>
              <isoCode>DE</isoCode>
              <rcn>221940264</rcn>
            </region>
          </regions>
        </relations>
      </organization>
      <organization ecContribution="130562.5" order="13" terminated="false" type="participant">
        <availableLanguages readOnly="true">en</availableLanguages>
        <rcn>1908449</rcn>
        <id>999883858</id>
        <vatNumber>GB677379376</vatNumber>
        <legalName>UNIVERSITY OF CENTRAL LANCASHIRE</legalName>
        <shortName>UCLAN</shortName>
        <address>
          <street>-</street>
          <city>PRESTON</city>
          <postalCode>00012</postalCode>
          <country>UK</country>
          <url>www.uclan.ac.uk</url>
        </address>
        <departmentName>UCLan Funding Development and Support</departmentName>
        <relations>
          <categories>
            <category classification="organizationActivityType" type="relatedOrganizationActivityType">
              <availableLanguages readOnly="true">de,en,es,fr,it,pl</availableLanguages>
              <code>/HES</code>
              <title>Higher or Secondary Education Establishments</title>
            </category>
          </categories>
          <regions>
            <region type="relatedRegion">
              <name>United Kingdom</name>
              <nutsCode>UK</nutsCode>
              <euCode>UK</euCode>
              <isoCode>GB</isoCode>
              <rcn>508725800</rcn>
            </region>
          </regions>
        </relations>
      </organization>
      <organization ecContribution="57912.5" order="8" terminated="false" type="participant">
        <availableLanguages readOnly="true">en</availableLanguages>
        <rcn>1940889</rcn>
        <id>998048715</id>
        <vatNumber>PL5250007661</vatNumber>
        <legalName>INSTYTUT BADAWCZY DROG I MOSTOW</legalName>
        <shortName>IBDiM</shortName>
        <address>
          <street>UL. INSTYTUTOWA 1</street>
          <city>WARSZAWA</city>
          <postalCode>03 302</postalCode>
          <country>PL</country>
          <url>www.ibdim.edu.pl</url>
        </address>
        <relations>
          <categories>
            <category classification="organizationActivityType" type="relatedOrganizationActivityType">
              <availableLanguages readOnly="true">de,en,es,fr,it,pl</availableLanguages>
              <code>/REC</code>
              <title>Research Organisations</title>
            </category>
          </categories>
          <regions>
            <region type="relatedRegion">
              <name>Poland</name>
              <nutsCode>PL</nutsCode>
              <euCode>PL</euCode>
              <isoCode>PL</isoCode>
              <rcn>425101864</rcn>
            </region>
          </regions>
        </relations>
      </organization>
      <organization ecContribution="171690" order="12" terminated="false" type="participant">
        <availableLanguages readOnly="true">en</availableLanguages>
        <rcn>1906225</rcn>
        <id>999975620</id>
        <vatNumber>GB524371168</vatNumber>
        <legalName>UNIVERSITY COLLEGE LONDON</legalName>
        <shortName>UCL</shortName>
        <address>
          <street>GOWER STREET</street>
          <city>LONDON</city>
          <postalCode>WC1E 6BT</postalCode>
          <country>UK</country>
          <postBox>000</postBox>
          <url>http://www.ucl.ac.uk</url>
        </address>
        <departmentName>European Research and Innovation Office</departmentName>
        <relations>
          <categories>
            <category classification="organizationActivityType" type="relatedOrganizationActivityType">
              <availableLanguages readOnly="true">de,en,es,fr,it,pl</availableLanguages>
              <code>/HES</code>
              <title>Higher or Secondary Education Establishments</title>
            </category>
          </categories>
          <regions>
            <region type="relatedRegion">
              <name>United Kingdom</name>
              <nutsCode>UK</nutsCode>
              <euCode>UK</euCode>
              <isoCode>GB</isoCode>
              <rcn>508725800</rcn>
            </region>
          </regions>
        </relations>
      </organization>
      <organization ecContribution="86397.5" order="4" terminated="false" type="participant">
        <availableLanguages readOnly="true">en</availableLanguages>
        <rcn>2090934</rcn>
        <id>948933735</id>
        <vatNumber>FR94130018310</vatNumber>
        <legalName>CENTRE D ETUDES ET D EXPERTISE SUR LES RISQUES L ENVIRONNEMENT LA MOBILITE ET L AMENAGEMENT</legalName>
        <shortName>Cerema</shortName>
        <address>
          <street>25 AV FRANCOIS MITTERRAND</street>
          <city>BRON</city>
          <postalCode>69500</postalCode>
          <country>FR</country>
          <postBox>000</postBox>
          <url>www.cerema.fr</url>
        </address>
        <relations>
          <categories>
            <category classification="organizationActivityType" type="relatedOrganizationActivityType">
              <availableLanguages readOnly="true">de,en,es,fr,it,pl</availableLanguages>
              <code>/PUB</code>
              <title>Public bodies (excluding Research Organisations and Secondary or Higher Education Establishments)</title>
            </category>
          </categories>
          <regions>
            <region type="relatedRegion">
              <name>France</name>
              <nutsCode>FR</nutsCode>
              <euCode>FR</euCode>
              <isoCode>FR</isoCode>
              <rcn>258902568</rcn>
            </region>
          </regions>
        </relations>
      </organization>
      <organization ecContribution="213893.75" order="1" terminated="false" type="coordinator">
        <availableLanguages readOnly="true">en</availableLanguages>
        <rcn>1908344</rcn>
        <id>999840693</id>
        <vatNumber>EL090166310</vatNumber>
        <legalName>PANEPISTIMIO AIGAIOU</legalName>
        <shortName>UAeg</shortName>
        <address>
          <street>LOFOS PANEPISTIMIOU</street>
          <city>MYTILINI</city>
          <postalCode>81100</postalCode>
          <country>EL</country>
          <postBox>000</postBox>
          <url>www.aegean.gr</url>
        </address>
        <departmentName>Department of Information and Communication Systems Engineer</departmentName>
        <relations>
          <categories>
            <category classification="organizationActivityType" type="relatedOrganizationActivityType">
              <availableLanguages readOnly="true">de,en,es,fr,it,pl</availableLanguages>
              <code>/HES</code>
              <title>Higher or Secondary Education Establishments</title>
            </category>
          </categories>
          <regions>
            <region type="relatedRegion">
              <name>Greece</name>
              <nutsCode>GR</nutsCode>
              <euCode>EL</euCode>
              <isoCode>GR</isoCode>
              <rcn>240552488</rcn>
            </region>
          </regions>
        </relations>
      </organization>
      <organization ecContribution="102812.5" order="9" terminated="false" type="participant">
        <availableLanguages readOnly="true">en</availableLanguages>
        <rcn>1905853</rcn>
        <id>999992983</id>
        <vatNumber>PT501507930</vatNumber>
        <legalName>INSTITUTO SUPERIOR TECNICO</legalName>
        <shortName>IST</shortName>
        <address>
          <street>AVENIDA ROVISCO PAIS 1</street>
          <city>LISBOA</city>
          <postalCode>1049-001</postalCode>
          <country>PT</country>
          <url>www.ist.utl.pt</url>
        </address>
        <relations>
          <categories>
            <category classification="organizationActivityType" type="relatedOrganizationActivityType">
              <availableLanguages readOnly="true">de,en,es,fr,it,pl</availableLanguages>
              <code>/HES</code>
              <title>Higher or Secondary Education Establishments</title>
            </category>
          </categories>
          <regions>
            <region type="relatedRegion">
              <name>Portugal</name>
              <nutsCode>PT</nutsCode>
              <euCode>PT</euCode>
              <isoCode>PT</isoCode>
              <rcn>427199016</rcn>
            </region>
          </regions>
        </relations>
      </organization>
    <categories>
      <category classification="projectFundingSchemeCategory" type="relatedProjectFundingSchemeCategory">
        <availableLanguages readOnly="true">en</availableLanguages>
        <code>/CSA</code>
        <title>Coordination and support action</title>
      </category>
    </categories>
