  <rcn>193408</rcn>
  <acronym>EXTREME</acronym>
  <objective>The European industry is currently a world leader in aviation and to maintain its leading position and competitiveness in the dynamic global market, Europe’s industry must develop quickly and efficiently high quality products by meeting time-critical market demands and customers’ needs.  Industrial competition is becoming fiercer not only from established regions, such as the USA, but from new emerging challengers, such as Brazil, Canada, etc.
Technological leadership and innovation is becoming the major competitive differentiator, most notably in terms of costs, and environmental performance. The market demands shorter cycles of new technology integration and, on the other hand, competitors enter the market with aggressive prices. 
It is forecasted that in 2050, innovative products and services demanded by the market will be based on state of the art design, manufacturing and certification processes with a significant reduction of the environmental impact. Recent studies have shown   that the development and deployment of new structural technologies will have the greatest impact in the reduction of weight and operational costs compared to other technologies. Against this background, composite materials technology is of fundamental importance to current and future aircraft structures where high specific properties and integration of multiple functionalities are essential to improve weight, fuel efficiency, reduce CO2 emissions, and certification costs. The vulnerability of composite structures to localised, dynamic, sudden, and unexpected loads, may result in unpredictable complex localized damage and a loss of post-impact residual strength. 
The aim of the EXTREME project is to develop novel material characterisation methods and in-situ measurement techniques, material models and simulation methods for the design and manufacture aerospace composite structures under EXTREME dynamic loadings leading to a significant reduction of weight, design and certification cost.</objective>
  <title>EXTREME Dynamic Loading - Pushing the Boundaries of Aerospace Composite Material Structures</title>
      <organization ecContribution="984000" order="1" terminated="false" type="coordinator">
        <availableLanguages readOnly="true">en</availableLanguages>
        <rcn>1908879</rcn>
        <id>999842924</id>
        <vatNumber>GB639542122</vatNumber>
        <legalName>UNIVERSITY OF BATH</legalName>
        <shortName>UBAH</shortName>
        <address>
          <street>CLAVERTON DOWN</street>
          <city>BATH</city>
          <postalCode>BA2 7AY</postalCode>
          <country>UK</country>
          <postBox>000</postBox>
          <url>http://www.bath.ac.uk/</url>
        </address>
        <departmentName>Research Development &amp; Support Office (RDSO)</departmentName>
        <relations>
          <categories>
            <category classification="organizationActivityType" type="relatedOrganizationActivityType">
              <availableLanguages readOnly="true">de,en,es,fr,it,pl</availableLanguages>
              <code>/HES</code>
              <title>Higher or Secondary Education Establishments</title>
            </category>
          </categories>
          <regions>
            <region type="relatedRegion">
              <name>United Kingdom</name>
              <nutsCode>UK</nutsCode>
              <euCode>UK</euCode>
              <isoCode>GB</isoCode>
              <rcn>508725800</rcn>
            </region>
          </regions>
        </relations>
      </organization>
      <organization ecContribution="225790" order="14" terminated="false" type="participant">
        <availableLanguages readOnly="true">en</availableLanguages>
        <rcn>1905824</rcn>
        <id>999969315</id>
        <vatNumber>IL520027194</vatNumber>
        <legalName>ISRAEL AEROSPACE INDUSTRIES LTD.</legalName>
        <shortName>IAI</shortName>
        <address>
          <street>BEN GURION INTERNATIONAL AIRPORT</street>
          <city>LOD</city>
          <postalCode>70100</postalCode>
          <country>IL</country>
          <url>www.iai.co.il</url>
        </address>
        <relations>
          <categories>
            <category classification="organizationActivityType" type="relatedOrganizationActivityType">
              <availableLanguages readOnly="true">de,en,es,fr,it,pl</availableLanguages>
              <code>/PRC</code>
              <title>Private for-profit entities (excluding Higher or Secondary Education Establishments)</title>
            </category>
          </categories>
          <regions>
            <region type="relatedRegion">
              <name>Israel</name>
              <nutsCode>IL</nutsCode>
              <euCode>IL</euCode>
              <isoCode>IL</isoCode>
              <rcn>307661352</rcn>
            </region>
          </regions>
        </relations>
      </organization>
      <organization ecContribution="355000" order="4" terminated="false" type="participant">
        <availableLanguages readOnly="true">en</availableLanguages>
        <rcn>1906194</rcn>
        <id>999986096</id>
        <vatNumber>BE0248015142</vatNumber>
        <legalName>UNIVERSITEIT GENT</legalName>
        <shortName>UGENT</shortName>
        <address>
          <street>SINT PIETERSNIEUWSTRAAT 25</street>
          <city>GENT</city>
          <postalCode>9000</postalCode>
          <country>BE</country>
          <postBox>000</postBox>
          <url>http://www.ugent.be</url>
        </address>
        <departmentName>D</departmentName>
        <relations>
          <categories>
            <category classification="organizationActivityType" type="relatedOrganizationActivityType">
              <availableLanguages readOnly="true">de,en,es,fr,it,pl</availableLanguages>
              <code>/HES</code>
              <title>Higher or Secondary Education Establishments</title>
            </category>
          </categories>
          <regions>
            <region type="relatedRegion">
              <name>Belgium</name>
              <nutsCode>BE</nutsCode>
              <euCode>BE</euCode>
              <isoCode>BE</isoCode>
              <rcn>188385832</rcn>
            </region>
          </regions>
        </relations>
      </organization>
      <organization ecContribution="144300" order="8" terminated="false" type="participant">
        <availableLanguages readOnly="true">en</availableLanguages>
        <rcn>2122976</rcn>
        <id>998771268</id>
        <legalName>DYNAmore GmbH</legalName>
        <shortName>DYNAMORE GESELLSCHAFT FUER FEM INGENIEURLEISTUNGEN MBH</shortName>
        <address>
          <street>Industrie Strasse 2</street>
          <city>STUTTGART</city>
          <postalCode>70565</postalCode>
          <country>DE</country>
          <url>www.dynamore.de</url>
        </address>
        <departmentName>Engineering Services</departmentName>
        <relations>
          <categories>
            <category classification="organizationActivityType" type="relatedOrganizationActivityType">
              <availableLanguages readOnly="true">de,en,es,fr,it,pl</availableLanguages>
              <code>/PRC</code>
              <title>Private for-profit entities (excluding Higher or Secondary Education Establishments)</title>
            </category>
          </categories>
          <regions>
            <region type="relatedRegion">
              <name>Germany</name>
              <nutsCode>DE</nutsCode>
              <euCode>DE</euCode>
              <isoCode>DE</isoCode>
              <rcn>221940264</rcn>
            </region>
          </regions>
        </relations>
      </organization>
      <organization ecContribution="325532" order="10" terminated="false" type="participant">
        <availableLanguages readOnly="true">en</availableLanguages>
        <rcn>1913055</rcn>
        <id>992236087</id>
        <vatNumber>NL817109717B01</vatNumber>
        <legalName>TECHNOBIS FIBRE TECHNOLOGIES BV</legalName>
        <shortName>TFT FOS</shortName>
        <address>
          <street>PYRIETSTRAAT 2</street>
          <city>ALKMAAR</city>
          <postalCode>1812 SC</postalCode>
          <country>NL</country>
          <url>www.technobis.nl</url>
        </address>
        <relations>
          <categories>
            <category classification="organizationActivityType" type="relatedOrganizationActivityType">
              <availableLanguages readOnly="true">de,en,es,fr,it,pl</availableLanguages>
              <code>/PRC</code>
              <title>Private for-profit entities (excluding Higher or Secondary Education Establishments)</title>
            </category>
          </categories>
          <regions>
            <region type="relatedRegion">
              <name>Netherlands</name>
              <nutsCode>NL</nutsCode>
              <euCode>NL</euCode>
              <isoCode>NL</isoCode>
              <rcn>391547432</rcn>
            </region>
          </regions>
        </relations>
      </organization>
      <organization ecContribution="340000" order="9" terminated="false" type="participant">
        <availableLanguages readOnly="true">en</availableLanguages>
        <rcn>1906732</rcn>
        <id>997783808</id>
        <vatNumber>BE0463741558</vatNumber>
        <legalName>MSC SOFTWARE BELGIUM</legalName>
        <shortName>FFT</shortName>
        <address>
          <street>RUE EMILE FRANCQUI 9 AXIS PARK</street>
          <city>MONT SAINT GUIBERT</city>
          <postalCode>1435</postalCode>
          <country>BE</country>
          <url>www.fft.be</url>
        </address>
        <relations>
          <categories>
            <category classification="organizationActivityType" type="relatedOrganizationActivityType">
              <availableLanguages readOnly="true">de,en,es,fr,it,pl</availableLanguages>
              <code>/PRC</code>
              <title>Private for-profit entities (excluding Higher or Secondary Education Establishments)</title>
            </category>
          </categories>
          <regions>
            <region type="relatedRegion">
              <name>Belgium</name>
              <nutsCode>BE</nutsCode>
              <euCode>BE</euCode>
              <isoCode>BE</isoCode>
              <rcn>188385832</rcn>
            </region>
          </regions>
        </relations>
      </organization>
      <organization ecContribution="337500" order="6" terminated="false" type="participant">
        <availableLanguages readOnly="true">en</availableLanguages>
        <rcn>1905609</rcn>
        <id>999979500</id>
        <vatNumber>IT02118311006</vatNumber>
        <legalName>CONSIGLIO NAZIONALE DELLE RICERCHE</legalName>
        <shortName>CNR</shortName>
        <address>
          <street>PIAZZALE ALDO MORO 7</street>
          <city>ROMA</city>
          <postalCode>00185</postalCode>
          <country>IT</country>
          <postBox>N/A</postBox>
          <url>www.cnr.it</url>
        </address>
        <departmentName>CNR/ISTI/Signals and Images Laboratory</departmentName>
        <relations>
          <categories>
            <category classification="organizationActivityType" type="relatedOrganizationActivityType">
              <availableLanguages readOnly="true">de,en,es,fr,it,pl</availableLanguages>
              <code>/REC</code>
              <title>Research Organisations</title>
            </category>
          </categories>
          <regions>
            <region type="relatedRegion">
              <name>Italy</name>
              <nutsCode>IT</nutsCode>
              <euCode>IT</euCode>
              <isoCode>IT</isoCode>
              <rcn>309758504</rcn>
            </region>
          </regions>
        </relations>
      </organization>
      <organization ecContribution="654950" order="5" terminated="false" type="participant">
        <availableLanguages readOnly="true">en</availableLanguages>
        <rcn>1907237</rcn>
        <id>999749610</id>
        <vatNumber>GB223518191</vatNumber>
        <legalName>BRUNEL UNIVERSITY LONDON</legalName>
        <shortName>UBRU</shortName>
        <address>
          <street>KINGSTON LANE</street>
          <city>UXBRIDGE</city>
          <postalCode>UB8 3PH</postalCode>
          <country>UK</country>
          <postBox>000</postBox>
          <url>www.brunel.ac.uk</url>
        </address>
        <departmentName>Research Support &amp; Development Office</departmentName>
        <relations>
          <categories>
            <category classification="organizationActivityType" type="relatedOrganizationActivityType">
              <availableLanguages readOnly="true">de,en,es,fr,it,pl</availableLanguages>
              <code>/HES</code>
              <title>Higher or Secondary Education Establishments</title>
            </category>
          </categories>
          <regions>
            <region type="relatedRegion">
              <name>United Kingdom</name>
              <nutsCode>UK</nutsCode>
              <euCode>UK</euCode>
              <isoCode>GB</isoCode>
              <rcn>508725800</rcn>
            </region>
          </regions>
        </relations>
      </organization>
      <organization ecContribution="222918" order="11" terminated="false" type="participant">
        <availableLanguages readOnly="true">en</availableLanguages>
        <rcn>2048721</rcn>
        <id>999729337</id>
        <vatNumber>GB754527907</vatNumber>
        <legalName>AGUSTAWESTLAND LIMITED</legalName>
        <shortName>AGUSTAWESTLAND LIMITED</shortName>
        <address>
          <street>LYSANDER ROAD</street>
          <city>YEOVIL</city>
          <postalCode>BA20 2YB</postalCode>
          <country>UK</country>
          <postBox>000</postBox>
          <url>www.whl.co.uk</url>
        </address>
        <relations>
          <categories>
            <category classification="organizationActivityType" type="relatedOrganizationActivityType">
              <availableLanguages readOnly="true">de,en,es,fr,it,pl</availableLanguages>
              <code>/PRC</code>
              <title>Private for-profit entities (excluding Higher or Secondary Education Establishments)</title>
            </category>
          </categories>
          <regions>
            <region type="relatedRegion">
              <name>United Kingdom</name>
              <nutsCode>UK</nutsCode>
              <euCode>UK</euCode>
              <isoCode>GB</isoCode>
              <rcn>508725800</rcn>
            </region>
          </regions>
        </relations>
      </organization>
      <organization ecContribution="191857.5" order="12" terminated="false" type="participant">
        <availableLanguages readOnly="true">en</availableLanguages>
        <rcn>1905643</rcn>
        <id>999945356</id>
        <vatNumber>GB345886022</vatNumber>
        <legalName>ROLLS-ROYCE PLC</legalName>
        <shortName>RRUK</shortName>
        <address>
          <street>BUCKINGHAM GATE 62</street>
          <city>LONDON</city>
          <postalCode>SW1E 6AT</postalCode>
          <country>UK</country>
          <url>www.rolls-royce.com</url>
        </address>
        <relations>
          <categories>
            <category classification="organizationActivityType" type="relatedOrganizationActivityType">
              <availableLanguages readOnly="true">de,en,es,fr,it,pl</availableLanguages>
              <code>/PRC</code>
              <title>Private for-profit entities (excluding Higher or Secondary Education Establishments)</title>
            </category>
          </categories>
          <regions>
            <region type="relatedRegion">
              <name>United Kingdom</name>
              <nutsCode>UK</nutsCode>
              <euCode>UK</euCode>
              <isoCode>GB</isoCode>
              <rcn>508725800</rcn>
            </region>
          </regions>
        </relations>
      </organization>
      <organization ecContribution="337000" order="13" terminated="false" type="participant">
        <availableLanguages readOnly="true">en</availableLanguages>
        <rcn>1905816</rcn>
        <id>999894528</id>
        <vatNumber>EL998219694</vatNumber>
        <legalName>PANEPISTIMIO PATRON</legalName>
        <shortName>UPAT</shortName>
        <address>
          <street>UNIVERSITY CAMPUS RIO PATRAS</street>
          <city>RIO PATRAS</city>
          <postalCode>265 04</postalCode>
          <country>EL</country>
          <postBox>26110</postBox>
          <url>www.upatras.gr</url>
        </address>
        <departmentName>Department of Computer Engineering</departmentName>
        <departmentName>University of Patras</departmentName>
        <relations>
          <categories>
            <category classification="organizationActivityType" type="relatedOrganizationActivityType">
              <availableLanguages readOnly="true">de,en,es,fr,it,pl</availableLanguages>
              <code>/HES</code>
              <title>Higher or Secondary Education Establishments</title>
            </category>
          </categories>
          <regions>
            <region type="relatedRegion">
              <name>Greece</name>
              <nutsCode>GR</nutsCode>
              <euCode>EL</euCode>
              <isoCode>GR</isoCode>
              <rcn>240552488</rcn>
            </region>
          </regions>
        </relations>
      </organization>
      <organization ecContribution="410000" order="3" terminated="false" type="participant">
        <availableLanguages readOnly="true">en</availableLanguages>
        <rcn>1905872</rcn>
        <id>999977366</id>
        <vatNumber>NL001569569B01</vatNumber>
        <legalName>TECHNISCHE UNIVERSITEIT DELFT</legalName>
        <shortName>TU Delft</shortName>
        <address>
          <street>STEVINWEG 1</street>
          <city>DELFT</city>
          <postalCode>2628 CN</postalCode>
          <country>NL</country>
          <postBox>5</postBox>
          <url>www.tudelft.nl</url>
        </address>
        <departmentName>Faculty of Civil Engineering and Geosciences</departmentName>
        <relations>
          <categories>
            <category classification="organizationActivityType" type="relatedOrganizationActivityType">
              <availableLanguages readOnly="true">de,en,es,fr,it,pl</availableLanguages>
              <code>/HES</code>
              <title>Higher or Secondary Education Establishments</title>
            </category>
          </categories>
          <regions>
            <region type="relatedRegion">
              <name>Netherlands</name>
              <nutsCode>NL</nutsCode>
              <euCode>NL</euCode>
              <isoCode>NL</isoCode>
              <rcn>391547432</rcn>
            </region>
          </regions>
        </relations>
      </organization>
      <organization ecContribution="409375" order="2" terminated="false" type="participant">
        <availableLanguages readOnly="true">en</availableLanguages>
        <rcn>1905682</rcn>
        <id>999897729</id>
        <vatNumber>DE188369991</vatNumber>
        <legalName>TECHNISCHE UNIVERSITAET DRESDEN</legalName>
        <shortName>TUD</shortName>
        <address>
          <street>HELMHOLTZSTRASSE  10</street>
          <city>DRESDEN</city>
          <postalCode>01069</postalCode>
          <country>DE</country>
          <postBox>N/A</postBox>
          <url>http://www.tu-dresden.de/</url>
        </address>
        <departmentName>European Project Center</departmentName>
        <relations>
          <categories>
            <category classification="organizationActivityType" type="relatedOrganizationActivityType">
              <availableLanguages readOnly="true">de,en,es,fr,it,pl</availableLanguages>
              <code>/HES</code>
              <title>Higher or Secondary Education Establishments</title>
            </category>
          </categories>
          <regions>
            <region type="relatedRegion">
              <name>Germany</name>
              <nutsCode>DE</nutsCode>
              <euCode>DE</euCode>
              <isoCode>DE</isoCode>
              <rcn>221940264</rcn>
            </region>
          </regions>
        </relations>
      </organization>
      <organization ecContribution="339375" order="7" terminated="false" type="participant">
        <availableLanguages readOnly="true">en</availableLanguages>
        <rcn>1951083</rcn>
        <id>952798409</id>
        <vatNumber>GB160371925</vatNumber>
        <legalName>DYNAWAVE LTD</legalName>
        <shortName>DYNA</shortName>
        <address>
          <street>ST JOHN STREET 145-147</street>
          <city>LONDON</city>
          <postalCode>EC1V 4PW</postalCode>
          <country>UK</country>
          <url>www.dynawave.co.uk</url>
        </address>
        <relations>
          <categories>
            <category classification="organizationActivityType" type="relatedOrganizationActivityType">
              <availableLanguages readOnly="true">de,en,es,fr,it,pl</availableLanguages>
              <code>/PRC</code>
              <title>Private for-profit entities (excluding Higher or Secondary Education Establishments)</title>
            </category>
          </categories>
          <regions>
            <region type="relatedRegion">
              <name>United Kingdom</name>
              <nutsCode>UK</nutsCode>
              <euCode>UK</euCode>
              <isoCode>GB</isoCode>
              <rcn>508725800</rcn>
            </region>
          </regions>
        </relations>
      </organization>
    <categories>
      <category classification="projectFundingSchemeCategory" type="relatedProjectFundingSchemeCategory">
        <availableLanguages readOnly="true">en</availableLanguages>
        <code>/RIA</code>
        <title>Research and Innovation action</title>
      </category>
    </categories>
