  <rcn>193364</rcn>
  <acronym>XCYCLE</acronym>
  <objective>Cyclists suffer a disproportionate share of serious injuries and fatalities, and indeed in recent years that disadvantage has been growing. At the same time they often are not treated equally by traffic systems (e.g. traffic signals frequently fail to register their approach or presence). XCYCLE has the aim of developing the means to equalise the treatment of cyclists in traffic and thus both encourage cycling and make cycling safer. XCYCLE will develop: technologies aimed at improving active and passive detection of cyclists; systems informing both drivers and cyclists of a hazard at junctions; effective methods of presenting information in vehicles and on-site; cooperation systems aimed at reducing collisions with cyclists. Two relevant use cases would be bicycle interaction with large vehicles and cars at intersections and the provision of an immediate or extended green traffic light for cyclists approaching traffic signals. An in-vehicle detection system and a system of threat mitigation and risk avoidance by traffic signals will be developed. The components developed and built up will be systematically integrated, implemented and verified. A new large-scale research infrastructure in the city of Braunschweig (DE) and a second test mobile platform will be used as test site. A demo bicycle with a cooperative technology will be developed and tested as well. A user-centred approach will be adopted. Behavioural evaluation will part of the whole process: attentional responses using eye tracking data; evaluation of human-machine interface; acceptance and willingness to pay. In the Cost-Benefit Analysis behavioural changes will be translated into estimated crashes and casualties saved per system.  The project will contribute to innovative and efficient advanced safety measures to reduce the number of accidents, often of high severity, involving cyclists in interaction with motorised vehicles.</objective>
  <title>Advanced measures to reduce cyclists' fatalities and increase comfort in the interaction with motorised vehicles</title>
      <organization ecContribution="341875" order="8" terminated="false" type="participant">
        <availableLanguages readOnly="true">en</availableLanguages>
        <rcn>1924776</rcn>
        <id>964666456</id>
        <vatNumber>IT02781090127</vatNumber>
        <legalName>KITE SOLUTIONS SRL</legalName>
        <shortName>KITE</shortName>
        <address>
          <street>CONTRADA COSTA 9</street>
          <city>COCQUIO TREVISAGO VA</city>
          <postalCode>21034</postalCode>
          <country>IT</country>
          <url>http://www.kitesolutions.it/</url>
        </address>
        <relations>
          <categories>
            <category classification="organizationActivityType" type="relatedOrganizationActivityType">
              <availableLanguages readOnly="true">de,en,es,fr,it,pl</availableLanguages>
              <code>/PRC</code>
              <title>Private for-profit entities (excluding Higher or Secondary Education Establishments)</title>
            </category>
          </categories>
          <regions>
            <region type="relatedRegion">
              <name>Italy</name>
              <nutsCode>IT</nutsCode>
              <euCode>IT</euCode>
              <isoCode>IT</isoCode>
              <rcn>309758504</rcn>
            </region>
          </regions>
        </relations>
      </organization>
      <organization ecContribution="611800" order="3" terminated="false" type="participant">
        <availableLanguages readOnly="true">en</availableLanguages>
        <rcn>1906718</rcn>
        <id>999984544</id>
        <vatNumber>SE556542432101</vatNumber>
        <legalName>VOLVO TECHNOLOGY AB</legalName>
        <shortName>VOLVO</shortName>
        <address>
          <street>GOTAVERKSGATAN 10</street>
          <city>GOTEBORG</city>
          <postalCode>405 08</postalCode>
          <country>SE</country>
          <postBox>000</postBox>
          <url>www.volvo.com</url>
        </address>
        <departmentName>Transport Solutions</departmentName>
        <relations>
          <categories>
            <category classification="organizationActivityType" type="relatedOrganizationActivityType">
              <availableLanguages readOnly="true">de,en,es,fr,it,pl</availableLanguages>
              <code>/PRC</code>
              <title>Private for-profit entities (excluding Higher or Secondary Education Establishments)</title>
            </category>
          </categories>
          <regions>
            <region type="relatedRegion">
              <name>Sweden</name>
              <nutsCode>SE</nutsCode>
              <euCode>SE</euCode>
              <isoCode>SE</isoCode>
              <rcn>473598504</rcn>
            </region>
          </regions>
        </relations>
      </organization>
      <organization ecContribution="347187" order="7" terminated="false" type="participant">
        <availableLanguages readOnly="true">en</availableLanguages>
        <rcn>2396817</rcn>
        <id>953484102</id>
        <vatNumber>NL001492159B01</vatNumber>
        <legalName>DYNNIQ NEDERLAND BV</legalName>
        <shortName>IMTECH</shortName>
        <address>
          <street>HARDWAREWEG 11</street>
          <city>AMERSFOORT</city>
          <postalCode>3821 BL</postalCode>
          <country>NL</country>
        </address>
        <relations>
          <categories>
            <category classification="organizationActivityType" type="relatedOrganizationActivityType">
              <availableLanguages readOnly="true">de,en,es,fr,it,pl</availableLanguages>
              <code>/PRC</code>
              <title>Private for-profit entities (excluding Higher or Secondary Education Establishments)</title>
            </category>
          </categories>
          <regions>
            <region type="relatedRegion">
              <name>Netherlands</name>
              <nutsCode>NL</nutsCode>
              <euCode>NL</euCode>
              <isoCode>NL</isoCode>
              <rcn>391547432</rcn>
            </region>
          </regions>
        </relations>
      </organization>
      <organization ecContribution="499250" order="6" terminated="false" type="participant">
        <availableLanguages readOnly="true">en</availableLanguages>
        <rcn>1906177</rcn>
        <id>999599551</id>
        <vatNumber>SE202100070401</vatNumber>
        <legalName>STATENS VAG- OCH TRANSPORTFORSKNINGSINSTITUT</legalName>
        <shortName>VTI</shortName>
        <address>
          <street>Olaus Magnus Vaeg 35</street>
          <city>LINKOEPING</city>
          <postalCode>58195</postalCode>
          <country>SE</country>
          <url>www.vti.se</url>
        </address>
        <relations>
          <categories>
            <category classification="organizationActivityType" type="relatedOrganizationActivityType">
              <availableLanguages readOnly="true">de,en,es,fr,it,pl</availableLanguages>
              <code>/REC</code>
              <title>Research Organisations</title>
            </category>
          </categories>
          <regions>
            <region type="relatedRegion">
              <name>Sweden</name>
              <nutsCode>SE</nutsCode>
              <euCode>SE</euCode>
              <isoCode>SE</isoCode>
              <rcn>473598504</rcn>
            </region>
          </regions>
        </relations>
      </organization>
      <organization ecContribution="785073" order="2" terminated="false" type="participant">
        <availableLanguages readOnly="true">en</availableLanguages>
        <rcn>1906965</rcn>
        <id>999975426</id>
        <vatNumber>GB613451470</vatNumber>
        <legalName>UNIVERSITY OF LEEDS</legalName>
        <shortName>UNIVLEEDS</shortName>
        <address>
          <street>WOODHOUSE LANE</street>
          <city>LEEDS</city>
          <postalCode>LS2 9JT</postalCode>
          <country>UK</country>
          <postBox>000</postBox>
          <url>www.leeds.ac.uk</url>
        </address>
        <departmentName>Environment Faculty Research Office</departmentName>
        <relations>
          <categories>
            <category classification="organizationActivityType" type="relatedOrganizationActivityType">
              <availableLanguages readOnly="true">de,en,es,fr,it,pl</availableLanguages>
              <code>/HES</code>
              <title>Higher or Secondary Education Establishments</title>
            </category>
          </categories>
          <regions>
            <region type="relatedRegion">
              <name>United Kingdom</name>
              <nutsCode>UK</nutsCode>
              <euCode>UK</euCode>
              <isoCode>GB</isoCode>
              <rcn>508725800</rcn>
            </region>
          </regions>
        </relations>
      </organization>
      <organization ecContribution="605781" order="4" terminated="false" type="participant">
        <availableLanguages readOnly="true">en</availableLanguages>
        <rcn>1905579</rcn>
        <id>999981731</id>
        <vatNumber>DE121965658</vatNumber>
        <legalName>DEUTSCHES ZENTRUM FUER LUFT - UND RAUMFAHRT EV</legalName>
        <shortName>DLR</shortName>
        <address>
          <street>Linder Hoehe</street>
          <city>KOELN</city>
          <postalCode>51147</postalCode>
          <country>DE</country>
          <url>www.dlr.de</url>
        </address>
        <departmentName>Contract Administration Oberpfaffenhofen</departmentName>
        <relations>
          <categories>
            <category classification="organizationActivityType" type="relatedOrganizationActivityType">
              <availableLanguages readOnly="true">de,en,es,fr,it,pl</availableLanguages>
              <code>/REC</code>
              <title>Research Organisations</title>
            </category>
          </categories>
          <regions>
            <region type="relatedRegion">
              <name>Germany</name>
              <nutsCode>DE</nutsCode>
              <euCode>DE</euCode>
              <isoCode>DE</isoCode>
              <rcn>221940264</rcn>
            </region>
          </regions>
        </relations>
      </organization>
      <organization ecContribution="836396" order="1" terminated="false" type="coordinator">
        <availableLanguages readOnly="true">en</availableLanguages>
        <rcn>1905805</rcn>
        <id>999993953</id>
        <vatNumber>IT01131710376</vatNumber>
        <legalName>ALMA MATER STUDIORUM - UNIVERSITA DI BOLOGNA</legalName>
        <shortName>UNIBO</shortName>
        <address>
          <street>VIA ZAMBONI 33</street>
          <city>BOLOGNA</city>
          <postalCode>40126</postalCode>
          <country>IT</country>
          <url>www.unibo.it</url>
        </address>
        <departmentName>Centro di Ricerca sui Sistemi Elettronici "Ercole De Castro"</departmentName>
        <relations>
          <categories>
            <category classification="organizationActivityType" type="relatedOrganizationActivityType">
              <availableLanguages readOnly="true">de,en,es,fr,it,pl</availableLanguages>
              <code>/HES</code>
              <title>Higher or Secondary Education Establishments</title>
            </category>
          </categories>
          <regions>
            <region type="relatedRegion">
              <name>Italy</name>
              <nutsCode>IT</nutsCode>
              <euCode>IT</euCode>
              <isoCode>IT</isoCode>
              <rcn>309758504</rcn>
            </region>
          </regions>
        </relations>
      </organization>
      <organization ecContribution="350625" order="5" terminated="false" type="participant">
        <availableLanguages readOnly="true">en</availableLanguages>
        <rcn>1905576</rcn>
        <id>999989782</id>
        <vatNumber>NL001932706B01</vatNumber>
        <legalName>RIJKSUNIVERSITEIT GRONINGEN</legalName>
        <shortName>UOG</shortName>
        <address>
          <street>Broerstraat  5</street>
          <city>GRONINGEN</city>
          <postalCode>9712CP</postalCode>
          <country>NL</country>
          <postBox>72</postBox>
          <url>www.rug.nl</url>
        </address>
        <departmentName>Board of the Faculty mathematics and natural Sciences</departmentName>
        <relations>
          <categories>
            <category classification="organizationActivityType" type="relatedOrganizationActivityType">
              <availableLanguages readOnly="true">de,en,es,fr,it,pl</availableLanguages>
              <code>/HES</code>
              <title>Higher or Secondary Education Establishments</title>
            </category>
          </categories>
          <regions>
            <region type="relatedRegion">
              <name>Netherlands</name>
              <nutsCode>NL</nutsCode>
              <euCode>NL</euCode>
              <isoCode>NL</isoCode>
              <rcn>391547432</rcn>
            </region>
          </regions>
        </relations>
      </organization>
      <organization ecContribution="631343" order="9" terminated="false" type="participant">
        <availableLanguages readOnly="true">en</availableLanguages>
        <rcn>2396819</rcn>
        <id>948557763</id>
        <vatNumber>DE119423549</vatNumber>
        <legalName>JENOPTIK ROBOT GMBH</legalName>
        <shortName>JERO</shortName>
        <address>
          <street>OPLADENER STRASSE 202</street>
          <city>MONHEIM AM RHEIN</city>
          <postalCode>40789</postalCode>
          <country>DE</country>
        </address>
        <relations>
          <categories>
            <category classification="organizationActivityType" type="relatedOrganizationActivityType">
              <availableLanguages readOnly="true">de,en,es,fr,it,pl</availableLanguages>
              <code>/PRC</code>
              <title>Private for-profit entities (excluding Higher or Secondary Education Establishments)</title>
            </category>
          </categories>
          <regions>
            <region type="relatedRegion">
              <name>Germany</name>
              <nutsCode>DE</nutsCode>
              <euCode>DE</euCode>
              <isoCode>DE</isoCode>
              <rcn>221940264</rcn>
            </region>
          </regions>
        </relations>
      </organization>
    <categories>
      <category classification="projectFundingSchemeCategory" type="relatedProjectFundingSchemeCategory">
        <availableLanguages readOnly="true">en</availableLanguages>
        <code>/RIA</code>
        <title>Research and Innovation action</title>
      </category>
    </categories>
