  <rcn>193655</rcn>
  <acronym>INTHERM</acronym>
  <objective>This proposal addresses the design, manufacturing and control of interfaces in thermally conductive polymer/graphene nanocomposites. 
In particular, the strong reduction of thermal resistance associated to the contacts between conductive particles in a percolating network throughout the polymer matrix is targeted, to overcome the present bottleneck for heat transfer in nanocomposites.
The project includes the investigation of novel chemical modifications of nanoparticles to behave as thermal bridges between adjacent particles, advanced characterization methods for particle/particle interfaces and controlled processing methods for the preparations of nanocomposites with superior thermal conductivity.
The results of this project will contribute to the fundamental understanding of heat transfer in complex solids, while success in mastering interfacial properties would open the way to a new generation of advanced materials coupling high thermal conductivity with low density, ease of processing, toughness and corrosion resistance.</objective>
  <title>Design, manufacturing and control of INterfaces in THERMally conductive polymer nanocomposites</title>
    <categories>
      <category classification="projectFundingSchemeCategory" type="relatedProjectFundingSchemeCategory">
        <availableLanguages readOnly="true">en</availableLanguages>
        <code>/ERC-STG</code>
        <title>Starting Grant</title>
      </category>
    </categories>
