  <rcn>193428</rcn>
  <acronym>FORTAPE</acronym>
  <objective>More and more industrial sectors are demanding high performance composite materials to face new challenges demanded by the transport sector. Carbon and glass fibre unidirectional continuous tape reinforced composites are one of the most promising options. It would be reasonable to expect that the manufacturing methods to obtain composite parts made of this hybrid material will be capable to tailor-made and optimize even more the advantageous properties given by the tapes nature. However, at the moment, these technologies are not mature enough for a full industrial implementation. Main existing barriers are related to the high consumption of resources, lower rates of automation, high production of defective and the subsequent growth of the manufacturing costs. 
FORTAPE aims to solve these drawbacks through the development of an efficient and optimized integrated system for the manufacturing of complex parts based on unidirectional fibre tapes for its application in the automotive and aeronautical industry, with the minimum use of materials and energy.
To achieve this objective, three main routes for fibre impregnation will be researched to manufacture the unidirectional carbon and glass fibre tapes: novel heating up technologies, melted supercritical fluid-aided thermoplastic polymers and fluidized bed of powders. Novel combination of process-machine approaches will be applied in overmoulding and in-situ consolidation to manufacture the composite parts for the targeted sectors. Novel mathematical modelling and computational simulation concepts will be developed to support the structural optimization and the failure prevention and new instrumentation strategies for process control will be implemented for the selection of the best process. 
The FORTAPE consortium, led by CTAG, gathers 10 partners from 5 different European countries, and covers the whole value chain needed to develop new composite technologies with efficient use of materials and energy.</objective>
  <title>RESEARCH ON EFFICIENT INTEGRATED SYSTEMS FOR THE MANUFACTURING OF COMPLEX PARTS BASED ON UNIDIRECTIONAL TAPES FOR THE AUTOMOTIVE AND AERONAUTICAL</title>
      <organization ecContribution="482593.75" order="9" terminated="false" type="participant">
        <availableLanguages readOnly="true">en</availableLanguages>
        <rcn>1905912</rcn>
        <id>999984059</id>
        <vatNumber>DE129515865</vatNumber>
        <legalName>FRAUNHOFER GESELLSCHAFT ZUR FOERDERUNG DER ANGEWANDTEN FORSCHUNG E.V.</legalName>
        <shortName>Fraunhofer</shortName>
        <address>
          <street>HANSASTRASSE 27C</street>
          <city>MUNCHEN</city>
          <postalCode>80686</postalCode>
          <country>DE</country>
          <postBox>000</postBox>
          <url>www.fraunhofer.de</url>
        </address>
        <departmentName>Integrated Project Management</departmentName>
        <relations>
          <categories>
            <category classification="organizationActivityType" type="relatedOrganizationActivityType">
              <availableLanguages readOnly="true">de,en,es,fr,it,pl</availableLanguages>
              <code>/REC</code>
              <title>Research Organisations</title>
            </category>
          </categories>
          <regions>
            <region type="relatedRegion">
              <name>Germany</name>
              <nutsCode>DE</nutsCode>
              <euCode>DE</euCode>
              <isoCode>DE</isoCode>
              <rcn>221940264</rcn>
            </region>
          </regions>
        </relations>
      </organization>
      <organization ecContribution="0" order="7" terminated="true" type="participant">
        <availableLanguages readOnly="true">en</availableLanguages>
        <rcn>1906673</rcn>
        <id>999798983</id>
        <vatNumber>DE199669062</vatNumber>
        <legalName>FORD FORSCHUNGSZENTRUM AACHEN GMBH</legalName>
        <shortName>FFA</shortName>
        <address>
          <street>SUESTERFELDSTRASSE  200</street>
          <city>AACHEN</city>
          <postalCode>52072</postalCode>
          <country>DE</country>
        </address>
        <departmentName>Ford Research and Advanced Engineering Europe</departmentName>
        <relations>
          <categories>
            <category classification="organizationActivityType" type="relatedOrganizationActivityType">
              <availableLanguages readOnly="true">de,en,es,fr,it,pl</availableLanguages>
              <code>/PRC</code>
              <title>Private for-profit entities (excluding Higher or Secondary Education Establishments)</title>
            </category>
          </categories>
          <regions>
            <region type="relatedRegion">
              <name>Germany</name>
              <nutsCode>DE</nutsCode>
              <euCode>DE</euCode>
              <isoCode>DE</isoCode>
              <rcn>221940264</rcn>
            </region>
          </regions>
        </relations>
      </organization>
      <organization ecContribution="380442.5" order="7" terminated="false" type="participant">
        <availableLanguages readOnly="true">en</availableLanguages>
        <rcn>2137163</rcn>
        <id>996657347</id>
        <vatNumber>DE122653611</vatNumber>
        <legalName>FORD-WERKE GMBH</legalName>
        <shortName>FORD-WERKE GMBH</shortName>
        <address>
          <street>HENRY FORD STRASSE 1</street>
          <city>KOLN</city>
          <postalCode>50735</postalCode>
          <country>DE</country>
          <url>www.ford.de</url>
        </address>
        <departmentName>Ford Research and Advanced Engineering Europe</departmentName>
        <relations>
          <categories>
            <category classification="organizationActivityType" type="relatedOrganizationActivityType">
              <availableLanguages readOnly="true">de,en,es,fr,it,pl</availableLanguages>
              <code>/PRC</code>
              <title>Private for-profit entities (excluding Higher or Secondary Education Establishments)</title>
            </category>
          </categories>
          <regions>
            <region type="relatedRegion">
              <name>Germany</name>
              <nutsCode>DE</nutsCode>
              <euCode>DE</euCode>
              <isoCode>DE</isoCode>
              <rcn>221940264</rcn>
            </region>
          </regions>
        </relations>
      </organization>
      <organization ecContribution="597818.75" order="4" terminated="false" type="participant">
        <availableLanguages readOnly="true">en</availableLanguages>
        <rcn>2398356</rcn>
        <id>948805210</id>
        <vatNumber>FR44750801771</vatNumber>
        <legalName>INSTITUT DE RECHERCHE TECHNOLOGIQUE JULES VERNE</legalName>
        <shortName>IRT JV</shortName>
        <address>
          <street>TECHNOCAMPUS EMC2 ZI DU CHAFFAULT CHEMIN DU CHAFFAULT</street>
          <city>BOUGUENAIS</city>
          <postalCode>44340</postalCode>
          <country>FR</country>
        </address>
        <departmentName>BUSINESS DEVELOPMENT</departmentName>
        <relations>
          <categories>
            <category classification="organizationActivityType" type="relatedOrganizationActivityType">
              <availableLanguages readOnly="true">de,en,es,fr,it,pl</availableLanguages>
              <code>/REC</code>
              <title>Research Organisations</title>
            </category>
          </categories>
          <regions>
            <region type="relatedRegion">
              <name>France</name>
              <nutsCode>FR</nutsCode>
              <euCode>FR</euCode>
              <isoCode>FR</isoCode>
              <rcn>258902568</rcn>
            </region>
          </regions>
        </relations>
      </organization>
      <organization ecContribution="822032.88" order="1" terminated="false" type="coordinator">
        <availableLanguages readOnly="true">en</availableLanguages>
        <rcn>2087905</rcn>
        <id>999603819</id>
        <vatNumber>ESG36871424</vatNumber>
        <legalName>FUNDACION PARA LA PROMOCION DE LA INNOVACION, INVESTIGACION Y DESARROLLO TECNOLOGICO EN LA INDUSTRIA DE AUTOMOCION DE GALICIA</legalName>
        <shortName>CTAG</shortName>
        <address>
          <street>POLIGONO INDUSTRIAL A GRANXA 249</street>
          <city>PORRINO PONTEVEDRA</city>
          <postalCode>36400</postalCode>
          <country>ES</country>
          <url>www.ctag.com</url>
        </address>
        <departmentName>CTAG</departmentName>
        <relations>
          <categories>
            <category classification="organizationActivityType" type="relatedOrganizationActivityType">
              <availableLanguages readOnly="true">de,en,es,fr,it,pl</availableLanguages>
              <code>/REC</code>
              <title>Research Organisations</title>
            </category>
          </categories>
          <regions>
            <region type="relatedRegion">
              <name>Spain</name>
              <nutsCode>ES</nutsCode>
              <euCode>ES</euCode>
              <isoCode>ES</isoCode>
              <rcn>242387496</rcn>
            </region>
          </regions>
        </relations>
      </organization>
      <organization ecContribution="477062.5" order="6" terminated="false" type="participant">
        <availableLanguages readOnly="true">en</availableLanguages>
        <rcn>1920199</rcn>
        <id>998785721</id>
        <vatNumber>ESA09276528</vatNumber>
        <legalName>GRUPO ANTOLIN-INGENIERIA SA</legalName>
        <shortName>GRUPO ANTOLIN</shortName>
        <address>
          <street>CARRETERA MADRID IRUN KM 244,8</street>
          <city>BURGOS</city>
          <postalCode>09007</postalCode>
          <country>ES</country>
          <url>www.grupoantolin.com</url>
        </address>
        <departmentName>Corporative Innovation</departmentName>
        <relations>
          <categories>
            <category classification="organizationActivityType" type="relatedOrganizationActivityType">
              <availableLanguages readOnly="true">de,en,es,fr,it,pl</availableLanguages>
              <code>/PRC</code>
              <title>Private for-profit entities (excluding Higher or Secondary Education Establishments)</title>
            </category>
          </categories>
          <regions>
            <region type="relatedRegion">
              <name>Spain</name>
              <nutsCode>ES</nutsCode>
              <euCode>ES</euCode>
              <isoCode>ES</isoCode>
              <rcn>242387496</rcn>
            </region>
          </regions>
        </relations>
      </organization>
      <organization ecContribution="736750" order="3" terminated="false" type="participant">
        <availableLanguages readOnly="true">en</availableLanguages>
        <rcn>1907303</rcn>
        <id>998371046</id>
        <vatNumber>FR32319632790</vatNumber>
        <legalName>ARKEMA FRANCE</legalName>
        <shortName>ARK</shortName>
        <address>
          <street>RUE ESTIENNE D ORVES 420</street>
          <city>Colombes</city>
          <postalCode>92700</postalCode>
          <country>FR</country>
          <url>www.arkema.com</url>
        </address>
        <departmentName>Headquarter</departmentName>
        <relations>
          <categories>
            <category classification="organizationActivityType" type="relatedOrganizationActivityType">
              <availableLanguages readOnly="true">de,en,es,fr,it,pl</availableLanguages>
              <code>/PRC</code>
              <title>Private for-profit entities (excluding Higher or Secondary Education Establishments)</title>
            </category>
          </categories>
          <regions>
            <region type="relatedRegion">
              <name>France</name>
              <nutsCode>FR</nutsCode>
              <euCode>FR</euCode>
              <isoCode>FR</isoCode>
              <rcn>258902568</rcn>
            </region>
          </regions>
        </relations>
      </organization>
      <organization ecContribution="198712.5" order="8" terminated="false" type="participant">
        <availableLanguages readOnly="true">en</availableLanguages>
        <rcn>2398360</rcn>
        <id>943155542</id>
        <vatNumber>IT02929000129</vatNumber>
        <legalName>MATEX VARESE Srl</legalName>
        <shortName>MATEX</shortName>
        <address>
          <street>Via Cavour 39</street>
          <city>Varese</city>
          <postalCode>21100</postalCode>
          <country>IT</country>
        </address>
        <relations>
          <categories>
            <category classification="organizationActivityType" type="relatedOrganizationActivityType">
              <availableLanguages readOnly="true">de,en,es,fr,it,pl</availableLanguages>
              <code>/PRC</code>
              <title>Private for-profit entities (excluding Higher or Secondary Education Establishments)</title>
            </category>
          </categories>
          <regions>
            <region type="relatedRegion">
              <name>Italy</name>
              <nutsCode>IT</nutsCode>
              <euCode>IT</euCode>
              <isoCode>IT</isoCode>
              <rcn>309758504</rcn>
            </region>
          </regions>
        </relations>
      </organization>
      <organization ecContribution="372189.38" order="5" terminated="false" type="participant">
        <availableLanguages readOnly="true">en</availableLanguages>
        <rcn>1909449</rcn>
        <id>999699558</id>
        <vatNumber>ESA28006104</vatNumber>
        <legalName>AIRBUS DEFENCE AND SPACE SA</legalName>
        <shortName>AIRBUS DS</shortName>
        <address>
          <street>AVENIDA DE ARAGON 404</street>
          <city>MADRID</city>
          <postalCode>28022</postalCode>
          <country>ES</country>
          <url>www.eads.net</url>
        </address>
        <relations>
          <categories>
            <category classification="organizationActivityType" type="relatedOrganizationActivityType">
              <availableLanguages readOnly="true">de,en,es,fr,it,pl</availableLanguages>
              <code>/PRC</code>
              <title>Private for-profit entities (excluding Higher or Secondary Education Establishments)</title>
            </category>
          </categories>
          <regions>
            <region type="relatedRegion">
              <name>Spain</name>
              <nutsCode>ES</nutsCode>
              <euCode>ES</euCode>
              <isoCode>ES</isoCode>
              <rcn>242387496</rcn>
            </region>
          </regions>
        </relations>
      </organization>
      <organization ecContribution="751932.95" order="2" terminated="false" type="participant">
        <availableLanguages readOnly="true">en</availableLanguages>
        <rcn>2072193</rcn>
        <id>998060646</id>
        <vatNumber>FR5077558634000041</vatNumber>
        <legalName>ASSOCIATION POUR LE DEVELOPPEMENT DE L'ENSEIGNEMENT ET DES RECHERCHES AUPRES DES UNIVERSITES, DES CENTRES DE RECHERCHE ET DES ENTREPRISES D'AQUITAINE</legalName>
        <shortName>AMP</shortName>
        <address>
          <street>AVENUE DU DOCTEUR ALBERT SCHWEITZER - CENTRE CONDORCET 162</street>
          <city>PESSAC</city>
          <postalCode>33608</postalCode>
          <country>FR</country>
          <postBox>196</postBox>
          <url>www.adera.fr</url>
        </address>
        <departmentName>CNRS</departmentName>
        <relations>
          <categories>
            <category classification="organizationActivityType" type="relatedOrganizationActivityType">
              <availableLanguages readOnly="true">de,en,es,fr,it,pl</availableLanguages>
              <code>/REC</code>
              <title>Research Organisations</title>
            </category>
          </categories>
          <regions>
            <region type="relatedRegion">
              <name>France</name>
              <nutsCode>FR</nutsCode>
              <euCode>FR</euCode>
              <isoCode>FR</isoCode>
              <rcn>258902568</rcn>
            </region>
          </regions>
        </relations>
      </organization>
      <organization ecContribution="210468.75" order="10" terminated="false" type="participant">
        <availableLanguages readOnly="true">en</availableLanguages>
        <rcn>1944014</rcn>
        <id>999524085</id>
        <vatNumber>PL8981047033</vatNumber>
        <legalName>PRZEDSIEBIORSTWO BADAWCZO-PRODUKCYJNE OPTEL SP ZOO</legalName>
        <shortName>OPT</shortName>
        <address>
          <street>ul. Morelowskiego 30</street>
          <city>Wroclaw</city>
          <postalCode>52 429</postalCode>
          <country>PL</country>
          <url>www.optel.eu</url>
        </address>
        <relations>
          <categories>
            <category classification="organizationActivityType" type="relatedOrganizationActivityType">
              <availableLanguages readOnly="true">de,en,es,fr,it,pl</availableLanguages>
              <code>/PRC</code>
              <title>Private for-profit entities (excluding Higher or Secondary Education Establishments)</title>
            </category>
          </categories>
          <regions>
            <region type="relatedRegion">
              <name>Poland</name>
              <nutsCode>PL</nutsCode>
              <euCode>PL</euCode>
              <isoCode>PL</isoCode>
              <rcn>425101864</rcn>
            </region>
          </regions>
        </relations>
      </organization>
    <categories>
      <category classification="projectFundingSchemeCategory" type="relatedProjectFundingSchemeCategory">
        <availableLanguages readOnly="true">en</availableLanguages>
        <code>/RIA</code>
        <title>Research and Innovation action</title>
      </category>
    </categories>
