  <rcn>193266</rcn>
  <acronym>ENSAT-HT</acronym>
  <objective>Arterial hypertension affects up to 45% of the general population and is responsible for 7.1 million deaths per year worldwide. Although a large therapeutic arsenal exists, blood pressure control is sub-optimal in up to two thirds of patients. Yet, even small increments in blood pressure are associated with increased cardiovascular risk, with 62% of cerebrovascular disease and 49% of ischemic heart disease being attributable to hypertension. 
Detection of secondary forms of hypertension is key to targeted management of the underlying disease and prevention of cardiovascular complications. Endocrine forms of hypertension represent major targets for stratified approaches of health promotion. They include a group of adrenal disorders resulting in increased production of hormones affecting blood pressure regulation: primary aldosteronism (PA), pheochromocytoma/functional paraganglioma (PPGL) and Cushing’s syndrome (CS). These diseases are associated with increased cardiovascular and metabolic risk and with diminished quality of life.
This project will develop and evaluate an omics-based stratified health promotion program for patients with endocrine forms of hypertension. We will define specific omics profiles for patients with PA, PPGL and CS by integrating high throughput genetics, genomics and metabolomics data with phenome annotations through bioinformatics modelling. Established profiles will be validated as stratification biomarkers and applied to the screening of referred hypertensive patients for both stratifying primary forms of hypertension for effective and cost efficient therapy as well as improving identification of endocrine causes for curative treatment and prevention of cardiovascular and metabolic complications. Omics-based profiling should allow identification of patients with preclinical phenotypes along with those hypertensives that cluster into specific endocrine groups who may benefit from personalised treatment.</objective>
  <title>Application of omics-based strategies for improved diagnosis and treatment of endocrine hypertension</title>
      <organization ecContribution="129719" order="3" terminated="false" type="participant">
        <availableLanguages readOnly="true">en</availableLanguages>
        <rcn>1905689</rcn>
        <id>999978433</id>
        <vatNumber>DE811205325</vatNumber>
        <legalName>LUDWIG-MAXIMILIANS-UNIVERSITAET MUENCHEN</legalName>
        <shortName>LMU MUENCHEN</shortName>
        <address>
          <street>GESCHWISTER SCHOLL PLATZ  1</street>
          <city>MUENCHEN</city>
          <postalCode>80539</postalCode>
          <country>DE</country>
          <postBox>000</postBox>
          <url>www.uni-muenchen.de</url>
        </address>
        <departmentName>Institute für Informatik</departmentName>
        <relations>
          <categories>
            <category classification="organizationActivityType" type="relatedOrganizationActivityType">
              <availableLanguages readOnly="true">de,en,es,fr,it,pl</availableLanguages>
              <code>/HES</code>
              <title>Higher or Secondary Education Establishments</title>
            </category>
          </categories>
          <regions>
            <region type="relatedRegion">
              <name>Germany</name>
              <nutsCode>DE</nutsCode>
              <euCode>DE</euCode>
              <isoCode>DE</isoCode>
              <rcn>221940264</rcn>
            </region>
          </regions>
        </relations>
      </organization>
      <organization ecContribution="1445501" order="1" terminated="false" type="coordinator">
        <availableLanguages readOnly="true">en</availableLanguages>
        <rcn>1906210</rcn>
        <id>999997833</id>
        <vatNumber>FR31180036048</vatNumber>
        <legalName>INSTITUT NATIONAL DE LA SANTE ET DE LA RECHERCHE MEDICALE</legalName>
        <shortName>INSERM</shortName>
        <address>
          <street>RUE DE TOLBIAC 101</street>
          <city>PARIS</city>
          <postalCode>75654</postalCode>
          <country>FR</country>
          <postBox>N/A</postBox>
          <url>www.inserm.fr</url>
        </address>
        <departmentName>Délégation Régionale Nord-Ouest</departmentName>
        <relations>
          <categories>
            <category classification="organizationActivityType" type="relatedOrganizationActivityType">
              <availableLanguages readOnly="true">de,en,es,fr,it,pl</availableLanguages>
              <code>/REC</code>
              <title>Research Organisations</title>
            </category>
          </categories>
          <regions>
            <region type="relatedRegion">
              <name>France</name>
              <nutsCode>FR</nutsCode>
              <euCode>FR</euCode>
              <isoCode>FR</isoCode>
              <rcn>258902568</rcn>
            </region>
          </regions>
        </relations>
      </organization>
      <organization ecContribution="660653" order="11" terminated="false" type="participant">
        <availableLanguages readOnly="true">en</availableLanguages>
        <rcn>1906228</rcn>
        <id>999992110</id>
        <vatNumber>NL002968721B01</vatNumber>
        <legalName>STICHTING KATHOLIEKE UNIVERSITEIT</legalName>
        <shortName>RU</shortName>
        <address>
          <street>GEERT GROOTEPLEIN NOORD 9</street>
          <city>NIJMEGEN</city>
          <postalCode>6525 EZ</postalCode>
          <country>NL</country>
          <postBox>N/A</postBox>
          <url>www.radboudumc.nl</url>
        </address>
        <departmentName>Technology Transfer</departmentName>
        <relations>
          <categories>
            <category classification="organizationActivityType" type="relatedOrganizationActivityType">
              <availableLanguages readOnly="true">de,en,es,fr,it,pl</availableLanguages>
              <code>/HES</code>
              <title>Higher or Secondary Education Establishments</title>
            </category>
          </categories>
          <regions>
            <region type="relatedRegion">
              <name>Netherlands</name>
              <nutsCode>NL</nutsCode>
              <euCode>NL</euCode>
              <isoCode>NL</isoCode>
              <rcn>391547432</rcn>
            </region>
          </regions>
        </relations>
      </organization>
      <organization ecContribution="404200" order="4" terminated="false" type="participant">
        <availableLanguages readOnly="true">en</availableLanguages>
        <rcn>1906286</rcn>
        <id>999994729</id>
        <vatNumber>DE129521671</vatNumber>
        <legalName>HELMHOLTZ ZENTRUM MUENCHEN DEUTSCHES FORSCHUNGSZENTRUM FUER GESUNDHEIT UND UMWELT GMBH</legalName>
        <shortName>HMGU</shortName>
        <address>
          <street>Ingolstaedter Landstrasse  1</street>
          <city>NEUHERBERG</city>
          <postalCode>85764</postalCode>
          <country>DE</country>
          <postBox>N/A</postBox>
          <url>www.helmholtz-muenchen.de</url>
        </address>
        <departmentName>WT</departmentName>
        <relations>
          <categories>
            <category classification="organizationActivityType" type="relatedOrganizationActivityType">
              <availableLanguages readOnly="true">de,en,es,fr,it,pl</availableLanguages>
              <code>/REC</code>
              <title>Research Organisations</title>
            </category>
          </categories>
          <regions>
            <region type="relatedRegion">
              <name>Germany</name>
              <nutsCode>DE</nutsCode>
              <euCode>DE</euCode>
              <isoCode>DE</isoCode>
              <rcn>221940264</rcn>
            </region>
          </regions>
        </relations>
      </organization>
      <organization ecContribution="1011755" order="8" terminated="false" type="participant">
        <availableLanguages readOnly="true">en</availableLanguages>
        <rcn>1906431</rcn>
        <id>999975523</id>
        <vatNumber>GB270939731</vatNumber>
        <legalName>UNIVERSITY OF DUNDEE</legalName>
        <shortName>UNIVDUN</shortName>
        <address>
          <street>Nethergate</street>
          <city>DUNDEE</city>
          <postalCode>DD1 4HN</postalCode>
          <country>UK</country>
          <postBox>N/A</postBox>
          <url>www.dundee.ac.uk</url>
        </address>
        <departmentName>Research Finance</departmentName>
        <relations>
          <categories>
            <category classification="organizationActivityType" type="relatedOrganizationActivityType">
              <availableLanguages readOnly="true">de,en,es,fr,it,pl</availableLanguages>
              <code>/HES</code>
              <title>Higher or Secondary Education Establishments</title>
            </category>
          </categories>
          <regions>
            <region type="relatedRegion">
              <name>United Kingdom</name>
              <nutsCode>UK</nutsCode>
              <euCode>UK</euCode>
              <isoCode>GB</isoCode>
              <rcn>508725800</rcn>
            </region>
          </regions>
        </relations>
      </organization>
      <organization ecContribution="988500" order="2" terminated="false" type="participant">
        <availableLanguages readOnly="true">en</availableLanguages>
        <rcn>1906254</rcn>
        <id>999645432</id>
        <vatNumber>FR95267500452</vatNumber>
        <legalName>ASSISTANCE PUBLIQUE - HOPITAUX DE PARIS</legalName>
        <shortName>HSL</shortName>
        <address>
          <street>3 Avenue Victoria</street>
          <city>PARIS</city>
          <postalCode>75004</postalCode>
          <country>FR</country>
          <postBox>N/A</postBox>
          <url>http://www.aphp.fr</url>
        </address>
        <relations>
          <categories>
            <category classification="organizationActivityType" type="relatedOrganizationActivityType">
              <availableLanguages readOnly="true">de,en,es,fr,it,pl</availableLanguages>
              <code>/REC</code>
              <title>Research Organisations</title>
            </category>
          </categories>
          <regions>
            <region type="relatedRegion">
              <name>France</name>
              <nutsCode>FR</nutsCode>
              <euCode>FR</euCode>
              <isoCode>FR</isoCode>
              <rcn>258902568</rcn>
            </region>
          </regions>
        </relations>
      </organization>
      <organization ecContribution="309326" order="10" terminated="false" type="participant">
        <availableLanguages readOnly="true">en</availableLanguages>
        <rcn>1906227</rcn>
        <id>999907526</id>
        <vatNumber>GB729856187</vatNumber>
        <legalName>THE UNIVERSITY OF BIRMINGHAM</legalName>
        <shortName>UoB</shortName>
        <address>
          <street>Edgbaston</street>
          <city>BIRMINGHAM</city>
          <postalCode>B15 2TT</postalCode>
          <country>UK</country>
          <postBox>N/A</postBox>
          <url>www.bham.ac.uk</url>
        </address>
        <departmentName>Finance Office</departmentName>
        <relations>
          <categories>
            <category classification="organizationActivityType" type="relatedOrganizationActivityType">
              <availableLanguages readOnly="true">de,en,es,fr,it,pl</availableLanguages>
              <code>/HES</code>
              <title>Higher or Secondary Education Establishments</title>
            </category>
          </categories>
          <regions>
            <region type="relatedRegion">
              <name>United Kingdom</name>
              <nutsCode>UK</nutsCode>
              <euCode>UK</euCode>
              <isoCode>GB</isoCode>
              <rcn>508725800</rcn>
            </region>
          </regions>
        </relations>
      </organization>
      <organization ecContribution="285969" order="6" terminated="false" type="participant">
        <availableLanguages readOnly="true">en</availableLanguages>
        <rcn>1907543</rcn>
        <id>999861936</id>
        <vatNumber>IT02099550010</vatNumber>
        <legalName>UNIVERSITA DEGLI STUDI DI TORINO</legalName>
        <shortName>UNITO</shortName>
        <address>
          <street>VIA GIUSEPPE VERDI 8</street>
          <city>TORINO</city>
          <postalCode>10124</postalCode>
          <country>IT</country>
          <postBox>N/A</postBox>
          <url>www.unito.it</url>
        </address>
        <departmentName>Dipartimento di Culture</departmentName>
        <departmentName>Politica e Società</departmentName>
        <relations>
          <categories>
            <category classification="organizationActivityType" type="relatedOrganizationActivityType">
              <availableLanguages readOnly="true">de,en,es,fr,it,pl</availableLanguages>
              <code>/HES</code>
              <title>Higher or Secondary Education Establishments</title>
            </category>
          </categories>
          <regions>
            <region type="relatedRegion">
              <name>Italy</name>
              <nutsCode>IT</nutsCode>
              <euCode>IT</euCode>
              <isoCode>IT</isoCode>
              <rcn>309758504</rcn>
            </region>
          </regions>
        </relations>
      </organization>
      <organization ecContribution="734500" order="7" terminated="false" type="participant">
        <availableLanguages readOnly="true">en</availableLanguages>
        <rcn>1905774</rcn>
        <id>999995602</id>
        <vatNumber>IT00742430283</vatNumber>
        <legalName>UNIVERSITA DEGLI STUDI DI PADOVA</legalName>
        <shortName>UNIPD</shortName>
        <address>
          <street>VIA 8 FEBBRAIO 2</street>
          <city>PADOVA</city>
          <postalCode>35122</postalCode>
          <country>IT</country>
          <postBox>000</postBox>
          <url>www.unipd.it</url>
        </address>
        <departmentName>Department of Mathematics</departmentName>
        <relations>
          <categories>
            <category classification="organizationActivityType" type="relatedOrganizationActivityType">
              <availableLanguages readOnly="true">de,en,es,fr,it,pl</availableLanguages>
              <code>/HES</code>
              <title>Higher or Secondary Education Establishments</title>
            </category>
          </categories>
          <regions>
            <region type="relatedRegion">
              <name>Italy</name>
              <nutsCode>IT</nutsCode>
              <euCode>IT</euCode>
              <isoCode>IT</isoCode>
              <rcn>309758504</rcn>
            </region>
          </regions>
        </relations>
      </organization>
      <organization ecContribution="424375" order="13" terminated="false" type="participant">
        <availableLanguages readOnly="true">en</availableLanguages>
        <rcn>1907458</rcn>
        <id>999955541</id>
        <vatNumber>FR29434033619</vatNumber>
        <legalName>INSERM - TRANSFERT SA</legalName>
        <shortName>IT</shortName>
        <address>
          <street>RUE WATT 7</street>
          <city>PARIS</city>
          <postalCode>75013</postalCode>
          <country>FR</country>
          <url>www.inserm-transfert.fr</url>
        </address>
        <relations>
          <categories>
            <category classification="organizationActivityType" type="relatedOrganizationActivityType">
              <availableLanguages readOnly="true">de,en,es,fr,it,pl</availableLanguages>
              <code>/PRC</code>
              <title>Private for-profit entities (excluding Higher or Secondary Education Establishments)</title>
            </category>
          </categories>
          <regions>
            <region type="relatedRegion">
              <name>France</name>
              <nutsCode>FR</nutsCode>
              <euCode>FR</euCode>
              <isoCode>FR</isoCode>
              <rcn>258902568</rcn>
            </region>
          </regions>
        </relations>
      </organization>
      <organization ecContribution="0" order="12" terminated="false" type="participant">
        <availableLanguages readOnly="true">en</availableLanguages>
        <rcn>1907451</rcn>
        <id>999658818</id>
        <legalName>UNIVERSITY OF MELBOURNE</legalName>
        <shortName>UOM</shortName>
        <address>
          <street>PARKVILLEOFFICE OF THE VICE CHANCELLOR</street>
          <city>MELBOURNE</city>
          <postalCode>3010</postalCode>
          <country>AU</country>
          <postBox>000</postBox>
          <url>www.unimelb.edu.au</url>
        </address>
        <departmentName>Melbourne Research</departmentName>
        <relations>
          <categories>
            <category classification="organizationActivityType" type="relatedOrganizationActivityType">
              <availableLanguages readOnly="true">de,en,es,fr,it,pl</availableLanguages>
              <code>/HES</code>
              <title>Higher or Secondary Education Establishments</title>
            </category>
          </categories>
          <regions>
            <region type="relatedRegion">
              <name>Australia</name>
              <nutsCode>AU</nutsCode>
              <euCode>AU</euCode>
              <isoCode>AU</isoCode>
              <rcn>175802920</rcn>
            </region>
          </regions>
        </relations>
      </organization>
      <organization ecContribution="766380" order="9" terminated="false" type="participant">
        <availableLanguages readOnly="true">en</availableLanguages>
        <rcn>1906499</rcn>
        <id>999974165</id>
        <vatNumber>GB671798093</vatNumber>
        <legalName>UNIVERSITY OF GLASGOW</legalName>
        <shortName>UGLA</shortName>
        <address>
          <street>UNIVERSITY AVENUE</street>
          <city>GLASGOW</city>
          <postalCode>G12 8QQ</postalCode>
          <country>UK</country>
          <postBox>000</postBox>
          <url>www.gla.ac.uk</url>
        </address>
        <departmentName>School of Computing Science</departmentName>
        <relations>
          <categories>
            <category classification="organizationActivityType" type="relatedOrganizationActivityType">
              <availableLanguages readOnly="true">de,en,es,fr,it,pl</availableLanguages>
              <code>/HES</code>
              <title>Higher or Secondary Education Establishments</title>
            </category>
          </categories>
          <regions>
            <region type="relatedRegion">
              <name>United Kingdom</name>
              <nutsCode>UK</nutsCode>
              <euCode>UK</euCode>
              <isoCode>GB</isoCode>
              <rcn>508725800</rcn>
            </region>
          </regions>
        </relations>
      </organization>
      <organization ecContribution="446459" order="5" terminated="false" type="participant">
        <availableLanguages readOnly="true">en</availableLanguages>
        <rcn>1905682</rcn>
        <id>999897729</id>
        <vatNumber>DE188369991</vatNumber>
        <legalName>TECHNISCHE UNIVERSITAET DRESDEN</legalName>
        <shortName>TUD</shortName>
        <address>
          <street>HELMHOLTZSTRASSE  10</street>
          <city>DRESDEN</city>
          <postalCode>01069</postalCode>
          <country>DE</country>
          <postBox>N/A</postBox>
          <url>http://www.tu-dresden.de/</url>
        </address>
        <departmentName>European Project Center</departmentName>
        <relations>
          <categories>
            <category classification="organizationActivityType" type="relatedOrganizationActivityType">
              <availableLanguages readOnly="true">de,en,es,fr,it,pl</availableLanguages>
              <code>/HES</code>
              <title>Higher or Secondary Education Establishments</title>
            </category>
          </categories>
          <regions>
            <region type="relatedRegion">
              <name>Germany</name>
              <nutsCode>DE</nutsCode>
              <euCode>DE</euCode>
              <isoCode>DE</isoCode>
              <rcn>221940264</rcn>
            </region>
          </regions>
        </relations>
      </organization>
    <categories>
      <category classification="projectFundingSchemeCategory" type="relatedProjectFundingSchemeCategory">
        <availableLanguages readOnly="true">en</availableLanguages>
        <code>/RIA</code>
        <title>Research and Innovation action</title>
      </category>
    </categories>
