  <rcn>193392</rcn>
  <acronym>LYNCEUS2MARKET</acronym>
  <objective>Maritime disasters in recent years are a stark reminder of the imperative need for timely and effective evacuation of large passenger ships during emergency. The Lynceus2Market project addresses this challenge through delivering a revolutionary operational system for safe evacuation based on innovative people localisation technologies.
The system consists of: 1) Localisable life jackets that can provide passenger location in real-time during emergency 2) Smart smoke detectors that also act as base stations of an on-board localisation system 3) Innovative localisable bracelets able to send activity data to the emergency management team 4) Low cost fire and flooding escalation monitoring sensor notes 5) novel mustering handheld devices for automatic identification and counting of passengers during evacuation 6) Smart localisable cabin key cards 7) Intelligent decision support software able to fuse all localisation, activity and disaster escalation data to provide an integrated real-time visualisation, passenger counting and evacuation decision support 8) Innovative shore or ship-launched Unmanned Aerial Vehicle for localising people in the sea in short time and assisting search and rescue operations when accident occurs in extreme weather, during the night or in a remote location 9) Low-cost rescue-boat mounted radars for people localisation in the vicinity of the boat.
The proposed project is based on the promising results developed in the FP7 LYNCEUS project where the innovative technologies were tested in lab and in small scale pilots. Lynceus2Market brings together European global players in the field, such as cruise ship owners, operators, ship builders, maritime equipment manufacturers, a classification society, industry associations and important technology organisations with the aim to implement the first market replication of these technologies and products. The Lynceus2Market will create significant impact by saving passenger lives during maritime accidents.</objective>
  <title>An innovative people localisation system for safe evacuation of large passenger ships</title>
      <organization ecContribution="194250" order="1" terminated="false" type="coordinator">
        <availableLanguages readOnly="true">en</availableLanguages>
        <rcn>1939481</rcn>
        <id>999693059</id>
        <vatNumber>CY10115315W</vatNumber>
        <legalName>RTD TALOS LIMITED</legalName>
        <shortName>TALOS</shortName>
        <address>
          <street>DIOGENOUS 1 BLOCK A EGOMI</street>
          <city>LEFKOSIA</city>
          <postalCode>2404</postalCode>
          <country>CY</country>
          <postBox>21722</postBox>
          <url>www.talos-rtd.com</url>
        </address>
        <departmentName>Business Development Department</departmentName>
        <relations>
          <categories>
            <category classification="organizationActivityType" type="relatedOrganizationActivityType">
              <availableLanguages readOnly="true">de,en,es,fr,it,pl</availableLanguages>
              <code>/PRC</code>
              <title>Private for-profit entities (excluding Higher or Secondary Education Establishments)</title>
            </category>
          </categories>
          <regions>
            <region type="relatedRegion">
              <name>Cyprus</name>
              <nutsCode>CY</nutsCode>
              <euCode>CY</euCode>
              <isoCode>CY</isoCode>
              <rcn>210405928</rcn>
            </region>
          </regions>
        </relations>
      </organization>
      <organization ecContribution="418250" order="13" terminated="false" type="participant">
        <availableLanguages readOnly="true">en</availableLanguages>
        <rcn>1939487</rcn>
        <id>986250023</id>
        <vatNumber>CY10137147L</vatNumber>
        <legalName>G.G. DEDALOS TECHNOLOGY SERVICES LTD</legalName>
        <shortName>GGD</shortName>
        <address>
          <street>YIANGOU MICHAELEDI 26</street>
          <city>LEFKOSIA</city>
          <postalCode>1048</postalCode>
          <country>CY</country>
          <url>www.GGdedalos.com</url>
        </address>
        <relations>
          <categories>
            <category classification="organizationActivityType" type="relatedOrganizationActivityType">
              <availableLanguages readOnly="true">de,en,es,fr,it,pl</availableLanguages>
              <code>/PRC</code>
              <title>Private for-profit entities (excluding Higher or Secondary Education Establishments)</title>
            </category>
          </categories>
          <regions>
            <region type="relatedRegion">
              <name>Cyprus</name>
              <nutsCode>CY</nutsCode>
              <euCode>CY</euCode>
              <isoCode>CY</isoCode>
              <rcn>210405928</rcn>
            </region>
          </regions>
        </relations>
      </organization>
      <organization ecContribution="0" order="12" terminated="false" type="participant">
        <availableLanguages readOnly="true">en</availableLanguages>
        <rcn>1909337</rcn>
        <id>999958839</id>
        <vatNumber>CHE106080392TVA</vatNumber>
        <legalName>CSEM CENTRE SUISSE D'ELECTRONIQUE ET DE MICROTECHNIQUE SA - RECHERCHE ET DEVELOPPEMENT</legalName>
        <shortName>CSEM</shortName>
        <address>
          <street>RUE JAQUET DROZ 1</street>
          <city>NEUCHATEL</city>
          <postalCode>2002</postalCode>
          <country>CH</country>
          <url>www.csem.ch</url>
        </address>
        <departmentName>Systems Engineering</departmentName>
        <relations>
          <categories>
            <category classification="organizationActivityType" type="relatedOrganizationActivityType">
              <availableLanguages readOnly="true">de,en,es,fr,it,pl</availableLanguages>
              <code>/REC</code>
              <title>Research Organisations</title>
            </category>
          </categories>
          <regions>
            <region type="relatedRegion">
              <name>Switzerland</name>
              <nutsCode>CH</nutsCode>
              <euCode>CH</euCode>
              <isoCode>CH</isoCode>
              <rcn>205949480</rcn>
            </region>
          </regions>
        </relations>
      </organization>
      <organization ecContribution="644875" order="15" terminated="false" type="participant">
        <availableLanguages readOnly="true">en</availableLanguages>
        <rcn>1939482</rcn>
        <id>965730352</id>
        <vatNumber>IT00241490101</vatNumber>
        <legalName>CANEPA &amp; CAMPI SRL</legalName>
        <shortName>CAMPI</shortName>
        <address>
          <street>VIA LERCARI MEGOLLO EDIFICIO 18</street>
          <city>GENOVA</city>
          <postalCode>16126</postalCode>
          <country>IT</country>
          <url>www.canepaecampi.com</url>
        </address>
        <relations>
          <categories>
            <category classification="organizationActivityType" type="relatedOrganizationActivityType">
              <availableLanguages readOnly="true">de,en,es,fr,it,pl</availableLanguages>
              <code>/PRC</code>
              <title>Private for-profit entities (excluding Higher or Secondary Education Establishments)</title>
            </category>
          </categories>
          <regions>
            <region type="relatedRegion">
              <name>Italy</name>
              <nutsCode>IT</nutsCode>
              <euCode>IT</euCode>
              <isoCode>IT</isoCode>
              <rcn>309758504</rcn>
            </region>
          </regions>
        </relations>
      </organization>
      <organization ecContribution="287500" order="16" terminated="false" type="participant">
        <availableLanguages readOnly="true">en</availableLanguages>
        <rcn>2379831</rcn>
        <id>958850433</id>
        <legalName>MINISTRY OF TRANSPORT, COMMUNICATIONS AND WORKS</legalName>
        <shortName>MCW</shortName>
        <address>
          <street>Acheon 28</street>
          <city>NICOSIA</city>
          <postalCode>1424</postalCode>
          <country>CY</country>
        </address>
        <departmentName>Department of Electronic Communications</departmentName>
        <relations>
          <categories>
            <category classification="organizationActivityType" type="relatedOrganizationActivityType">
              <availableLanguages readOnly="true">de,en,es,fr,it,pl</availableLanguages>
              <code>/PUB</code>
              <title>Public bodies (excluding Research Organisations and Secondary or Higher Education Establishments)</title>
            </category>
          </categories>
          <regions>
            <region type="relatedRegion">
              <name>Cyprus</name>
              <nutsCode>CY</nutsCode>
              <euCode>CY</euCode>
              <isoCode>CY</isoCode>
              <rcn>210405928</rcn>
            </region>
          </regions>
        </relations>
      </organization>
      <organization ecContribution="176750" order="11" terminated="false" type="participant">
        <availableLanguages readOnly="true">en</availableLanguages>
        <rcn>1939497</rcn>
        <id>965994483</id>
        <vatNumber>IT01092130317</vatNumber>
        <legalName>SAFE MARINE SRL</legalName>
        <shortName>SAFE MARINE SRL</shortName>
        <address>
          <street>VIA MAZZINI 47</street>
          <city>RONCHI DEI LEGIONARI GO</city>
          <postalCode>34077</postalCode>
          <country>IT</country>
          <url>www.safemarine.com</url>
        </address>
        <relations>
          <categories>
            <category classification="organizationActivityType" type="relatedOrganizationActivityType">
              <availableLanguages readOnly="true">de,en,es,fr,it,pl</availableLanguages>
              <code>/PRC</code>
              <title>Private for-profit entities (excluding Higher or Secondary Education Establishments)</title>
            </category>
          </categories>
          <regions>
            <region type="relatedRegion">
              <name>Italy</name>
              <nutsCode>IT</nutsCode>
              <euCode>IT</euCode>
              <isoCode>IT</isoCode>
              <rcn>309758504</rcn>
            </region>
          </regions>
        </relations>
      </organization>
      <organization ecContribution="939750" order="6" terminated="false" type="participant">
        <availableLanguages readOnly="true">en</availableLanguages>
        <rcn>1915912</rcn>
        <id>999542903</id>
        <vatNumber>CY10144841F</vatNumber>
        <legalName>SIGNALGENERIX LIMITED</legalName>
        <shortName>SG</shortName>
        <address>
          <street>GRIGORI AFXENTIOU 23C MESA GEITONIA</street>
          <city>LIMASSOL</city>
          <postalCode>4003</postalCode>
          <country>CY</country>
          <postBox>000</postBox>
          <url>www.signalgenerix.com</url>
        </address>
        <departmentName>Direction</departmentName>
        <relations>
          <categories>
            <category classification="organizationActivityType" type="relatedOrganizationActivityType">
              <availableLanguages readOnly="true">de,en,es,fr,it,pl</availableLanguages>
              <code>/PRC</code>
              <title>Private for-profit entities (excluding Higher or Secondary Education Establishments)</title>
            </category>
          </categories>
          <regions>
            <region type="relatedRegion">
              <name>Cyprus</name>
              <nutsCode>CY</nutsCode>
              <euCode>CY</euCode>
              <isoCode>CY</isoCode>
              <rcn>210405928</rcn>
            </region>
          </regions>
        </relations>
      </organization>
      <organization ecContribution="566125" order="3" terminated="false" type="participant">
        <availableLanguages readOnly="true">en</availableLanguages>
        <rcn>2136008</rcn>
        <id>949450648</id>
        <vatNumber>GB102833940</vatNumber>
        <legalName>RCL CRUISES LTD</legalName>
        <shortName>RCL CRUISES LTD</shortName>
        <address>
          <street>3 TH HEIGHTS BROOKLANDS WEYBRIDGE</street>
          <city>SURREY</city>
          <postalCode>KT13 0NY</postalCode>
          <country>UK</country>
          <postBox>000</postBox>
          <url>www.royalcaribbean.co.uk</url>
        </address>
        <relations>
          <categories>
            <category classification="organizationActivityType" type="relatedOrganizationActivityType">
              <availableLanguages readOnly="true">de,en,es,fr,it,pl</availableLanguages>
              <code>/PRC</code>
              <title>Private for-profit entities (excluding Higher or Secondary Education Establishments)</title>
            </category>
          </categories>
          <regions>
            <region type="relatedRegion">
              <name>United Kingdom</name>
              <nutsCode>UK</nutsCode>
              <euCode>UK</euCode>
              <isoCode>GB</isoCode>
              <rcn>508725800</rcn>
            </region>
          </regions>
        </relations>
      </organization>
      <organization ecContribution="1075375" order="4" terminated="false" type="participant">
        <availableLanguages readOnly="true">en</availableLanguages>
        <rcn>1941116</rcn>
        <id>969592407</id>
        <vatNumber>NO979975503MVA</vatNumber>
        <legalName>AUTRONICA FIRE AND SECURITY AS</legalName>
        <shortName>AUTRONICA</shortName>
        <address>
          <street>HAAKON VII S GATE 4</street>
          <city>TRONDHEIM</city>
          <postalCode>7041</postalCode>
          <country>NO</country>
          <url>http://www.autronicafire.no/</url>
        </address>
        <relations>
          <categories>
            <category classification="organizationActivityType" type="relatedOrganizationActivityType">
              <availableLanguages readOnly="true">de,en,es,fr,it,pl</availableLanguages>
              <code>/PRC</code>
              <title>Private for-profit entities (excluding Higher or Secondary Education Establishments)</title>
            </category>
          </categories>
          <regions>
            <region type="relatedRegion">
              <name>Norway</name>
              <nutsCode>NO</nutsCode>
              <euCode>NO</euCode>
              <isoCode>NO</isoCode>
              <rcn>392333864</rcn>
            </region>
          </regions>
        </relations>
      </organization>
      <organization ecContribution="490875" order="5" terminated="false" type="participant">
        <availableLanguages readOnly="true">en</availableLanguages>
        <rcn>1939486</rcn>
        <id>960888403</id>
        <vatNumber>CY10077498G</vatNumber>
        <legalName>CELESTYAL SHIP MANAGEMENT LIMITED</legalName>
        <shortName>LSM</shortName>
        <address>
          <street>LEMESOU 11</street>
          <city>LEFKOSIA</city>
          <postalCode>2112</postalCode>
          <country>CY</country>
          <postBox>21301</postBox>
          <url>www.louiscruises.com</url>
        </address>
        <relations>
          <categories>
            <category classification="organizationActivityType" type="relatedOrganizationActivityType">
              <availableLanguages readOnly="true">de,en,es,fr,it,pl</availableLanguages>
              <code>/PRC</code>
              <title>Private for-profit entities (excluding Higher or Secondary Education Establishments)</title>
            </category>
          </categories>
          <regions>
            <region type="relatedRegion">
              <name>Cyprus</name>
              <nutsCode>CY</nutsCode>
              <euCode>CY</euCode>
              <isoCode>CY</isoCode>
              <rcn>210405928</rcn>
            </region>
          </regions>
        </relations>
      </organization>
      <organization ecContribution="214750" order="7" terminated="false" type="participant">
        <availableLanguages readOnly="true">en</availableLanguages>
        <rcn>1939504</rcn>
        <id>986190271</id>
        <vatNumber>ESG48976823</vatNumber>
        <legalName>FORO MARITIMO VASCO</legalName>
        <shortName>FMV</shortName>
        <address>
          <street>CALLE BUENOS AIRES 2 1 IZDA</street>
          <city>BILBAO</city>
          <postalCode>48001</postalCode>
          <country>ES</country>
        </address>
        <relations>
          <categories>
            <category classification="organizationActivityType" type="relatedOrganizationActivityType">
              <availableLanguages readOnly="true">de,en,es,fr,it,pl</availableLanguages>
              <code>/OTH</code>
              <title>Other</title>
            </category>
          </categories>
          <regions>
            <region type="relatedRegion">
              <name>Spain</name>
              <nutsCode>ES</nutsCode>
              <euCode>ES</euCode>
              <isoCode>ES</isoCode>
              <rcn>242387496</rcn>
            </region>
          </regions>
        </relations>
      </organization>
      <organization ecContribution="274575" order="2" terminated="false" type="participant">
        <availableLanguages readOnly="true">en</availableLanguages>
        <rcn>1906095</rcn>
        <id>998981176</id>
        <vatNumber>GB821176647</vatNumber>
        <legalName>LLOYD'S REGISTER EMEA IPS</legalName>
        <shortName>LR IMEA</shortName>
        <address>
          <street>FENCHURCH STREET 71</street>
          <city>LONDON</city>
          <postalCode>EC3M 4BS</postalCode>
          <country>UK</country>
          <postBox>000</postBox>
          <url>www.lr.org</url>
        </address>
        <relations>
          <categories>
            <category classification="organizationActivityType" type="relatedOrganizationActivityType">
              <availableLanguages readOnly="true">de,en,es,fr,it,pl</availableLanguages>
              <code>/PRC</code>
              <title>Private for-profit entities (excluding Higher or Secondary Education Establishments)</title>
            </category>
          </categories>
          <regions>
            <region type="relatedRegion">
              <name>United Kingdom</name>
              <nutsCode>UK</nutsCode>
              <euCode>UK</euCode>
              <isoCode>GB</isoCode>
              <rcn>508725800</rcn>
            </region>
          </regions>
        </relations>
      </organization>
      <organization ecContribution="361250" order="9" terminated="false" type="participant">
        <availableLanguages readOnly="true">en</availableLanguages>
        <rcn>1920446</rcn>
        <id>991092069</id>
        <vatNumber>ESG46108569</vatNumber>
        <legalName>ASOCIACION DE EMPRESARIOS TEXTILES DE LA REGION VALENCIANA</legalName>
        <shortName>ATEVAL</shortName>
        <address>
          <street>CALLE ELS TELERS P I EL PLA 20</street>
          <city>ONTINYENT</city>
          <postalCode>46870</postalCode>
          <country>ES</country>
        </address>
        <relations>
          <categories>
            <category classification="organizationActivityType" type="relatedOrganizationActivityType">
              <availableLanguages readOnly="true">de,en,es,fr,it,pl</availableLanguages>
              <code>/OTH</code>
              <title>Other</title>
            </category>
          </categories>
          <regions>
            <region type="relatedRegion">
              <name>Spain</name>
              <nutsCode>ES</nutsCode>
              <euCode>ES</euCode>
              <isoCode>ES</isoCode>
              <rcn>242387496</rcn>
            </region>
          </regions>
        </relations>
      </organization>
      <organization ecContribution="444150" order="14" terminated="false" type="participant">
        <availableLanguages readOnly="true">en</availableLanguages>
        <rcn>1939499</rcn>
        <id>984038326</id>
        <vatNumber>EL099783076</vatNumber>
        <legalName>I. PANARETOU - CHAR. KOSTOPOULOS OE</legalName>
        <shortName>OPTIONSNET</shortName>
        <address>
          <street>KANAKARI STR 73-75</street>
          <city>PATRA</city>
          <postalCode>26223</postalCode>
          <country>EL</country>
          <url>www.optionsnet.gr</url>
        </address>
        <relations>
          <categories>
            <category classification="organizationActivityType" type="relatedOrganizationActivityType">
              <availableLanguages readOnly="true">de,en,es,fr,it,pl</availableLanguages>
              <code>/PRC</code>
              <title>Private for-profit entities (excluding Higher or Secondary Education Establishments)</title>
            </category>
          </categories>
          <regions>
            <region type="relatedRegion">
              <name>Greece</name>
              <nutsCode>GR</nutsCode>
              <euCode>EL</euCode>
              <isoCode>GR</isoCode>
              <rcn>240552488</rcn>
            </region>
          </regions>
        </relations>
      </organization>
      <organization ecContribution="590000" order="10" terminated="false" type="participant">
        <availableLanguages readOnly="true">en</availableLanguages>
        <rcn>1905682</rcn>
        <id>999897729</id>
        <vatNumber>DE188369991</vatNumber>
        <legalName>TECHNISCHE UNIVERSITAET DRESDEN</legalName>
        <shortName>TUD</shortName>
        <address>
          <street>HELMHOLTZSTRASSE  10</street>
          <city>DRESDEN</city>
          <postalCode>01069</postalCode>
          <country>DE</country>
          <postBox>N/A</postBox>
          <url>http://www.tu-dresden.de/</url>
        </address>
        <departmentName>European Project Center</departmentName>
        <relations>
          <categories>
            <category classification="organizationActivityType" type="relatedOrganizationActivityType">
              <availableLanguages readOnly="true">de,en,es,fr,it,pl</availableLanguages>
              <code>/HES</code>
              <title>Higher or Secondary Education Establishments</title>
            </category>
          </categories>
          <regions>
            <region type="relatedRegion">
              <name>Germany</name>
              <nutsCode>DE</nutsCode>
              <euCode>DE</euCode>
              <isoCode>DE</isoCode>
              <rcn>221940264</rcn>
            </region>
          </regions>
        </relations>
      </organization>
      <organization ecContribution="582500" order="8" terminated="false" type="participant">
        <availableLanguages readOnly="true">en</availableLanguages>
        <rcn>1939493</rcn>
        <id>965926292</id>
        <vatNumber>CY10274172P</vatNumber>
        <legalName>MARITIME INSTITUTE OF EASTERN MEDITERRANEAN - MAR.IN.E.M.</legalName>
        <shortName>MARINEM</shortName>
        <address>
          <street>FRANKLIN ROOSEVELT &amp; OMONOIAS AVENUE  150A</street>
          <city>LEMESOS</city>
          <postalCode>3045</postalCode>
          <country>CY</country>
          <url>www.marinem.org</url>
        </address>
        <relations>
          <categories>
            <category classification="organizationActivityType" type="relatedOrganizationActivityType">
              <availableLanguages readOnly="true">de,en,es,fr,it,pl</availableLanguages>
              <code>/OTH</code>
              <title>Other</title>
            </category>
          </categories>
          <regions>
            <region type="relatedRegion">
              <name>Cyprus</name>
              <nutsCode>CY</nutsCode>
              <euCode>CY</euCode>
              <isoCode>CY</isoCode>
              <rcn>210405928</rcn>
            </region>
          </regions>
        </relations>
      </organization>
    <categories>
      <category classification="projectFundingSchemeCategory" type="relatedProjectFundingSchemeCategory">
        <availableLanguages readOnly="true">en</availableLanguages>
        <code>/IA</code>
        <title>Innovation action</title>
      </category>
    </categories>
