  <rcn>193294</rcn>
  <acronym>HYPROGEO</acronym>
  <objective>Independent access to space is a key component of the European Space Policy. The competition is increasing in this area both for the full launching systems and the key subsystems. Cost-effectiveness becomes the main driving factor.
HYPROGEO ambition is to study a propulsion module based on Hybrid chemical propulsion. Hybrid propulsion is not a new technology but its application to a transfer module or to a re-ignitable upper stage is very innovative. It is an interesting alternative for the GEO transfer, between the chemical propulsion (bi-liquid) and the new trend of Electrical Propulsion (EP).  There are very good synergies and complementarities with the other propulsion activities.
The proof of concept (specific impulse, thrust) has been demonstrated. The main technical challenge is the long duration firings. The future development of an operational system, already identified in the current roadmaps, requires advanced R&amp;D work on 4 critical technologies:
- Combustion chamber.
- High endurance nozzle.
- Catalytic injector.
- Production, storage and use of high concentration hydrogen peroxide.

These R&amp;D activities structure 4 main work packages. A system study ensures the global vision in coherence with an economic analysis, the identification of technical challenges and the consolidation of scientific results. A last work package performs the dissemination of results.
An innovative aspect is the fact that the R&amp;D activities are directly driven by the ecvolution of market needs and system requirements.
Main expected benefits are:
- Green and simpler design (compared to bi-liquid).
- Shorter transfer time and reduced cost of operations (compared to EP)

A TRL 3-4 level is expected at the end of the project.
The impact of the project is secured by the composition of the consortium led by Astrium with the main European actors of the hybrid: it contributes to the consolidation of the European industrial supply chain for Hybrid propulsion.
Project duration is 36 months.</objective>
  <title>Hybrid Propulsion Module for transfer to GEO orbit</title>
      <organization ecContribution="186291.25" order="6" terminated="false" type="participant">
        <availableLanguages readOnly="true">en</availableLanguages>
        <rcn>2123520</rcn>
        <id>999505461</id>
        <vatNumber>GB924798674</vatNumber>
        <legalName>DELTACAT Limited</legalName>
        <shortName>DELTACAT Ltd</shortName>
        <address>
          <street>Ryde Place 4</street>
          <city>Lee-on-Solent, Hampshire</city>
          <postalCode>PO139AU</postalCode>
          <country>UK</country>
        </address>
        <relations>
          <categories>
            <category classification="organizationActivityType" type="relatedOrganizationActivityType">
              <availableLanguages readOnly="true">de,en,es,fr,it,pl</availableLanguages>
              <code>/PRC</code>
              <title>Private for-profit entities (excluding Higher or Secondary Education Establishments)</title>
            </category>
          </categories>
          <regions>
            <region type="relatedRegion">
              <name>United Kingdom</name>
              <nutsCode>UK</nutsCode>
              <euCode>UK</euCode>
              <isoCode>GB</isoCode>
              <rcn>508725800</rcn>
            </region>
          </regions>
        </relations>
      </organization>
      <organization ecContribution="301303" order="3" terminated="false" type="participant">
        <availableLanguages readOnly="true">en</availableLanguages>
        <rcn>2155928</rcn>
        <id>986597186</id>
        <vatNumber>NO980038300MVA</vatNumber>
        <legalName>NAMMO RAUFOSS AS</legalName>
        <shortName>NAMMO</shortName>
        <address>
          <street>ENGGATA 37</street>
          <city>RAUFOSS</city>
          <postalCode>2830</postalCode>
          <country>NO</country>
          <postBox>162</postBox>
          <url>www.nammo.com</url>
        </address>
        <relations>
          <categories>
            <category classification="organizationActivityType" type="relatedOrganizationActivityType">
              <availableLanguages readOnly="true">de,en,es,fr,it,pl</availableLanguages>
              <code>/PRC</code>
              <title>Private for-profit entities (excluding Higher or Secondary Education Establishments)</title>
            </category>
          </categories>
          <regions>
            <region type="relatedRegion">
              <name>Norway</name>
              <nutsCode>NO</nutsCode>
              <euCode>NO</euCode>
              <isoCode>NO</isoCode>
              <rcn>392333864</rcn>
            </region>
          </regions>
        </relations>
      </organization>
      <organization ecContribution="176254.66" order="14" terminated="false" type="participant">
        <availableLanguages readOnly="true">en</availableLanguages>
        <rcn>2392451</rcn>
        <id>927711881</id>
        <vatNumber>DE815528487</vatNumber>
        <legalName>EVONIK RESOURCE EFFICIENCY GMBH</legalName>
        <shortName>EVONIK RE</shortName>
        <address>
          <street>RELLINGHAUSER STRASSE 1-11</street>
          <city>ESSEN</city>
          <postalCode>45128</postalCode>
          <country>DE</country>
        </address>
        <relations>
          <categories>
            <category classification="organizationActivityType" type="relatedOrganizationActivityType">
              <availableLanguages readOnly="true">de,en,es,fr,it,pl</availableLanguages>
              <code>/PRC</code>
              <title>Private for-profit entities (excluding Higher or Secondary Education Establishments)</title>
            </category>
          </categories>
          <regions>
            <region type="relatedRegion">
              <name>Germany</name>
              <nutsCode>DE</nutsCode>
              <euCode>DE</euCode>
              <isoCode>DE</isoCode>
              <rcn>221940264</rcn>
            </region>
          </regions>
        </relations>
      </organization>
      <organization ecContribution="72056.09" order="16" terminated="false" type="participant">
        <availableLanguages readOnly="true">en</availableLanguages>
        <rcn>2660465</rcn>
        <id>931927113</id>
        <vatNumber>DE297722712</vatNumber>
        <legalName>ARIANEGROUP GMBH</legalName>
        <shortName>ASL</shortName>
        <address>
          <street>ROBERT-KOCH-STR. 1</street>
          <city>TAUFKIRCHEN</city>
          <postalCode>82024</postalCode>
          <country>DE</country>
        </address>
        <relations>
          <categories>
            <category classification="organizationActivityType" type="relatedOrganizationActivityType">
              <availableLanguages readOnly="true">de,en,es,fr,it,pl</availableLanguages>
              <code>/PRC</code>
              <title>Private for-profit entities (excluding Higher or Secondary Education Establishments)</title>
            </category>
          </categories>
          <regions>
            <region type="relatedRegion">
              <name>Germany</name>
              <nutsCode>DE</nutsCode>
              <euCode>DE</euCode>
              <isoCode>DE</isoCode>
              <rcn>221940264</rcn>
            </region>
          </regions>
        </relations>
      </organization>
      <organization ecContribution="113625" order="11" terminated="false" type="participant">
        <availableLanguages readOnly="true">en</availableLanguages>
        <rcn>1908550</rcn>
        <id>998828692</id>
        <vatNumber>PL5250008494</vatNumber>
        <legalName>INSTYTUT LOTNICTWA</legalName>
        <shortName>IOA</shortName>
        <address>
          <street>UL. AL KRAKOWSKA 110/114</street>
          <city>WARSZAWA</city>
          <postalCode>02256</postalCode>
          <country>PL</country>
          <url>www.ilot.edu.pl</url>
        </address>
        <relations>
          <categories>
            <category classification="organizationActivityType" type="relatedOrganizationActivityType">
              <availableLanguages readOnly="true">de,en,es,fr,it,pl</availableLanguages>
              <code>/REC</code>
              <title>Research Organisations</title>
            </category>
          </categories>
          <regions>
            <region type="relatedRegion">
              <name>Poland</name>
              <nutsCode>PL</nutsCode>
              <euCode>PL</euCode>
              <isoCode>PL</isoCode>
              <rcn>425101864</rcn>
            </region>
          </regions>
        </relations>
      </organization>
      <organization ecContribution="30800" order="15" terminated="false" type="participant">
        <availableLanguages readOnly="true">en</availableLanguages>
        <rcn>2502836</rcn>
        <id>932228201</id>
        <vatNumber>FR82519032247</vatNumber>
        <legalName>ARIANEGROUP SAS</legalName>
        <shortName>ASL</shortName>
        <address>
          <street>TOUR CRISTAL - 7-11 QUAI ANDRE CITROEN</street>
          <city>PARIS</city>
          <postalCode>75015</postalCode>
          <country>FR</country>
          <postBox>000</postBox>
        </address>
        <relations>
          <categories>
            <category classification="organizationActivityType" type="relatedOrganizationActivityType">
              <availableLanguages readOnly="true">de,en,es,fr,it,pl</availableLanguages>
              <code>/PRC</code>
              <title>Private for-profit entities (excluding Higher or Secondary Education Establishments)</title>
            </category>
          </categories>
          <regions>
            <region type="relatedRegion">
              <name>France</name>
              <nutsCode>FR</nutsCode>
              <euCode>FR</euCode>
              <isoCode>FR</isoCode>
              <rcn>258902568</rcn>
            </region>
          </regions>
        </relations>
      </organization>
      <organization ecContribution="77943.91" order="9" terminated="false" type="participant">
        <availableLanguages readOnly="true">en</availableLanguages>
        <rcn>1905831</rcn>
        <id>999991819</id>
        <vatNumber>DE167015661</vatNumber>
        <legalName>AIRBUS DEFENCE AND SPACE GMBH</legalName>
        <shortName>AIRBUS DS</shortName>
        <address>
          <street>WILLY-MESSERSCHMITT-STRASSE 1</street>
          <city>TAUFKIRCHEN</city>
          <postalCode>82024</postalCode>
          <country>DE</country>
          <url>www.airbus-group.com</url>
        </address>
        <departmentName>IW-FC</departmentName>
        <relations>
          <categories>
            <category classification="organizationActivityType" type="relatedOrganizationActivityType">
              <availableLanguages readOnly="true">de,en,es,fr,it,pl</availableLanguages>
              <code>/PRC</code>
              <title>Private for-profit entities (excluding Higher or Secondary Education Establishments)</title>
            </category>
          </categories>
          <regions>
            <region type="relatedRegion">
              <name>Germany</name>
              <nutsCode>DE</nutsCode>
              <euCode>DE</euCode>
              <isoCode>DE</isoCode>
              <rcn>221940264</rcn>
            </region>
          </regions>
        </relations>
      </organization>
      <organization ecContribution="199027.5" order="7" terminated="false" type="participant">
        <availableLanguages readOnly="true">en</availableLanguages>
        <rcn>1905774</rcn>
        <id>999995602</id>
        <vatNumber>IT00742430283</vatNumber>
        <legalName>UNIVERSITA DEGLI STUDI DI PADOVA</legalName>
        <shortName>UNIPD</shortName>
        <address>
          <street>VIA 8 FEBBRAIO 2</street>
          <city>PADOVA</city>
          <postalCode>35122</postalCode>
          <country>IT</country>
          <postBox>000</postBox>
          <url>www.unipd.it</url>
        </address>
        <departmentName>Department of Mathematics</departmentName>
        <relations>
          <categories>
            <category classification="organizationActivityType" type="relatedOrganizationActivityType">
              <availableLanguages readOnly="true">de,en,es,fr,it,pl</availableLanguages>
              <code>/HES</code>
              <title>Higher or Secondary Education Establishments</title>
            </category>
          </categories>
          <regions>
            <region type="relatedRegion">
              <name>Italy</name>
              <nutsCode>IT</nutsCode>
              <euCode>IT</euCode>
              <isoCode>IT</isoCode>
              <rcn>309758504</rcn>
            </region>
          </regions>
        </relations>
      </organization>
      <organization ecContribution="23745.33" order="5" terminated="false" type="participant">
        <availableLanguages readOnly="true">en</availableLanguages>
        <rcn>1907602</rcn>
        <id>962748475</id>
        <vatNumber>DE811160003</vatNumber>
        <legalName>EVONIK INDUSTRIES AG</legalName>
        <shortName>EVONIK</shortName>
        <address>
          <street>RELLINGHAUSER STRASSE  1-11</street>
          <city>ESSEN</city>
          <postalCode>45128</postalCode>
          <country>DE</country>
          <url>www.evonik.com</url>
        </address>
        <departmentName>CI-IPM-IA</departmentName>
        <relations>
          <categories>
            <category classification="organizationActivityType" type="relatedOrganizationActivityType">
              <availableLanguages readOnly="true">de,en,es,fr,it,pl</availableLanguages>
              <code>/PRC</code>
              <title>Private for-profit entities (excluding Higher or Secondary Education Establishments)</title>
            </category>
          </categories>
          <regions>
            <region type="relatedRegion">
              <name>Germany</name>
              <nutsCode>DE</nutsCode>
              <euCode>DE</euCode>
              <isoCode>DE</isoCode>
              <rcn>221940264</rcn>
            </region>
          </regions>
        </relations>
      </organization>
      <organization ecContribution="512693.75" order="2" terminated="false" type="participant">
        <availableLanguages readOnly="true">en</availableLanguages>
        <rcn>1905624</rcn>
        <id>999994438</id>
        <vatNumber>FR36775722879</vatNumber>
        <legalName>OFFICE NATIONAL D'ETUDES ET DE RECHERCHES AEROSPATIALES</legalName>
        <shortName>ONERA</shortName>
        <address>
          <street>CHEMIN DE LA HUNIERE</street>
          <city>PALAISEAU</city>
          <postalCode>91120</postalCode>
          <country>FR</country>
          <postBox>72</postBox>
          <url>www.onera.fr</url>
        </address>
        <departmentName>ONERA/DTIM</departmentName>
        <relations>
          <categories>
            <category classification="organizationActivityType" type="relatedOrganizationActivityType">
              <availableLanguages readOnly="true">de,en,es,fr,it,pl</availableLanguages>
              <code>/REC</code>
              <title>Research Organisations</title>
            </category>
          </categories>
          <regions>
            <region type="relatedRegion">
              <name>France</name>
              <nutsCode>FR</nutsCode>
              <euCode>FR</euCode>
              <isoCode>FR</isoCode>
              <rcn>258902568</rcn>
            </region>
          </regions>
        </relations>
      </organization>
      <organization ecContribution="740277.51" order="1" terminated="false" type="coordinator">
        <availableLanguages readOnly="true">en</availableLanguages>
        <rcn>1909402</rcn>
        <id>999809265</id>
        <vatNumber>FR63393341516</vatNumber>
        <legalName>AIRBUS DEFENCE AND SPACE SAS</legalName>
        <shortName>ADS-F</shortName>
        <address>
          <street>31 RUE DES COSMONAUTES ZI DU PALAYS</street>
          <city>TOULOUSE CEDEX</city>
          <postalCode>31402</postalCode>
          <country>FR</country>
          <postBox>000</postBox>
          <url>www.airbusdefenceandspace.com</url>
        </address>
        <departmentName>Telecommunication system Department /EADS AStrium</departmentName>
        <relations>
          <categories>
            <category classification="organizationActivityType" type="relatedOrganizationActivityType">
              <availableLanguages readOnly="true">de,en,es,fr,it,pl</availableLanguages>
              <code>/PRC</code>
              <title>Private for-profit entities (excluding Higher or Secondary Education Establishments)</title>
            </category>
          </categories>
          <regions>
            <region type="relatedRegion">
              <name>France</name>
              <nutsCode>FR</nutsCode>
              <euCode>FR</euCode>
              <isoCode>FR</isoCode>
              <rcn>258902568</rcn>
            </region>
          </regions>
        </relations>
      </organization>
      <organization ecContribution="121215" order="12" terminated="false" type="participant">
        <availableLanguages readOnly="true">en</availableLanguages>
        <rcn>2392449</rcn>
        <id>943851032</id>
        <vatNumber>GB685874567</vatNumber>
        <legalName>MOOG UK WESTCOTT LIMITED</legalName>
        <shortName>MOOG</shortName>
        <address>
          <street>WESTCOTT VENTURE PARK BUILDING 47 WESTCOTT</street>
          <city>AYLESBURY</city>
          <postalCode>HP180NZ</postalCode>
          <country>UK</country>
        </address>
        <relations>
          <categories>
            <category classification="organizationActivityType" type="relatedOrganizationActivityType">
              <availableLanguages readOnly="true">de,en,es,fr,it,pl</availableLanguages>
              <code>/PRC</code>
              <title>Private for-profit entities (excluding Higher or Secondary Education Establishments)</title>
            </category>
          </categories>
          <regions>
            <region type="relatedRegion">
              <name>United Kingdom</name>
              <nutsCode>UK</nutsCode>
              <euCode>UK</euCode>
              <isoCode>GB</isoCode>
              <rcn>508725800</rcn>
            </region>
          </regions>
        </relations>
      </organization>
      <organization ecContribution="0" order="9" terminated="true" type="participant">
        <availableLanguages readOnly="true">en</availableLanguages>
        <rcn>1905615</rcn>
        <id>999436494</id>
        <vatNumber>DE167015356</vatNumber>
        <legalName>AIRBUS DS GMBH</legalName>
        <shortName>ADS-D</shortName>
        <address>
          <street>ROBERT KOCH STRASSE 1</street>
          <city>TAUFKIRCHEN</city>
          <postalCode>82024</postalCode>
          <country>DE</country>
          <postBox>801169</postBox>
          <url>www.airbusdefenceandspace.com</url>
        </address>
        <departmentName>TFSPE12</departmentName>
        <relations>
          <categories>
            <category classification="organizationActivityType" type="relatedOrganizationActivityType">
              <availableLanguages readOnly="true">de,en,es,fr,it,pl</availableLanguages>
              <code>/PRC</code>
              <title>Private for-profit entities (excluding Higher or Secondary Education Establishments)</title>
            </category>
          </categories>
          <regions>
            <region type="relatedRegion">
              <name>Germany</name>
              <nutsCode>DE</nutsCode>
              <euCode>DE</euCode>
              <isoCode>DE</isoCode>
              <rcn>221940264</rcn>
            </region>
          </regions>
        </relations>
      </organization>
      <organization ecContribution="80000" order="8" terminated="false" type="participant">
        <availableLanguages readOnly="true">en</availableLanguages>
        <rcn>1905618</rcn>
        <id>999698006</id>
        <vatNumber>BE0407185709</vatNumber>
        <legalName>INSTITUT VON KARMAN DE DYNAMIQUE DES FLUIDES</legalName>
        <shortName>IVKDF</shortName>
        <address>
          <street>CHAUSSEE DE WATERLOO 72</street>
          <city>RHODE SAINT GENESE</city>
          <postalCode>1640</postalCode>
          <country>BE</country>
          <url>www.vki.ac.be</url>
        </address>
        <relations>
          <categories>
            <category classification="organizationActivityType" type="relatedOrganizationActivityType">
              <availableLanguages readOnly="true">de,en,es,fr,it,pl</availableLanguages>
              <code>/REC</code>
              <title>Research Organisations</title>
            </category>
          </categories>
          <regions>
            <region type="relatedRegion">
              <name>Belgium</name>
              <nutsCode>BE</nutsCode>
              <euCode>BE</euCode>
              <isoCode>BE</isoCode>
              <rcn>188385832</rcn>
            </region>
          </regions>
        </relations>
      </organization>
      <organization ecContribution="200000" order="4" terminated="false" type="participant">
        <availableLanguages readOnly="true">en</availableLanguages>
        <rcn>1913514</rcn>
        <id>965724338</id>
        <vatNumber>BE0835142383</vatNumber>
        <legalName>SPACETEC PARTNERS SPRL</legalName>
        <shortName>STP</shortName>
        <address>
          <street>AVENUE LOUISE 66</street>
          <city>BRUXELLES</city>
          <postalCode>B-1050</postalCode>
          <country>BE</country>
          <url>www.spacetecpartners.eu</url>
        </address>
        <relations>
          <categories>
            <category classification="organizationActivityType" type="relatedOrganizationActivityType">
              <availableLanguages readOnly="true">de,en,es,fr,it,pl</availableLanguages>
              <code>/PRC</code>
              <title>Private for-profit entities (excluding Higher or Secondary Education Establishments)</title>
            </category>
          </categories>
          <regions>
            <region type="relatedRegion">
              <name>Belgium</name>
              <nutsCode>BE</nutsCode>
              <euCode>BE</euCode>
              <isoCode>BE</isoCode>
              <rcn>188385832</rcn>
            </region>
          </regions>
        </relations>
      </organization>
      <organization ecContribution="108250" order="10" terminated="false" type="participant">
        <availableLanguages readOnly="true">en</availableLanguages>
        <rcn>1957104</rcn>
        <id>999530778</id>
        <vatNumber>GB5825837322</vatNumber>
        <legalName>AIRBUS DEFENCE AND SPACE LTD</legalName>
        <shortName>ADS</shortName>
        <address>
          <street>Gunnels Wood Road</street>
          <city>STEVENAGE</city>
          <postalCode>SG1 2AS</postalCode>
          <country>UK</country>
          <url>www.astrium.eads.net</url>
        </address>
        <relations>
          <categories>
            <category classification="organizationActivityType" type="relatedOrganizationActivityType">
              <availableLanguages readOnly="true">de,en,es,fr,it,pl</availableLanguages>
              <code>/PRC</code>
              <title>Private for-profit entities (excluding Higher or Secondary Education Establishments)</title>
            </category>
          </categories>
          <regions>
            <region type="relatedRegion">
              <name>United Kingdom</name>
              <nutsCode>UK</nutsCode>
              <euCode>UK</euCode>
              <isoCode>GB</isoCode>
              <rcn>508725800</rcn>
            </region>
          </regions>
        </relations>
      </organization>
      <organization ecContribution="50405" order="13" terminated="false" type="participant">
        <availableLanguages readOnly="true">en</availableLanguages>
        <rcn>1906107</rcn>
        <id>999974068</id>
        <vatNumber>GB261339762</vatNumber>
        <legalName>UNIVERSITY OF STRATHCLYDE</legalName>
        <shortName>USTRATH</shortName>
        <address>
          <street>Richmond Street 16</street>
          <city>GLASGOW</city>
          <postalCode>G1 1XQ</postalCode>
          <country>UK</country>
          <postBox>N/A</postBox>
          <url>www.strath.ac.uk</url>
        </address>
        <departmentName>Research and Knowledge Exchange Services</departmentName>
        <relations>
          <categories>
            <category classification="organizationActivityType" type="relatedOrganizationActivityType">
              <availableLanguages readOnly="true">de,en,es,fr,it,pl</availableLanguages>
              <code>/HES</code>
              <title>Higher or Secondary Education Establishments</title>
            </category>
          </categories>
          <regions>
            <region type="relatedRegion">
              <name>United Kingdom</name>
              <nutsCode>UK</nutsCode>
              <euCode>UK</euCode>
              <isoCode>GB</isoCode>
              <rcn>508725800</rcn>
            </region>
          </regions>
        </relations>
      </organization>
    <categories>
      <category classification="projectFundingSchemeCategory" type="relatedProjectFundingSchemeCategory">
        <availableLanguages readOnly="true">en</availableLanguages>
        <code>/RIA</code>
        <title>Research and Innovation action</title>
      </category>
    </categories>
