  <rcn>193474</rcn>
  <acronym>Built2Spec</acronym>
  <objective>Built2Spec brings together a new and breakthrough set of technological advances for self-inspection and quality assurance that will be put into the hands of construction stakeholders to help meeting EU energy efficiency targets, new build standards, and related policy ambitions.  B2S will expand upon a cloud based construction support platform, conceived following the most advanced integrated design and delivery framework for the building sector and hosting applications that facilitate worksite activities and quality compliance by putting knowledge in hands of contractors, in the form of shared design specifications and 3D models, installation guidelines, information on regulatory frameworks, and help from construction experts on smartphones and tablets. New self-inspection technologies managed within the platform and developed in the project include:
•	Special IR camera in smartphones coupled with new mathematical “reverse” models for on-the-fly analysis of existing buildings envelope thermal properties
•	Rapid BIM modelling via instant 3D capture with smartphones, passed via the cloud to the refurbishment team back-office, allowing accurate instant energy efficiency evaluation, quality check and streamlined quotation process
•	Portable, innovative low pressure air tightness technique allowing testing of occupied buildings
•	Smart sensor-embedded construction elements (identification, structural performance, and building environment parameters) 
•	Portable single device for Indoor Air Quality tests offering multi-gas capabilities targeting the most harmful gas pollutants
•	A novel lightweight portable sound source for on-site acoustic tests to regulation compliance
The B2S system will be integrated into the operations of SME contractors, large construction firms, and end user clients directly within the consortium and work program activities, assuring systematic and scientific performance measures, feedback and powerful exploitation and dissemination strategies.</objective>
  <title>Built to Specifications: Self-Inspection, 3D Modelling, Management and Quality-Check Tools for the 21st Century Construction Worksite</title>
      <organization ecContribution="259097.5" order="19" terminated="false" type="participant">
        <availableLanguages readOnly="true">en</availableLanguages>
        <rcn>2398969</rcn>
        <id>944619757</id>
        <legalName>ORAN PRE-CAST LIMITED</legalName>
        <shortName>ORAN</shortName>
        <address>
          <street>DEERPARK IND ESTATE, ORANMORE</street>
          <city>GALWAY</city>
          <postalCode>0000</postalCode>
          <country>IE</country>
        </address>
        <relations>
          <categories>
            <category classification="organizationActivityType" type="relatedOrganizationActivityType">
              <availableLanguages readOnly="true">de,en,es,fr,it,pl</availableLanguages>
              <code>/PRC</code>
              <title>Private for-profit entities (excluding Higher or Secondary Education Establishments)</title>
            </category>
          </categories>
          <regions>
            <region type="relatedRegion">
              <name>Ireland</name>
              <nutsCode>IE</nutsCode>
              <euCode>IE</euCode>
              <isoCode>IE</isoCode>
              <rcn>305826344</rcn>
            </region>
          </regions>
        </relations>
      </organization>
      <organization ecContribution="200750" order="13" terminated="false" type="participant">
        <availableLanguages readOnly="true">en</availableLanguages>
        <rcn>2102574</rcn>
        <id>967430471</id>
        <vatNumber>ESA48010573</vatNumber>
        <legalName>OBRASCON HUARTE LAIN SA</legalName>
        <shortName>OHL</shortName>
        <address>
          <street>PASEO DE LA CASTELLANA 259 PORTAL D, TORRE ESPACIO</street>
          <city>MADRID</city>
          <postalCode>28046</postalCode>
          <country>ES</country>
          <url>www.ohl.es</url>
        </address>
        <relations>
          <categories>
            <category classification="organizationActivityType" type="relatedOrganizationActivityType">
              <availableLanguages readOnly="true">de,en,es,fr,it,pl</availableLanguages>
              <code>/PRC</code>
              <title>Private for-profit entities (excluding Higher or Secondary Education Establishments)</title>
            </category>
          </categories>
          <regions>
            <region type="relatedRegion">
              <name>Spain</name>
              <nutsCode>ES</nutsCode>
              <euCode>ES</euCode>
              <isoCode>ES</isoCode>
              <rcn>242387496</rcn>
            </region>
          </regions>
        </relations>
      </organization>
      <organization ecContribution="272625" order="8" terminated="false" type="participant">
        <availableLanguages readOnly="true">en</availableLanguages>
        <rcn>2398958</rcn>
        <id>944646238</id>
        <legalName>LAKEHOUSE CONTRACTS LIMITED</legalName>
        <shortName>LAKE</shortName>
        <address>
          <street>1 KING GEORGE CLOSE</street>
          <city>ROMFORD</city>
          <postalCode>RM7 7LS</postalCode>
          <country>UK</country>
        </address>
        <relations>
          <categories>
            <category classification="organizationActivityType" type="relatedOrganizationActivityType">
              <availableLanguages readOnly="true">de,en,es,fr,it,pl</availableLanguages>
              <code>/PRC</code>
              <title>Private for-profit entities (excluding Higher or Secondary Education Establishments)</title>
            </category>
          </categories>
          <regions>
            <region type="relatedRegion">
              <name>United Kingdom</name>
              <nutsCode>UK</nutsCode>
              <euCode>UK</euCode>
              <isoCode>GB</isoCode>
              <rcn>508725800</rcn>
            </region>
          </regions>
        </relations>
      </organization>
      <organization ecContribution="282482.5" order="10" terminated="false" type="participant">
        <availableLanguages readOnly="true">en</availableLanguages>
        <rcn>1917301</rcn>
        <id>997190071</id>
        <vatNumber>GB745062246</vatNumber>
        <legalName>BSRIA LIMITED</legalName>
        <shortName>BSRIA</shortName>
        <address>
          <street>Old Bracknell Lane West</street>
          <city>BRACKNELL</city>
          <postalCode>RG12 7AH</postalCode>
          <country>UK</country>
          <url>www.bsria.co.uk</url>
        </address>
        <relations>
          <categories>
            <category classification="organizationActivityType" type="relatedOrganizationActivityType">
              <availableLanguages readOnly="true">de,en,es,fr,it,pl</availableLanguages>
              <code>/PRC</code>
              <title>Private for-profit entities (excluding Higher or Secondary Education Establishments)</title>
            </category>
          </categories>
          <regions>
            <region type="relatedRegion">
              <name>United Kingdom</name>
              <nutsCode>UK</nutsCode>
              <euCode>UK</euCode>
              <isoCode>GB</isoCode>
              <rcn>508725800</rcn>
            </region>
          </regions>
        </relations>
      </organization>
      <organization ecContribution="274910" order="20" terminated="false" type="participant">
        <availableLanguages readOnly="true">en</availableLanguages>
        <rcn>1907408</rcn>
        <id>999978045</id>
        <vatNumber>IE0022578J</vatNumber>
        <legalName>NATIONAL UNIVERSITY OF IRELAND GALWAY</legalName>
        <shortName>ICHEC</shortName>
        <address>
          <street>UNIVERSITY ROAD</street>
          <city>Galway</city>
          <postalCode>H91</postalCode>
          <country>IE</country>
          <postBox>000</postBox>
          <url>www.nuigalway.ie</url>
        </address>
        <departmentName>Digital Enterprise Research Institute (DERI)</departmentName>
        <relations>
          <categories>
            <category classification="organizationActivityType" type="relatedOrganizationActivityType">
              <availableLanguages readOnly="true">de,en,es,fr,it,pl</availableLanguages>
              <code>/HES</code>
              <title>Higher or Secondary Education Establishments</title>
            </category>
          </categories>
          <regions>
            <region type="relatedRegion">
              <name>Ireland</name>
              <nutsCode>IE</nutsCode>
              <euCode>IE</euCode>
              <isoCode>IE</isoCode>
              <rcn>305826344</rcn>
            </region>
          </regions>
        </relations>
      </organization>
      <organization ecContribution="212325" order="16" terminated="false" type="participant">
        <availableLanguages readOnly="true">en</availableLanguages>
        <rcn>2398966</rcn>
        <id>950729302</id>
        <legalName>DE CINQUE LINEAR HOUSE SNC</legalName>
        <shortName>DE5</shortName>
        <address>
          <street>VIA SANDRO PERTINI 29</street>
          <city>SAN SALVO</city>
          <postalCode>66050</postalCode>
          <country>IT</country>
        </address>
        <relations>
          <categories>
            <category classification="organizationActivityType" type="relatedOrganizationActivityType">
              <availableLanguages readOnly="true">de,en,es,fr,it,pl</availableLanguages>
              <code>/PRC</code>
              <title>Private for-profit entities (excluding Higher or Secondary Education Establishments)</title>
            </category>
          </categories>
          <regions>
            <region type="relatedRegion">
              <name>Italy</name>
              <nutsCode>IT</nutsCode>
              <euCode>IT</euCode>
              <isoCode>IT</isoCode>
              <rcn>309758504</rcn>
            </region>
          </regions>
        </relations>
      </organization>
      <organization ecContribution="400612.5" order="11" terminated="false" type="participant">
        <availableLanguages readOnly="true">en</availableLanguages>
        <rcn>1906036</rcn>
        <id>999988909</id>
        <vatNumber>NL002875718B01</vatNumber>
        <legalName>NEDERLANDSE ORGANISATIE VOOR TOEGEPAST NATUURWETENSCHAPPELIJK ONDERZOEK TNO</legalName>
        <shortName>NETHERLANDS ORGANISATION FOR APPLIED SCIENTIFIC RESEARCH</shortName>
        <address>
          <street>ANNA VAN BUERENPLEIN 1</street>
          <city>DEN HAAG</city>
          <postalCode>2595 DA</postalCode>
          <country>NL</country>
          <postBox>000</postBox>
          <url>www.tno.nl</url>
        </address>
        <departmentName>Industrial Innovation</departmentName>
        <relations>
          <categories>
            <category classification="organizationActivityType" type="relatedOrganizationActivityType">
              <availableLanguages readOnly="true">de,en,es,fr,it,pl</availableLanguages>
              <code>/REC</code>
              <title>Research Organisations</title>
            </category>
          </categories>
          <regions>
            <region type="relatedRegion">
              <name>Netherlands</name>
              <nutsCode>NL</nutsCode>
              <euCode>NL</euCode>
              <isoCode>NL</isoCode>
              <rcn>391547432</rcn>
            </region>
          </regions>
        </relations>
      </organization>
      <organization ecContribution="209826.86" order="2" terminated="true" type="participant">
        <availableLanguages readOnly="true">en</availableLanguages>
        <rcn>2398952</rcn>
        <id>943103162</id>
        <legalName>ECOLE NATIONALE SUPERIEURE D'ARCHITECTURE DE NANTES</legalName>
        <shortName>ENSAN</shortName>
        <address>
          <street>QUAI FRANCOIS MITTERRAND 6</street>
          <city>NANTES CEDEX 2</city>
          <postalCode>44262</postalCode>
          <country>FR</country>
        </address>
        <relations>
          <categories>
            <category classification="organizationActivityType" type="relatedOrganizationActivityType">
              <availableLanguages readOnly="true">de,en,es,fr,it,pl</availableLanguages>
              <code>/HES</code>
              <title>Higher or Secondary Education Establishments</title>
            </category>
          </categories>
          <regions>
            <region type="relatedRegion">
              <name>France</name>
              <nutsCode>FR</nutsCode>
              <euCode>FR</euCode>
              <isoCode>FR</isoCode>
              <rcn>258902568</rcn>
            </region>
          </regions>
        </relations>
      </organization>
      <organization ecContribution="220255" order="4" terminated="false" type="participant">
        <availableLanguages readOnly="true">en</availableLanguages>
        <rcn>2398954</rcn>
        <id>967858435</id>
        <legalName>BLUE INDUSTRY AND SCIENCE SAS</legalName>
        <shortName>BLUE</shortName>
        <address>
          <street>Rue La Fayette  208 bis</street>
          <city>Paris</city>
          <postalCode>75010</postalCode>
          <country>FR</country>
        </address>
        <relations>
          <categories>
            <category classification="organizationActivityType" type="relatedOrganizationActivityType">
              <availableLanguages readOnly="true">de,en,es,fr,it,pl</availableLanguages>
              <code>/PRC</code>
              <title>Private for-profit entities (excluding Higher or Secondary Education Establishments)</title>
            </category>
          </categories>
          <regions>
            <region type="relatedRegion">
              <name>France</name>
              <nutsCode>FR</nutsCode>
              <euCode>FR</euCode>
              <isoCode>FR</isoCode>
              <rcn>258902568</rcn>
            </region>
          </regions>
        </relations>
      </organization>
      <organization ecContribution="238812.5" order="18" terminated="false" type="participant">
        <availableLanguages readOnly="true">en</availableLanguages>
        <rcn>2398968</rcn>
        <id>970914420</id>
        <legalName>ECOFIX LIMITED</legalName>
        <shortName>ECOFIX</shortName>
        <address>
          <street>106 PEMBROKE ROAD BALLSBRIDGE</street>
          <city>DUBLIN</city>
          <postalCode>4</postalCode>
          <country>IE</country>
        </address>
        <relations>
          <categories>
            <category classification="organizationActivityType" type="relatedOrganizationActivityType">
              <availableLanguages readOnly="true">de,en,es,fr,it,pl</availableLanguages>
              <code>/PRC</code>
              <title>Private for-profit entities (excluding Higher or Secondary Education Establishments)</title>
            </category>
          </categories>
          <regions>
            <region type="relatedRegion">
              <name>Ireland</name>
              <nutsCode>IE</nutsCode>
              <euCode>IE</euCode>
              <isoCode>IE</isoCode>
              <rcn>305826344</rcn>
            </region>
          </regions>
        </relations>
      </organization>
      <organization ecContribution="194475" order="5" terminated="false" type="participant">
        <availableLanguages readOnly="true">en</availableLanguages>
        <rcn>2209919</rcn>
        <id>953476536</id>
        <legalName>SOCIETE ANONYME D'HABITATIONS A LOYER MODERE LOGEMENT ET GESTION IMMOBILIERE POUR LA REGION PARISIENNE-LOGIREP</legalName>
        <shortName>LOGIREP</shortName>
        <address>
          <street>RUE GAMBETTA 127</street>
          <city>SURESNES</city>
          <postalCode>92150</postalCode>
          <country>FR</country>
          <url>www.polylogis.fr</url>
        </address>
        <relations>
          <categories>
            <category classification="organizationActivityType" type="relatedOrganizationActivityType">
              <availableLanguages readOnly="true">de,en,es,fr,it,pl</availableLanguages>
              <code>/PRC</code>
              <title>Private for-profit entities (excluding Higher or Secondary Education Establishments)</title>
            </category>
          </categories>
          <regions>
            <region type="relatedRegion">
              <name>France</name>
              <nutsCode>FR</nutsCode>
              <euCode>FR</euCode>
              <isoCode>FR</isoCode>
              <rcn>258902568</rcn>
            </region>
          </regions>
        </relations>
      </organization>
      <organization ecContribution="260250" order="14" terminated="true" type="participant">
        <availableLanguages readOnly="true">en</availableLanguages>
        <rcn>1905921</rcn>
        <id>999513124</id>
        <vatNumber>ESG61262630</vatNumber>
        <legalName>FUNDACIO PRIVADA ASCAMM</legalName>
        <shortName>ASCAMM</shortName>
        <address>
          <street>AVENIDA UNIVERSITAT AUTONOMA , PARC TECNOLOGIC DEL VALLES 23</street>
          <city>CERDANYOLA DEL VALLES</city>
          <postalCode>08290</postalCode>
          <country>ES</country>
          <url>www.ascamm.com</url>
        </address>
        <relations>
          <categories>
            <category classification="organizationActivityType" type="relatedOrganizationActivityType">
              <availableLanguages readOnly="true">de,en,es,fr,it,pl</availableLanguages>
              <code>/REC</code>
              <title>Research Organisations</title>
            </category>
          </categories>
          <regions>
            <region type="relatedRegion">
              <name>Spain</name>
              <nutsCode>ES</nutsCode>
              <euCode>ES</euCode>
              <isoCode>ES</isoCode>
              <rcn>242387496</rcn>
            </region>
          </regions>
        </relations>
      </organization>
      <organization ecContribution="298756.25" order="3" terminated="false" type="participant">
        <availableLanguages readOnly="true">en</availableLanguages>
        <rcn>1908313</rcn>
        <id>949735440</id>
        <vatNumber>FR23130018351</vatNumber>
        <legalName>UNIVERSITE DE BORDEAUX</legalName>
        <shortName>UB</shortName>
        <address>
          <street>PLACE PEY BERLAND 35</street>
          <city>BORDEAUX</city>
          <postalCode>33000</postalCode>
          <country>FR</country>
          <postBox>000</postBox>
          <url>www.nouvelle-univ-bordeaux.fr</url>
        </address>
        <departmentName>International Office</departmentName>
        <relations>
          <categories>
            <category classification="organizationActivityType" type="relatedOrganizationActivityType">
              <availableLanguages readOnly="true">de,en,es,fr,it,pl</availableLanguages>
              <code>/HES</code>
              <title>Higher or Secondary Education Establishments</title>
            </category>
          </categories>
          <regions>
            <region type="relatedRegion">
              <name>France</name>
              <nutsCode>FR</nutsCode>
              <euCode>FR</euCode>
              <isoCode>FR</isoCode>
              <rcn>258902568</rcn>
            </region>
          </regions>
        </relations>
      </organization>
      <organization ecContribution="0" order="12" terminated="false" type="participant">
        <availableLanguages readOnly="true">en</availableLanguages>
        <rcn>1905561</rcn>
        <id>999979015</id>
        <vatNumber>CHE115203630</vatNumber>
        <legalName>EIDGENOESSISCHE TECHNISCHE HOCHSCHULE ZUERICH</legalName>
        <shortName>ETH Zürich</shortName>
        <address>
          <street>Raemistrasse  101</street>
          <city>ZUERICH</city>
          <postalCode>8092</postalCode>
          <country>CH</country>
          <postBox>N/A</postBox>
          <url>https://www.ethz.ch/de.html</url>
        </address>
        <departmentName>Integrated Systems Laboratory</departmentName>
        <relations>
          <categories>
            <category classification="organizationActivityType" type="relatedOrganizationActivityType">
              <availableLanguages readOnly="true">de,en,es,fr,it,pl</availableLanguages>
              <code>/HES</code>
              <title>Higher or Secondary Education Establishments</title>
            </category>
          </categories>
          <regions>
            <region type="relatedRegion">
              <name>Switzerland</name>
              <nutsCode>CH</nutsCode>
              <euCode>CH</euCode>
              <isoCode>CH</isoCode>
              <rcn>205949480</rcn>
            </region>
          </regions>
        </relations>
      </organization>
      <organization ecContribution="147425" order="15" terminated="false" type="participant">
        <availableLanguages readOnly="true">en</availableLanguages>
        <rcn>1948169</rcn>
        <id>997191235</id>
        <vatNumber>ESG60643558</vatNumber>
        <legalName>FUNDACIO PRIVADA UNIVERSITAT I TECNOLOGIA</legalName>
        <shortName>FUNITEC</shortName>
        <address>
          <street>CALLE SANT JOAN DE LA SALLE 42</street>
          <city>BARCELONA</city>
          <postalCode>08022</postalCode>
          <country>ES</country>
          <postBox>000</postBox>
          <url>www.salle.url.edu</url>
        </address>
        <departmentName>Enginyeria i Arquitectura La Salle</departmentName>
        <relations>
          <categories>
            <category classification="organizationActivityType" type="relatedOrganizationActivityType">
              <availableLanguages readOnly="true">de,en,es,fr,it,pl</availableLanguages>
              <code>/HES</code>
              <title>Higher or Secondary Education Establishments</title>
            </category>
          </categories>
          <regions>
            <region type="relatedRegion">
              <name>Spain</name>
              <nutsCode>ES</nutsCode>
              <euCode>ES</euCode>
              <isoCode>ES</isoCode>
              <rcn>242387496</rcn>
            </region>
          </regions>
        </relations>
      </organization>
      <organization ecContribution="266350" order="9" terminated="false" type="participant">
        <availableLanguages readOnly="true">en</availableLanguages>
        <rcn>1905926</rcn>
        <id>999976978</id>
        <vatNumber>GB690391225</vatNumber>
        <legalName>THE UNIVERSITY OF NOTTINGHAM</legalName>
        <shortName>UNOTT</shortName>
        <address>
          <street>University Park</street>
          <city>NOTTINGHAM</city>
          <postalCode>NG7 2RD</postalCode>
          <country>UK</country>
          <postBox>N/A</postBox>
          <url>www.nottingham.ac.uk</url>
        </address>
        <departmentName>Research &amp; Graduate Services</departmentName>
        <relations>
          <categories>
            <category classification="organizationActivityType" type="relatedOrganizationActivityType">
              <availableLanguages readOnly="true">de,en,es,fr,it,pl</availableLanguages>
              <code>/HES</code>
              <title>Higher or Secondary Education Establishments</title>
            </category>
          </categories>
          <regions>
            <region type="relatedRegion">
              <name>United Kingdom</name>
              <nutsCode>UK</nutsCode>
              <euCode>UK</euCode>
              <isoCode>GB</isoCode>
              <rcn>508725800</rcn>
            </region>
          </regions>
        </relations>
      </organization>
      <organization ecContribution="260250" order="14" terminated="false" type="participant">
        <availableLanguages readOnly="true">en</availableLanguages>
        <rcn>2284307</rcn>
        <id>928030235</id>
        <vatNumber>ESG66210345</vatNumber>
        <legalName>FUNDACIO EURECAT</legalName>
        <shortName>EUT</shortName>
        <address>
          <street>AVENIDA UNIVERSITAT AUTONOMA 23</street>
          <city>CERDANYOLA DEL VALLES (BARCELONA)</city>
          <postalCode>08290</postalCode>
          <country>ES</country>
          <url>www.eurecat.org/</url>
        </address>
        <departmentName>Public Programmes Area</departmentName>
        <relations>
          <categories>
            <category classification="organizationActivityType" type="relatedOrganizationActivityType">
              <availableLanguages readOnly="true">de,en,es,fr,it,pl</availableLanguages>
              <code>/REC</code>
              <title>Research Organisations</title>
            </category>
          </categories>
          <regions>
            <region type="relatedRegion">
              <name>Spain</name>
              <nutsCode>ES</nutsCode>
              <euCode>ES</euCode>
              <isoCode>ES</isoCode>
              <rcn>242387496</rcn>
            </region>
          </regions>
        </relations>
      </organization>
      <organization ecContribution="172923.14" order="21" terminated="false" type="participant">
        <availableLanguages readOnly="true">en</availableLanguages>
        <rcn>2090934</rcn>
        <id>948933735</id>
        <vatNumber>FR94130018310</vatNumber>
        <legalName>CENTRE D ETUDES ET D EXPERTISE SUR LES RISQUES L ENVIRONNEMENT LA MOBILITE ET L AMENAGEMENT</legalName>
        <shortName>Cerema</shortName>
        <address>
          <street>25 AV FRANCOIS MITTERRAND</street>
          <city>BRON</city>
          <postalCode>69500</postalCode>
          <country>FR</country>
          <postBox>000</postBox>
          <url>www.cerema.fr</url>
        </address>
        <relations>
          <categories>
            <category classification="organizationActivityType" type="relatedOrganizationActivityType">
              <availableLanguages readOnly="true">de,en,es,fr,it,pl</availableLanguages>
              <code>/PUB</code>
              <title>Public bodies (excluding Research Organisations and Secondary or Higher Education Establishments)</title>
            </category>
          </categories>
          <regions>
            <region type="relatedRegion">
              <name>France</name>
              <nutsCode>FR</nutsCode>
              <euCode>FR</euCode>
              <isoCode>FR</isoCode>
              <rcn>258902568</rcn>
            </region>
          </regions>
        </relations>
      </organization>
      <organization ecContribution="322193.75" order="17" terminated="false" type="participant">
        <availableLanguages readOnly="true">en</availableLanguages>
        <rcn>2090868</rcn>
        <id>952850110</id>
        <vatNumber>IT04998380879</vatNumber>
        <legalName>R2M SOLUTION SRL</legalName>
        <shortName>R2M</shortName>
        <address>
          <street>VIA FRATELLI CUZIO 42</street>
          <city>PAVIA</city>
          <postalCode>27100</postalCode>
          <country>IT</country>
          <postBox>000</postBox>
          <url>www.r2msolution.com</url>
        </address>
        <departmentName>-</departmentName>
        <relations>
          <categories>
            <category classification="organizationActivityType" type="relatedOrganizationActivityType">
              <availableLanguages readOnly="true">de,en,es,fr,it,pl</availableLanguages>
              <code>/PRC</code>
              <title>Private for-profit entities (excluding Higher or Secondary Education Establishments)</title>
            </category>
          </categories>
          <regions>
            <region type="relatedRegion">
              <name>Italy</name>
              <nutsCode>IT</nutsCode>
              <euCode>IT</euCode>
              <isoCode>IT</isoCode>
              <rcn>309758504</rcn>
            </region>
          </regions>
        </relations>
      </organization>
      <organization ecContribution="419734.38" order="7" terminated="false" type="participant">
        <availableLanguages readOnly="true">en</availableLanguages>
        <rcn>2398957</rcn>
        <id>951230889</id>
        <legalName>VRM TECHNOLOGY LTD</legalName>
        <shortName>VRM</shortName>
        <address>
          <street>9 DEVONSHIRE SQUARE LIVERPOOL STREET</street>
          <city>LONDON</city>
          <postalCode>EC2M 4YF</postalCode>
          <country>UK</country>
        </address>
        <relations>
          <categories>
            <category classification="organizationActivityType" type="relatedOrganizationActivityType">
              <availableLanguages readOnly="true">de,en,es,fr,it,pl</availableLanguages>
              <code>/PRC</code>
              <title>Private for-profit entities (excluding Higher or Secondary Education Establishments)</title>
            </category>
          </categories>
          <regions>
            <region type="relatedRegion">
              <name>United Kingdom</name>
              <nutsCode>UK</nutsCode>
              <euCode>UK</euCode>
              <isoCode>GB</isoCode>
              <rcn>508725800</rcn>
            </region>
          </regions>
        </relations>
      </organization>
      <organization ecContribution="293750" order="6" terminated="false" type="participant">
        <availableLanguages readOnly="true">en</availableLanguages>
        <rcn>1933188</rcn>
        <id>989958042</id>
        <vatNumber>DE180568294</vatNumber>
        <legalName>WOLFGANG FEIST</legalName>
        <shortName>PHI</shortName>
        <address>
          <street>PASSIVHAUS INSTITUT RHEINSTRASSE 44 46</street>
          <city>DARMSTADT</city>
          <postalCode>64283</postalCode>
          <country>DE</country>
          <url>www.passiv.de</url>
        </address>
        <relations>
          <categories>
            <category classification="organizationActivityType" type="relatedOrganizationActivityType">
              <availableLanguages readOnly="true">de,en,es,fr,it,pl</availableLanguages>
              <code>/PRC</code>
              <title>Private for-profit entities (excluding Higher or Secondary Education Establishments)</title>
            </category>
          </categories>
          <regions>
            <region type="relatedRegion">
              <name>Germany</name>
              <nutsCode>DE</nutsCode>
              <euCode>DE</euCode>
              <isoCode>DE</isoCode>
              <rcn>221940264</rcn>
            </region>
          </regions>
        </relations>
      </organization>
      <organization ecContribution="587549.38" order="1" terminated="false" type="coordinator">
        <availableLanguages readOnly="true">en</availableLanguages>
        <rcn>1923962</rcn>
        <id>994163865</id>
        <vatNumber>FR95451931208</vatNumber>
        <legalName>NOBATEK</legalName>
        <shortName>NOBATEK</shortName>
        <address>
          <street>Rue de Mirambeau  67</street>
          <city>Anglet</city>
          <postalCode>64600</postalCode>
          <country>FR</country>
          <url>www.nobatek.com</url>
        </address>
        <relations>
          <categories>
            <category classification="organizationActivityType" type="relatedOrganizationActivityType">
              <availableLanguages readOnly="true">de,en,es,fr,it,pl</availableLanguages>
              <code>/REC</code>
              <title>Research Organisations</title>
            </category>
          </categories>
          <regions>
            <region type="relatedRegion">
              <name>France</name>
              <nutsCode>FR</nutsCode>
              <euCode>FR</euCode>
              <isoCode>FR</isoCode>
              <rcn>258902568</rcn>
            </region>
          </regions>
        </relations>
      </organization>
    <categories>
      <category classification="projectFundingSchemeCategory" type="relatedProjectFundingSchemeCategory">
        <availableLanguages readOnly="true">en</availableLanguages>
        <code>/RIA</code>
        <title>Research and Innovation action</title>
      </category>
    </categories>
