  <rcn>193419</rcn>
  <acronym>STYLE</acronym>
  <objective>The SPIRE Roadmap calls for an industry-focused study of current sustainability assessment approaches across the process industries, with the aim of identifying and promoting a suitable ‘toolkit’. 
Project STYLE is an industry-led consortium representing a broad spread of process industry sectors with numerous products that cross sector boundaries through their value chains.  Partner organisations (Britest, ArcelorMittal, Carmeuse, Holcim, RDC Environment, IVL, Solvay, Tata Steel, Utrecht University and Veolia) bring together a wealth of knowledge and experience in the use of tools for sustainability assessment. Active stakeholder engagement/support from public and private sector organisations, national standardisation bodies and industry associations from project inception, will ensure focus and clarity in addressing the challenges identified in the call. 
Project STYLE has three key objectives, to: 
1. Identify best practice in sustainability evaluation, across sectors and through value chains via inventory and classification of established approaches. 
2. Test and deliver a practical toolkit for sustainability evaluation of processes and products, spanning multiple sectors and easily usable by non-practitioners of LCA. 
3. Determine gaps, through critical assessment and validation, and identify future research needs to improve the toolkit and ensure broad applicability across sectors. 
Industrial partners in the project will provide the cross-sectoral case study opportunities for testing existing partner tools and selected tools identified through the inventory and classification stages. The research and consultancy partners will ensure that the project methodology is rigorous, sufficiently wide-ranging and that recommendations are validated and consistent with the best world-wide standards. Dissemination of project outputs via and in collaboration with the stakeholder groups will promote uptake and increase the EU knowledge base for sustainability evaluation.</objective>
  <title>Sustainability Toolkit for easY Life-cycle Evaluation</title>
      <organization ecContribution="13500" order="3" terminated="false" type="participant">
        <availableLanguages readOnly="true">en</availableLanguages>
        <rcn>2398103</rcn>
        <id>995543981</id>
        <vatNumber>BE0404236513</vatNumber>
        <legalName>CARMEUSE RESEARCH AND TECHNOLOGY SA</legalName>
        <shortName>CARMEUSE</shortName>
        <address>
          <street>BOULEVARD DE LAUZELLE 65</street>
          <city>LOUVAIN LA NEUVE</city>
          <postalCode>1348</postalCode>
          <country>BE</country>
        </address>
        <relations>
          <categories>
            <category classification="organizationActivityType" type="relatedOrganizationActivityType">
              <availableLanguages readOnly="true">de,en,es,fr,it,pl</availableLanguages>
              <code>/PRC</code>
              <title>Private for-profit entities (excluding Higher or Secondary Education Establishments)</title>
            </category>
          </categories>
          <regions>
            <region type="relatedRegion">
              <name>Belgium</name>
              <nutsCode>BE</nutsCode>
              <euCode>BE</euCode>
              <isoCode>BE</isoCode>
              <rcn>188385832</rcn>
            </region>
          </regions>
        </relations>
      </organization>
      <organization ecContribution="74750" order="5" terminated="false" type="participant">
        <availableLanguages readOnly="true">en</availableLanguages>
        <rcn>1910318</rcn>
        <id>999476361</id>
        <vatNumber>SE556116244601</vatNumber>
        <legalName>IVL SVENSKA MILJOEINSTITUTET AB</legalName>
        <shortName>IVL</shortName>
        <address>
          <street>Valhallavaegen  81</street>
          <city>STOCKHOLM</city>
          <postalCode>100 31</postalCode>
          <country>SE</country>
          <postBox>21060</postBox>
          <url>http://www.ivl.se</url>
        </address>
        <departmentName>Management Group</departmentName>
        <relations>
          <categories>
            <category classification="organizationActivityType" type="relatedOrganizationActivityType">
              <availableLanguages readOnly="true">de,en,es,fr,it,pl</availableLanguages>
              <code>/REC</code>
              <title>Research Organisations</title>
            </category>
          </categories>
          <regions>
            <region type="relatedRegion">
              <name>Sweden</name>
              <nutsCode>SE</nutsCode>
              <euCode>SE</euCode>
              <isoCode>SE</isoCode>
              <rcn>473598504</rcn>
            </region>
          </regions>
        </relations>
      </organization>
      <organization ecContribution="13125" order="2" terminated="false" type="participant">
        <availableLanguages readOnly="true">en</availableLanguages>
        <rcn>1922307</rcn>
        <id>998756912</id>
        <vatNumber>FR66380347591</vatNumber>
        <legalName>ARCELORMITTAL MAIZIERES RESEARCH SA</legalName>
        <shortName>AMMR</shortName>
        <address>
          <street>RUE ANDRE CAMPRA 6 IMMEUBLE LE CEZANNE</street>
          <city>SAINT DENIS</city>
          <postalCode>93200</postalCode>
          <country>FR</country>
          <url>www.arcelormittal.com</url>
        </address>
        <departmentName>ArcelorMittal Maizieres Research</departmentName>
        <relations>
          <categories>
            <category classification="organizationActivityType" type="relatedOrganizationActivityType">
              <availableLanguages readOnly="true">de,en,es,fr,it,pl</availableLanguages>
              <code>/PRC</code>
              <title>Private for-profit entities (excluding Higher or Secondary Education Establishments)</title>
            </category>
          </categories>
          <regions>
            <region type="relatedRegion">
              <name>France</name>
              <nutsCode>FR</nutsCode>
              <euCode>FR</euCode>
              <isoCode>FR</isoCode>
              <rcn>258902568</rcn>
            </region>
          </regions>
        </relations>
      </organization>
      <organization ecContribution="38320" order="8" terminated="false" type="participant">
        <availableLanguages readOnly="true">en</availableLanguages>
        <rcn>1998126</rcn>
        <id>996821374</id>
        <vatNumber>GB238712260</vatNumber>
        <legalName>TATA STEEL UK LIMITED</legalName>
        <shortName>Tata Steel UK</shortName>
        <address>
          <street>MILLBANK 30</street>
          <city>LONDON</city>
          <postalCode>SW1P 4WY</postalCode>
          <country>UK</country>
          <url>http://www.tatasteeleurope.com/en/</url>
        </address>
        <relations>
          <categories>
            <category classification="organizationActivityType" type="relatedOrganizationActivityType">
              <availableLanguages readOnly="true">de,en,es,fr,it,pl</availableLanguages>
              <code>/PRC</code>
              <title>Private for-profit entities (excluding Higher or Secondary Education Establishments)</title>
            </category>
          </categories>
          <regions>
            <region type="relatedRegion">
              <name>United Kingdom</name>
              <nutsCode>UK</nutsCode>
              <euCode>UK</euCode>
              <isoCode>GB</isoCode>
              <rcn>508725800</rcn>
            </region>
          </regions>
        </relations>
      </organization>
      <organization ecContribution="32277.5" order="10" terminated="false" type="participant">
        <availableLanguages readOnly="true">en</availableLanguages>
        <rcn>1910344</rcn>
        <id>996522032</id>
        <vatNumber>FR65494539224</vatNumber>
        <legalName>VEOLIA ENVIRONNEMENT RECHERCHE ET INNOVATION SNC</legalName>
        <shortName>VERI</shortName>
        <address>
          <street>CHEMIN DE LA DIGUE</street>
          <city>MAISONS LAFFITTE</city>
          <postalCode>78600</postalCode>
          <country>FR</country>
          <url>www.veolia.com</url>
        </address>
        <relations>
          <categories>
            <category classification="organizationActivityType" type="relatedOrganizationActivityType">
              <availableLanguages readOnly="true">de,en,es,fr,it,pl</availableLanguages>
              <code>/PRC</code>
              <title>Private for-profit entities (excluding Higher or Secondary Education Establishments)</title>
            </category>
          </categories>
          <regions>
            <region type="relatedRegion">
              <name>France</name>
              <nutsCode>FR</nutsCode>
              <euCode>FR</euCode>
              <isoCode>FR</isoCode>
              <rcn>258902568</rcn>
            </region>
          </regions>
        </relations>
      </organization>
      <organization ecContribution="56781.25" order="9" terminated="false" type="participant">
        <availableLanguages readOnly="true">en</availableLanguages>
        <rcn>1905698</rcn>
        <id>999985805</id>
        <vatNumber>NL001798650B01</vatNumber>
        <legalName>UNIVERSITEIT UTRECHT</legalName>
        <shortName>UU</shortName>
        <address>
          <street>HEIDELBERGLAAN 8</street>
          <city>UTRECHT</city>
          <postalCode>3584 CS</postalCode>
          <country>NL</country>
          <postBox>N/A</postBox>
          <url>www.uu.nl</url>
        </address>
        <departmentName>Freudenthal Instituut</departmentName>
        <relations>
          <categories>
            <category classification="organizationActivityType" type="relatedOrganizationActivityType">
              <availableLanguages readOnly="true">de,en,es,fr,it,pl</availableLanguages>
              <code>/HES</code>
              <title>Higher or Secondary Education Establishments</title>
            </category>
          </categories>
          <regions>
            <region type="relatedRegion">
              <name>Netherlands</name>
              <nutsCode>NL</nutsCode>
              <euCode>NL</euCode>
              <isoCode>NL</isoCode>
              <rcn>391547432</rcn>
            </region>
          </regions>
        </relations>
      </organization>
      <organization ecContribution="161562.5" order="1" terminated="false" type="coordinator">
        <availableLanguages readOnly="true">en</availableLanguages>
        <rcn>2001029</rcn>
        <id>998563688</id>
        <vatNumber>GB775274303</vatNumber>
        <legalName>BRITEST LBG</legalName>
        <shortName>BRITEST</shortName>
        <address>
          <street>GARSINGTON ROAD 9400 OXFORD BUSINESS PARK</street>
          <city>OXFORD</city>
          <postalCode>OX4 2HN</postalCode>
          <country>UK</country>
          <url>www.britest.co.uk</url>
        </address>
        <relations>
          <categories>
            <category classification="organizationActivityType" type="relatedOrganizationActivityType">
              <availableLanguages readOnly="true">de,en,es,fr,it,pl</availableLanguages>
              <code>/OTH</code>
              <title>Other</title>
            </category>
          </categories>
          <regions>
            <region type="relatedRegion">
              <name>United Kingdom</name>
              <nutsCode>UK</nutsCode>
              <euCode>UK</euCode>
              <isoCode>GB</isoCode>
              <rcn>508725800</rcn>
            </region>
          </regions>
        </relations>
      </organization>
      <organization ecContribution="5000" order="4" terminated="false" type="participant">
        <availableLanguages readOnly="true">en</availableLanguages>
        <rcn>2398104</rcn>
        <id>943291633</id>
        <vatNumber>SK2023673938</vatNumber>
        <legalName>HOLCIM EMERGING EUROPE SERVICES SRO</legalName>
        <shortName>HOLCIM</shortName>
        <address>
          <street>Ševčenkova 34</street>
          <city>Bratislava</city>
          <postalCode>851 01</postalCode>
          <country>SK</country>
        </address>
        <relations>
          <categories>
            <category classification="organizationActivityType" type="relatedOrganizationActivityType">
              <availableLanguages readOnly="true">de,en,es,fr,it,pl</availableLanguages>
              <code>/PRC</code>
              <title>Private for-profit entities (excluding Higher or Secondary Education Establishments)</title>
            </category>
          </categories>
          <regions>
            <region type="relatedRegion">
              <name>Slovakia</name>
              <nutsCode>SK</nutsCode>
              <euCode>SK</euCode>
              <isoCode>SK</isoCode>
              <rcn>475171368</rcn>
            </region>
          </regions>
        </relations>
      </organization>
      <organization ecContribution="40000" order="7" terminated="false" type="participant">
        <availableLanguages readOnly="true">en</availableLanguages>
        <rcn>1914252</rcn>
        <id>998153863</id>
        <vatNumber>FR41622037083</vatNumber>
        <legalName>RHODIA OPERATIONS</legalName>
        <shortName>SOLVAY</shortName>
        <address>
          <street>25 RUE DE CLICHY</street>
          <city>PARIS</city>
          <postalCode>75009</postalCode>
          <country>FR</country>
          <postBox>000</postBox>
          <url>www.rhodia.com</url>
        </address>
        <relations>
          <categories>
            <category classification="organizationActivityType" type="relatedOrganizationActivityType">
              <availableLanguages readOnly="true">de,en,es,fr,it,pl</availableLanguages>
              <code>/PRC</code>
              <title>Private for-profit entities (excluding Higher or Secondary Education Establishments)</title>
            </category>
          </categories>
          <regions>
            <region type="relatedRegion">
              <name>France</name>
              <nutsCode>FR</nutsCode>
              <euCode>FR</euCode>
              <isoCode>FR</isoCode>
              <rcn>258902568</rcn>
            </region>
          </regions>
        </relations>
      </organization>
      <organization ecContribution="62200" order="6" terminated="false" type="participant">
        <availableLanguages readOnly="true">en</availableLanguages>
        <rcn>2398106</rcn>
        <id>948886108</id>
        <vatNumber>BE448652615</vatNumber>
        <legalName>RDC ENVIRONMENT SA</legalName>
        <shortName>RDC</shortName>
        <address>
          <street>AVENUE GUSTAVE DEMEY 57</street>
          <city>Brussels</city>
          <postalCode>1160</postalCode>
          <country>BE</country>
        </address>
        <relations>
          <categories>
            <category classification="organizationActivityType" type="relatedOrganizationActivityType">
              <availableLanguages readOnly="true">de,en,es,fr,it,pl</availableLanguages>
              <code>/PRC</code>
              <title>Private for-profit entities (excluding Higher or Secondary Education Establishments)</title>
            </category>
          </categories>
          <regions>
            <region type="relatedRegion">
              <name>Belgium</name>
              <nutsCode>BE</nutsCode>
              <euCode>BE</euCode>
              <isoCode>BE</isoCode>
              <rcn>188385832</rcn>
            </region>
          </regions>
        </relations>
      </organization>
    <categories>
      <category classification="projectFundingSchemeCategory" type="relatedProjectFundingSchemeCategory">
        <availableLanguages readOnly="true">en</availableLanguages>
        <code>/CSA</code>
        <title>Coordination and support action</title>
      </category>
    </categories>
