  <rcn>193638</rcn>
  <acronym>COFLeaf</acronym>
  <objective>The efficient conversion of solar energy into renewable chemical fuels has been identified as one of the grand challenges facing society today and one of the major driving forces of materials innovation.
Nature’s photosynthesis producing chemical fuels through the revaluation of sunlight has inspired generations of chemists to develop platforms mimicking the natural photosynthetic process, albeit at lower levels of complexity. While artificial photosynthesis remains a considerable challenge due to the intricate interplay between materials design, photochemistry and catalysis, the spotlights – light-driven water splitting into hydrogen and oxygen and carbon dioxide reduction into methane or methanol – have emerged as viable pathways into both a clean and sustainable energy future. With this proposal, we aim at introducing a new class of polymeric photocatalysts based on covalent organic frameworks, COFs, to bridge the gap between semiconductor and molecular systems and explore rational ways to design single-site heterogeneous photocatalysts offering both chemical tunability and stability. 
The development of a photocatalytic model system is proposed, which will be tailored by molecular synthetic protocols and optimized by solid-state chemical procedures and crystal engineering so as to provide insights into the architectures, reactive intermediates and mechanistic steps involved in the photocatalytic process, with complementary insights from theory. We envision the integration of various molecular subsystems including photosensitizers, redox shuttles and molecular co-catalysts in a single semiconducting COF backbone. Taking advantage of the hallmarks of COFs – molecular definition and tunability, crystallinity, porosity and rigidity – we describe the design of COF systems capable of light-induced hydrogen evolution, oxygen evolution and overall water splitting, and delineate strategies to use COFs as integrated platforms for CO2 capture, activation and conversion.</objective>
  <title>Fuel from sunlight: Covalent organic frameworks as integrated platforms for photocatalytic water splitting and CO2 reduction</title>
      <organization ecContribution="1497125" order="1" terminated="false" type="coordinator">
        <availableLanguages readOnly="true">en</availableLanguages>
        <rcn>1905552</rcn>
        <id>999990267</id>
        <vatNumber>DE129517720</vatNumber>
        <legalName>MAX-PLANCK-GESELLSCHAFT ZUR FORDERUNG DER WISSENSCHAFTEN EV</legalName>
        <shortName>MPG</shortName>
        <address>
          <street>HOFGARTENSTRASSE 8</street>
          <city>MUENCHEN</city>
          <postalCode>80539</postalCode>
          <country>DE</country>
          <postBox>000</postBox>
          <url>www.mpg.de</url>
        </address>
        <departmentName>Max Planck Institute for Psycholinguistics</departmentName>
        <relations>
          <categories>
            <category classification="organizationActivityType" type="relatedOrganizationActivityType">
              <availableLanguages readOnly="true">de,en,es,fr,it,pl</availableLanguages>
              <code>/REC</code>
              <title>Research Organisations</title>
            </category>
          </categories>
          <regions>
            <region type="relatedRegion">
              <name>Germany</name>
              <nutsCode>DE</nutsCode>
              <euCode>DE</euCode>
              <isoCode>DE</isoCode>
              <rcn>221940264</rcn>
            </region>
          </regions>
        </relations>
      </organization>
    <categories>
      <category classification="projectFundingSchemeCategory" type="relatedProjectFundingSchemeCategory">
        <availableLanguages readOnly="true">en</availableLanguages>
        <code>/ERC-STG</code>
        <title>Starting Grant</title>
      </category>
    </categories>
