  <rcn>193429</rcn>
  <acronym>ICP4Life</acronym>
  <objective>The European manufacturing industry faces new challenges, which are currently not addressed by today’s products and systems. Most of the products are still in essence ‘simple’ in nature, with no capability for adapting to the consumers’ needs and no integrated methods exist for the holistic acquisition and processing of feedback information emanating from product-services. 
ICP4Life proposes an integrated, collaborative platform for the design, development and support of product-service systems for SMEs, equipment manufacturers and energy suppliers in order to maximize the impact in the European industry. The proposed platform comprises of three main components. The first component demonstrates a collaborative web-based application for the creation and management of products and services by engineers and designers of multiple disciplines. The second component is a Product-Service configuration tool for customers, enabling the easy and intuitive formation of Products and Services. The same component will be used for managing product related data pertaining to the manufacturer, supplier and the customer. The third component will support the efficient, adaptive and responsive planning and decision making phases, for managing the dynamic operation of the plants and the supply chain. All the components will be compatible with open standards, such as AutomationML, in order to make the most out of and accelerate the adoption by the European industry. The ICP4Life project will address the current needs of today’s manufacturers, providing faster design of modular equipment and components, the seamless collaboration of engineers across a wider network of companies as well as within a single company with disperse engineering offices and production sites and the reuse of knowledge regarding both products and processes for new projects or the configuration of existing lines. The ICP4Life consortium consists of highly skilled organizations to ensure the success of this project.</objective>
  <title>An Integrated Collaborative Platform for Managing the Product-Service Engineering Lifecycle</title>
      <organization ecContribution="344250" order="11" terminated="false" type="participant">
        <availableLanguages readOnly="true">en</availableLanguages>
        <rcn>2151667</rcn>
        <id>990037873</id>
        <vatNumber>NL820206970B01</vatNumber>
        <legalName>Inertia Technology B.V.</legalName>
        <shortName>INE</shortName>
        <address>
          <street>OFFENBACHLAAN 2</street>
          <city>ENSCHEDE</city>
          <postalCode>7522 JT</postalCode>
          <country>NL</country>
          <url>http://www.inertia-technology.com/</url>
        </address>
        <relations>
          <categories>
            <category classification="organizationActivityType" type="relatedOrganizationActivityType">
              <availableLanguages readOnly="true">de,en,es,fr,it,pl</availableLanguages>
              <code>/PRC</code>
              <title>Private for-profit entities (excluding Higher or Secondary Education Establishments)</title>
            </category>
          </categories>
          <regions>
            <region type="relatedRegion">
              <name>Netherlands</name>
              <nutsCode>NL</nutsCode>
              <euCode>NL</euCode>
              <isoCode>NL</isoCode>
              <rcn>391547432</rcn>
            </region>
          </regions>
        </relations>
      </organization>
      <organization ecContribution="539925" order="8" terminated="false" type="participant">
        <availableLanguages readOnly="true">en</availableLanguages>
        <rcn>2398371</rcn>
        <id>996374010</id>
        <vatNumber>DE815118674</vatNumber>
        <legalName>SCIENTIFIC ACADEMY FOR SERVICE TECHNOLOGY EV</legalName>
        <shortName>SERVTECH</shortName>
        <address>
          <street>HINDENBURGSTRASSE 112</street>
          <city>DENZLINGEN</city>
          <postalCode>79211</postalCode>
          <country>DE</country>
        </address>
        <relations>
          <categories>
            <category classification="organizationActivityType" type="relatedOrganizationActivityType">
              <availableLanguages readOnly="true">de,en,es,fr,it,pl</availableLanguages>
              <code>/REC</code>
              <title>Research Organisations</title>
            </category>
          </categories>
          <regions>
            <region type="relatedRegion">
              <name>Germany</name>
              <nutsCode>DE</nutsCode>
              <euCode>DE</euCode>
              <isoCode>DE</isoCode>
              <rcn>221940264</rcn>
            </region>
          </regions>
        </relations>
      </organization>
      <organization ecContribution="173500" order="12" terminated="false" type="participant">
        <availableLanguages readOnly="true">en</availableLanguages>
        <rcn>1917087</rcn>
        <id>989700022</id>
        <vatNumber>EL094445062</vatNumber>
        <legalName>N.BAZIGOS ABEE</legalName>
        <shortName>BAZIGOS</shortName>
        <address>
          <street>KLM OLD NATIONAL ROAD 26TH</street>
          <city>MANDRA ATTIKIS</city>
          <postalCode>19600</postalCode>
          <country>EL</country>
          <url>www.bazigosmolds.com</url>
        </address>
        <relations>
          <categories>
            <category classification="organizationActivityType" type="relatedOrganizationActivityType">
              <availableLanguages readOnly="true">de,en,es,fr,it,pl</availableLanguages>
              <code>/PRC</code>
              <title>Private for-profit entities (excluding Higher or Secondary Education Establishments)</title>
            </category>
          </categories>
          <regions>
            <region type="relatedRegion">
              <name>Greece</name>
              <nutsCode>GR</nutsCode>
              <euCode>EL</euCode>
              <isoCode>GR</isoCode>
              <rcn>240552488</rcn>
            </region>
          </regions>
        </relations>
      </organization>
      <organization ecContribution="509375" order="9" terminated="false" type="participant">
        <availableLanguages readOnly="true">en</availableLanguages>
        <rcn>1905912</rcn>
        <id>999984059</id>
        <vatNumber>DE129515865</vatNumber>
        <legalName>FRAUNHOFER GESELLSCHAFT ZUR FOERDERUNG DER ANGEWANDTEN FORSCHUNG E.V.</legalName>
        <shortName>Fraunhofer</shortName>
        <address>
          <street>HANSASTRASSE 27C</street>
          <city>MUNCHEN</city>
          <postalCode>80686</postalCode>
          <country>DE</country>
          <postBox>000</postBox>
          <url>www.fraunhofer.de</url>
        </address>
        <departmentName>Integrated Project Management</departmentName>
        <relations>
          <categories>
            <category classification="organizationActivityType" type="relatedOrganizationActivityType">
              <availableLanguages readOnly="true">de,en,es,fr,it,pl</availableLanguages>
              <code>/REC</code>
              <title>Research Organisations</title>
            </category>
          </categories>
          <regions>
            <region type="relatedRegion">
              <name>Germany</name>
              <nutsCode>DE</nutsCode>
              <euCode>DE</euCode>
              <isoCode>DE</isoCode>
              <rcn>221940264</rcn>
            </region>
          </regions>
        </relations>
      </organization>
      <organization ecContribution="382855" order="6" terminated="false" type="participant">
        <availableLanguages readOnly="true">en</availableLanguages>
        <rcn>1905767</rcn>
        <id>999604110</id>
        <vatNumber>ESG48975767</vatNumber>
        <legalName>FUNDACION TECNALIA RESEARCH &amp; INNOVATION</legalName>
        <shortName>TECNALIA</shortName>
        <address>
          <street>PARQUE CIENTIFICO Y TECNOLOGICO DE GIPUZKOA PASEO MIKELETEGI 2</street>
          <city>DONOSTIA SAN SEBASTIAN</city>
          <postalCode>20009</postalCode>
          <country>ES</country>
          <postBox>000</postBox>
          <url>www.tecnalia.com</url>
        </address>
        <departmentName>Energy and Environment Division</departmentName>
        <relations>
          <categories>
            <category classification="organizationActivityType" type="relatedOrganizationActivityType">
              <availableLanguages readOnly="true">de,en,es,fr,it,pl</availableLanguages>
              <code>/REC</code>
              <title>Research Organisations</title>
            </category>
          </categories>
          <regions>
            <region type="relatedRegion">
              <name>Spain</name>
              <nutsCode>ES</nutsCode>
              <euCode>ES</euCode>
              <isoCode>ES</isoCode>
              <rcn>242387496</rcn>
            </region>
          </regions>
        </relations>
      </organization>
      <organization ecContribution="578125" order="1" terminated="false" type="coordinator">
        <availableLanguages readOnly="true">en</availableLanguages>
        <rcn>1939222</rcn>
        <id>990071920</id>
        <vatNumber>IT03736080015</vatNumber>
        <legalName>PRIMA INDUSTRIE SPA</legalName>
        <shortName>PRIMA</shortName>
        <address>
          <street>VIA ANTONELLI 32</street>
          <city>COLLEGNO</city>
          <postalCode>10093</postalCode>
          <country>IT</country>
          <url>www.primaindustrie.com</url>
        </address>
        <departmentName>R&amp;D</departmentName>
        <relations>
          <categories>
            <category classification="organizationActivityType" type="relatedOrganizationActivityType">
              <availableLanguages readOnly="true">de,en,es,fr,it,pl</availableLanguages>
              <code>/PRC</code>
              <title>Private for-profit entities (excluding Higher or Secondary Education Establishments)</title>
            </category>
          </categories>
          <regions>
            <region type="relatedRegion">
              <name>Italy</name>
              <nutsCode>IT</nutsCode>
              <euCode>IT</euCode>
              <isoCode>IT</isoCode>
              <rcn>309758504</rcn>
            </region>
          </regions>
        </relations>
      </organization>
      <organization ecContribution="305750" order="10" terminated="false" type="participant">
        <availableLanguages readOnly="true">en</availableLanguages>
        <rcn>1907162</rcn>
        <id>999509050</id>
        <vatNumber>FR36194401006</vatNumber>
        <legalName>ECOLE CENTRALE DE NANTES</legalName>
        <shortName>ECN</shortName>
        <address>
          <street>RUE DE LA NOE 1</street>
          <city>NANTES CEDEX 3</city>
          <postalCode>44321</postalCode>
          <country>FR</country>
          <postBox>92101</postBox>
          <url>http://www.ec-nantes.fr</url>
        </address>
        <departmentName>ECN</departmentName>
        <relations>
          <categories>
            <category classification="organizationActivityType" type="relatedOrganizationActivityType">
              <availableLanguages readOnly="true">de,en,es,fr,it,pl</availableLanguages>
              <code>/HES</code>
              <title>Higher or Secondary Education Establishments</title>
            </category>
          </categories>
          <regions>
            <region type="relatedRegion">
              <name>France</name>
              <nutsCode>FR</nutsCode>
              <euCode>FR</euCode>
              <isoCode>FR</isoCode>
              <rcn>258902568</rcn>
            </region>
          </regions>
        </relations>
      </organization>
      <organization ecContribution="180000" order="4" terminated="false" type="participant">
        <availableLanguages readOnly="true">en</availableLanguages>
        <rcn>2398367</rcn>
        <id>956578305</id>
        <vatNumber>IT09787400010</vatNumber>
        <legalName>LASERLAM SRL</legalName>
        <shortName>Laserlam srl</shortName>
        <address>
          <street>CORSO PALESTRO 8</street>
          <city>TORINO TO</city>
          <postalCode>10122</postalCode>
          <country>IT</country>
        </address>
        <relations>
          <categories>
            <category classification="organizationActivityType" type="relatedOrganizationActivityType">
              <availableLanguages readOnly="true">de,en,es,fr,it,pl</availableLanguages>
              <code>/PRC</code>
              <title>Private for-profit entities (excluding Higher or Secondary Education Establishments)</title>
            </category>
          </categories>
          <regions>
            <region type="relatedRegion">
              <name>Italy</name>
              <nutsCode>IT</nutsCode>
              <euCode>IT</euCode>
              <isoCode>IT</isoCode>
              <rcn>309758504</rcn>
            </region>
          </regions>
        </relations>
      </organization>
      <organization ecContribution="254600" order="7" terminated="false" type="participant">
        <availableLanguages readOnly="true">en</availableLanguages>
        <rcn>2398370</rcn>
        <id>951739945</id>
        <vatNumber>ESA01022904</vatNumber>
        <legalName>SEGULA TECNOLOGIAS ESPANA SA</legalName>
        <shortName>ABGAM S.A.</shortName>
        <address>
          <street>CALLE AVENIDA DE BRUSELAS 8 OFICINA 16-20</street>
          <city>VITORIA</city>
          <postalCode>01013</postalCode>
          <country>ES</country>
        </address>
        <relations>
          <categories>
            <category classification="organizationActivityType" type="relatedOrganizationActivityType">
              <availableLanguages readOnly="true">de,en,es,fr,it,pl</availableLanguages>
              <code>/PRC</code>
              <title>Private for-profit entities (excluding Higher or Secondary Education Establishments)</title>
            </category>
          </categories>
          <regions>
            <region type="relatedRegion">
              <name>Spain</name>
              <nutsCode>ES</nutsCode>
              <euCode>ES</euCode>
              <isoCode>ES</isoCode>
              <rcn>242387496</rcn>
            </region>
          </regions>
        </relations>
      </organization>
      <organization ecContribution="562500" order="5" terminated="false" type="participant">
        <availableLanguages readOnly="true">en</availableLanguages>
        <rcn>1916280</rcn>
        <id>999702371</id>
        <vatNumber>LU16853659</vatNumber>
        <legalName>INTRASOFT INTERNATIONAL SA</legalName>
        <shortName>IISA</shortName>
        <address>
          <street>RUE NICOLAS BOVE 2B</street>
          <city>LUXEMBOURG</city>
          <postalCode>1253</postalCode>
          <country>LU</country>
          <url>www.intrasoft-intl.com</url>
        </address>
        <departmentName>Research &amp; Innovation Development</departmentName>
        <relations>
          <categories>
            <category classification="organizationActivityType" type="relatedOrganizationActivityType">
              <availableLanguages readOnly="true">de,en,es,fr,it,pl</availableLanguages>
              <code>/PRC</code>
              <title>Private for-profit entities (excluding Higher or Secondary Education Establishments)</title>
            </category>
          </categories>
          <regions>
            <region type="relatedRegion">
              <name>Luxembourg</name>
              <nutsCode>LU</nutsCode>
              <euCode>LU</euCode>
              <isoCode>LU</isoCode>
              <rcn>360352296</rcn>
            </region>
          </regions>
        </relations>
      </organization>
      <organization ecContribution="700000" order="3" terminated="false" type="participant">
        <availableLanguages readOnly="true">en</availableLanguages>
        <rcn>1905816</rcn>
        <id>999894528</id>
        <vatNumber>EL998219694</vatNumber>
        <legalName>PANEPISTIMIO PATRON</legalName>
        <shortName>UPAT</shortName>
        <address>
          <street>UNIVERSITY CAMPUS RIO PATRAS</street>
          <city>RIO PATRAS</city>
          <postalCode>265 04</postalCode>
          <country>EL</country>
          <postBox>26110</postBox>
          <url>www.upatras.gr</url>
        </address>
        <departmentName>Department of Computer Engineering</departmentName>
        <departmentName>University of Patras</departmentName>
        <relations>
          <categories>
            <category classification="organizationActivityType" type="relatedOrganizationActivityType">
              <availableLanguages readOnly="true">de,en,es,fr,it,pl</availableLanguages>
              <code>/HES</code>
              <title>Higher or Secondary Education Establishments</title>
            </category>
          </categories>
          <regions>
            <region type="relatedRegion">
              <name>Greece</name>
              <nutsCode>GR</nutsCode>
              <euCode>EL</euCode>
              <isoCode>GR</isoCode>
              <rcn>240552488</rcn>
            </region>
          </regions>
        </relations>
      </organization>
      <organization ecContribution="393813" order="2" terminated="false" type="participant">
        <availableLanguages readOnly="true">en</availableLanguages>
        <rcn>2398365</rcn>
        <id>945389452</id>
        <vatNumber>PL9542583988</vatNumber>
        <legalName>TAURON POLSKA ENERGIA SA</legalName>
        <shortName>TAURON</shortName>
        <address>
          <street>KS PIOTRA SCIEGIENNEGO 3</street>
          <city>KATOWICE</city>
          <postalCode>40 114</postalCode>
          <country>PL</country>
        </address>
        <relations>
          <categories>
            <category classification="organizationActivityType" type="relatedOrganizationActivityType">
              <availableLanguages readOnly="true">de,en,es,fr,it,pl</availableLanguages>
              <code>/PRC</code>
              <title>Private for-profit entities (excluding Higher or Secondary Education Establishments)</title>
            </category>
          </categories>
          <regions>
            <region type="relatedRegion">
              <name>Poland</name>
              <nutsCode>PL</nutsCode>
              <euCode>PL</euCode>
              <isoCode>PL</isoCode>
              <rcn>425101864</rcn>
            </region>
          </regions>
        </relations>
      </organization>
    <categories>
      <category classification="projectFundingSchemeCategory" type="relatedProjectFundingSchemeCategory">
        <availableLanguages readOnly="true">en</availableLanguages>
        <code>/RIA</code>
        <title>Research and Innovation action</title>
      </category>
    </categories>
