  <rcn>193324</rcn>
  <acronym>TRACE</acronym>
  <objective>This project will explore the potential of walking and cycling tracking services to promote walking and cycling mobility. We will focus on established walking and cycling promotion measures and thoroughly assess the potential of ICT based tracking services to overcome barriers to implementation and finding new factors driving the effectiveness of those measures. Through specific research, the related ICT challenges like scheme dynamics, privacy, trust, low-cost, interoperability and flexibility will be tackled for each type of measure. The measures to target will be established measures to promote walking and cycling travel to workplace, shopping, school and leisure promotion measures. We will investigate both the ability that tracking tools may have to address traditional challenges of these measures and their potential to bring new features in the fields of awareness raising, financial/tax incentives, infrastructure planning and service concepts. A common, flexible and open access tool will be developed to provide an ICT input and output platform that addresses the related ICT challenges. Over this platform it will be easy for anyone to build products based on tracking services tailored to the requirements of the specific measures. This project will develop and test a representative set of such products in real measures underway. These test cases will at the same time validate and provide additional inputs for the project’s research issues and trigger the widespread of tracking services to support walking and cycling measures in Europe. Users, policy makers and walking and cycling practitioners and final users will be deeply involved in all stages of the project.</objective>
  <title>Opening the cycling and walking tracking potential</title>
      <organization ecContribution="90066.25" order="9" terminated="false" type="participant">
        <availableLanguages readOnly="true">en</availableLanguages>
        <rcn>2395608</rcn>
        <id>998359891</id>
        <vatNumber>PT501090436</vatNumber>
        <legalName>MUNICIPIO DE AGUEDA</legalName>
        <shortName>CAMARA MUNICIPAL DE AGUEDA CMA</shortName>
        <address>
          <street>PRACA DO MUNICIPO</street>
          <city>AGUEDA</city>
          <postalCode>3754500</postalCode>
          <country>PT</country>
        </address>
        <departmentName>Administrative Modernisation</departmentName>
        <departmentName> Quality</departmentName>
        <departmentName> Audit</departmentName>
        <departmentName> Finance and Pa</departmentName>
        <relations>
          <categories>
            <category classification="organizationActivityType" type="relatedOrganizationActivityType">
              <availableLanguages readOnly="true">de,en,es,fr,it,pl</availableLanguages>
              <code>/PUB</code>
              <title>Public bodies (excluding Research Organisations and Secondary or Higher Education Establishments)</title>
            </category>
          </categories>
          <regions>
            <region type="relatedRegion">
              <name>Portugal</name>
              <nutsCode>PT</nutsCode>
              <euCode>PT</euCode>
              <isoCode>PT</isoCode>
              <rcn>427199016</rcn>
            </region>
          </regions>
        </relations>
      </organization>
      <organization ecContribution="227575" order="8" terminated="false" type="participant">
        <availableLanguages readOnly="true">en</availableLanguages>
        <rcn>2395607</rcn>
        <id>956584416</id>
        <vatNumber>NL001336071B01</vatNumber>
        <legalName>GEMEENTE BREDA</legalName>
        <shortName>BREDA</shortName>
        <address>
          <street>CLAUDIUS PRINSENLAAN 10</street>
          <city>BREDA</city>
          <postalCode>4811DJ</postalCode>
          <country>NL</country>
        </address>
        <relations>
          <categories>
            <category classification="organizationActivityType" type="relatedOrganizationActivityType">
              <availableLanguages readOnly="true">de,en,es,fr,it,pl</availableLanguages>
              <code>/PUB</code>
              <title>Public bodies (excluding Research Organisations and Secondary or Higher Education Establishments)</title>
            </category>
          </categories>
          <regions>
            <region type="relatedRegion">
              <name>Netherlands</name>
              <nutsCode>NL</nutsCode>
              <euCode>NL</euCode>
              <isoCode>NL</isoCode>
              <rcn>391547432</rcn>
            </region>
          </regions>
        </relations>
      </organization>
      <organization ecContribution="157362.5" order="11" terminated="false" type="participant">
        <availableLanguages readOnly="true">en</availableLanguages>
        <rcn>1920786</rcn>
        <id>954021385</id>
        <vatNumber>IT02379841204</vatNumber>
        <legalName>SRM - SOCIETA RETI E MOBILITA SRL</legalName>
        <shortName>SRM</shortName>
        <address>
          <street>VIA A. CALZONI, 1/3</street>
          <city>BOLOGNA</city>
          <postalCode>40128</postalCode>
          <country>IT</country>
          <url>www.srmbologna.it</url>
        </address>
        <departmentName>n/a</departmentName>
        <relations>
          <categories>
            <category classification="organizationActivityType" type="relatedOrganizationActivityType">
              <availableLanguages readOnly="true">de,en,es,fr,it,pl</availableLanguages>
              <code>/PRC</code>
              <title>Private for-profit entities (excluding Higher or Secondary Education Establishments)</title>
            </category>
          </categories>
          <regions>
            <region type="relatedRegion">
              <name>Italy</name>
              <nutsCode>IT</nutsCode>
              <euCode>IT</euCode>
              <isoCode>IT</isoCode>
              <rcn>309758504</rcn>
            </region>
          </regions>
        </relations>
      </organization>
      <organization ecContribution="109760" order="5" terminated="false" type="participant">
        <availableLanguages readOnly="true">en</availableLanguages>
        <rcn>1920090</rcn>
        <id>997736181</id>
        <vatNumber>RS100376470</vatNumber>
        <legalName>Univerzitet u Beogradu - Saobracajni fakultet</legalName>
        <shortName>UB-FTTE</shortName>
        <address>
          <street>Vojvode Stepe 305</street>
          <city>Belgrade</city>
          <postalCode>11000</postalCode>
          <country>RS</country>
          <url>http://www.sf.bg.ac.yu/</url>
        </address>
        <relations>
          <categories>
            <category classification="organizationActivityType" type="relatedOrganizationActivityType">
              <availableLanguages readOnly="true">de,en,es,fr,it,pl</availableLanguages>
              <code>/HES</code>
              <title>Higher or Secondary Education Establishments</title>
            </category>
          </categories>
          <regions>
            <region type="relatedRegion">
              <name>Serbia</name>
              <nutsCode>RS</nutsCode>
              <euCode>RS</euCode>
              <isoCode>RS</isoCode>
              <rcn>460491304</rcn>
            </region>
          </regions>
        </relations>
      </organization>
      <organization ecContribution="368425" order="2" terminated="false" type="participant">
        <availableLanguages readOnly="true">en</availableLanguages>
        <rcn>1923004</rcn>
        <id>999746409</id>
        <vatNumber>PT504527380</vatNumber>
        <legalName>TIS PT, CONSULTORES EM TRANSPORTES, INOVACAO E SISTEMAS, SA</legalName>
        <shortName>TIS</shortName>
        <address>
          <street>AVENIDA MARQUES DE TOMAR 35-6D</street>
          <city>LISBON</city>
          <postalCode>1050-153</postalCode>
          <country>PT</country>
          <url>www.tis.pt</url>
        </address>
        <relations>
          <categories>
            <category classification="organizationActivityType" type="relatedOrganizationActivityType">
              <availableLanguages readOnly="true">de,en,es,fr,it,pl</availableLanguages>
              <code>/PRC</code>
              <title>Private for-profit entities (excluding Higher or Secondary Education Establishments)</title>
            </category>
          </categories>
          <regions>
            <region type="relatedRegion">
              <name>Portugal</name>
              <nutsCode>PT</nutsCode>
              <euCode>PT</euCode>
              <isoCode>PT</isoCode>
              <rcn>427199016</rcn>
            </region>
          </regions>
        </relations>
      </organization>
      <organization ecContribution="266175" order="4" terminated="false" type="participant">
        <availableLanguages readOnly="true">en</availableLanguages>
        <rcn>1906717</rcn>
        <id>999928381</id>
        <vatNumber>BE460400701</vatNumber>
        <legalName>POLIS - PROMOTION OF OPERATIONAL LINKS WITH INTEGRATED SERVICES, ASSOCIATION INTERNATIONALE</legalName>
        <shortName>POLIS</shortName>
        <address>
          <street>rue du Trône  98</street>
          <city>BRUXELLES</city>
          <postalCode>1050</postalCode>
          <country>BE</country>
          <url>www.polis-online.org</url>
        </address>
        <relations>
          <categories>
            <category classification="organizationActivityType" type="relatedOrganizationActivityType">
              <availableLanguages readOnly="true">de,en,es,fr,it,pl</availableLanguages>
              <code>/OTH</code>
              <title>Other</title>
            </category>
          </categories>
          <regions>
            <region type="relatedRegion">
              <name>Belgium</name>
              <nutsCode>BE</nutsCode>
              <euCode>BE</euCode>
              <isoCode>BE</isoCode>
              <rcn>188385832</rcn>
            </region>
          </regions>
        </relations>
      </organization>
      <organization ecContribution="140725" order="12" terminated="false" type="participant">
        <availableLanguages readOnly="true">en</availableLanguages>
        <rcn>2395611</rcn>
        <id>950591562</id>
        <vatNumber>GB352173473</vatNumber>
        <legalName>SOUTHEND ON SEA BOROUGH COUNCIL</legalName>
        <shortName>SBC</shortName>
        <address>
          <street>VICTORIA AVENUE CIVIC CENTRE</street>
          <city>SOUTHEND ON SEA</city>
          <postalCode>SS2 6ER</postalCode>
          <country>UK</country>
        </address>
        <relations>
          <categories>
            <category classification="organizationActivityType" type="relatedOrganizationActivityType">
              <availableLanguages readOnly="true">de,en,es,fr,it,pl</availableLanguages>
              <code>/PUB</code>
              <title>Public bodies (excluding Research Organisations and Secondary or Higher Education Establishments)</title>
            </category>
          </categories>
          <regions>
            <region type="relatedRegion">
              <name>United Kingdom</name>
              <nutsCode>UK</nutsCode>
              <euCode>UK</euCode>
              <isoCode>GB</isoCode>
              <rcn>508725800</rcn>
            </region>
          </regions>
        </relations>
      </organization>
      <organization ecContribution="461891" order="3" terminated="false" type="participant">
        <availableLanguages readOnly="true">en</availableLanguages>
        <rcn>1923058</rcn>
        <id>997807282</id>
        <vatNumber>BE0423517539</vatNumber>
        <legalName>MOBIEL 21 VZW</legalName>
        <shortName>MOBIEL 21</shortName>
        <address>
          <street>VITAL DECOSTERSTRAAT 67A/0101</street>
          <city>LEUVEN</city>
          <postalCode>3000</postalCode>
          <country>BE</country>
          <geolocation>50.8814806,4.7042981</geolocation>
        </address>
        <relations>
          <categories>
            <category classification="organizationActivityType" type="relatedOrganizationActivityType">
              <availableLanguages readOnly="true">de,en,es,fr,it,pl</availableLanguages>
              <code>/OTH</code>
              <title>Other</title>
            </category>
          </categories>
          <regions>
            <region type="relatedRegion">
              <name>Belgium</name>
              <nutsCode>BE</nutsCode>
              <euCode>BE</euCode>
              <isoCode>BE</isoCode>
              <rcn>188385832</rcn>
            </region>
          </regions>
        </relations>
      </organization>
      <organization ecContribution="402525" order="1" terminated="false" type="coordinator">
        <availableLanguages readOnly="true">en</availableLanguages>
        <rcn>1916631</rcn>
        <id>999613325</id>
        <vatNumber>PT504547593</vatNumber>
        <legalName>INESC ID - INSTITUTO DE ENGENHARIADE SISTEMAS E COMPUTADORES, INVESTIGACAO E DESENVOLVIMENTO EM LISBOA</legalName>
        <shortName>INESC ID</shortName>
        <address>
          <street>RUA ALVES REDOL 9</street>
          <city>LISBOA</city>
          <postalCode>1000 029</postalCode>
          <country>PT</country>
          <postBox>000</postBox>
          <url>www.inesc-id.pt</url>
        </address>
        <relations>
          <categories>
            <category classification="organizationActivityType" type="relatedOrganizationActivityType">
              <availableLanguages readOnly="true">de,en,es,fr,it,pl</availableLanguages>
              <code>/REC</code>
              <title>Research Organisations</title>
            </category>
          </categories>
          <regions>
            <region type="relatedRegion">
              <name>Portugal</name>
              <nutsCode>PT</nutsCode>
              <euCode>PT</euCode>
              <isoCode>PT</isoCode>
              <rcn>427199016</rcn>
            </region>
          </regions>
        </relations>
      </organization>
      <organization ecContribution="253597.5" order="7" terminated="false" type="participant">
        <availableLanguages readOnly="true">en</availableLanguages>
        <rcn>2395606</rcn>
        <id>950406389</id>
        <vatNumber>NL816012076B01</vatNumber>
        <legalName>IJSBERG HOLDING BV</legalName>
        <shortName>IJSBERG Holding BV</shortName>
        <address>
          <street>M P LINDOSTRAAT 18</street>
          <city>UTRECHT</city>
          <postalCode>3532</postalCode>
          <country>NL</country>
        </address>
        <relations>
          <categories>
            <category classification="organizationActivityType" type="relatedOrganizationActivityType">
              <availableLanguages readOnly="true">de,en,es,fr,it,pl</availableLanguages>
              <code>/PRC</code>
              <title>Private for-profit entities (excluding Higher or Secondary Education Establishments)</title>
            </category>
          </categories>
          <regions>
            <region type="relatedRegion">
              <name>Netherlands</name>
              <nutsCode>NL</nutsCode>
              <euCode>NL</euCode>
              <isoCode>NL</isoCode>
              <rcn>391547432</rcn>
            </region>
          </regions>
        </relations>
      </organization>
      <organization ecContribution="301162.5" order="6" terminated="false" type="participant">
        <availableLanguages readOnly="true">en</availableLanguages>
        <rcn>2395605</rcn>
        <id>944276474</id>
        <vatNumber>LU26663075</vatNumber>
        <legalName>LUXMOBILITY S.A.R.L.</legalName>
        <shortName>LuxMobility</shortName>
        <address>
          <street>70, Boulevard de la Fraternite</street>
          <city>Luxembourg</city>
          <postalCode>L-1541</postalCode>
          <country>LU</country>
        </address>
        <relations>
          <categories>
            <category classification="organizationActivityType" type="relatedOrganizationActivityType">
              <availableLanguages readOnly="true">de,en,es,fr,it,pl</availableLanguages>
              <code>/PRC</code>
              <title>Private for-profit entities (excluding Higher or Secondary Education Establishments)</title>
            </category>
          </categories>
          <regions>
            <region type="relatedRegion">
              <name>Luxembourg</name>
              <nutsCode>LU</nutsCode>
              <euCode>LU</euCode>
              <isoCode>LU</isoCode>
              <rcn>360352296</rcn>
            </region>
          </regions>
        </relations>
      </organization>
      <organization ecContribution="117720" order="10" terminated="false" type="participant">
        <availableLanguages readOnly="true">en</availableLanguages>
        <rcn>2382595</rcn>
        <id>998922976</id>
        <legalName>ENERGY AGENCY OF PLOVDIV ASSOCIATION</legalName>
        <shortName>EAP</shortName>
        <address>
          <street>GLADSTONE STREET 15</street>
          <city>PLOVDIV</city>
          <postalCode>4000</postalCode>
          <country>BG</country>
        </address>
        <relations>
          <categories>
            <category classification="organizationActivityType" type="relatedOrganizationActivityType">
              <availableLanguages readOnly="true">de,en,es,fr,it,pl</availableLanguages>
              <code>/REC</code>
              <title>Research Organisations</title>
            </category>
          </categories>
          <regions>
            <region type="relatedRegion">
              <name>Bulgaria</name>
              <nutsCode>BG</nutsCode>
              <euCode>BG</euCode>
              <isoCode>BG</isoCode>
              <rcn>188910120</rcn>
            </region>
          </regions>
        </relations>
      </organization>
    <categories>
      <category classification="projectFundingSchemeCategory" type="relatedProjectFundingSchemeCategory">
        <availableLanguages readOnly="true">en</availableLanguages>
        <code>/RIA</code>
        <title>Research and Innovation action</title>
      </category>
    </categories>
