  <rcn>193476</rcn>
  <acronym>E2VENT</acronym>
  <objective>EVENT will develop, demonstrate and validate a cost effective, high energy efficient, low CO2 emissions, replicable, low intrusive, systemic approach for retrofitting of residential and commercial buildings, able to achieve NZEB retrofit standard levels, through the integration of an innovative adaptive ventilated façade system, including: 
• Embedded, breakthrough smart modular heat recovery units, which allow thermal storage mode 
• High efficient photovoltaic generation capability units 
• Cost-effective, easy to install, high performance adapted products for external thermal insulation 
• Energy efficient HVAC systems 
The developed technologies will be integrated in the ventilated façade, and a real time intelligent façade management system will control operation of the system based on meteorological prediction methods for forecasting in advance the decentralised electricity production and the energy (electrical and thermal) demand of the building enabling maximum RE usage. It will inter-operate with existing or latest state-of-the-art Building Energy Management System, to achieve optimum energy efficiency by reducing primary energy needs, CO2 emissions and peak loads, assuring at least the same comfort levels required by Member States Building Codes, at an affordable price. Foreseen impact will be:
• Energy savings of more than 40%, by the holistic use of the ventilated façade, the heat recovery of ventilation air
• At least a reduction of 40% of CO2 emissions, as a consequence of the achieved primary energy savings
• Reduced thermal and electrical peak loads
• Typical performance target of less than 25 kWh/m 2 year (excluding appliances)
Use of heat recovery units, number of photovoltaic cells, natural lighting strategies, and insulation thickness; are variable depending on the characteristics of the building to be retrofitted. Therefore EVENT retrofitting system can be adaptable to different types of buildings and climates, which makes the system versatile.</objective>
  <title>Energy Efficient Ventilated Façades for Optimal Adaptability and Heat Exchange enabling low energy architectural concepts for the refurbishment of existing buildings</title>
      <organization ecContribution="195375" order="11" terminated="false" type="participant">
        <availableLanguages readOnly="true">en</availableLanguages>
        <rcn>1939305</rcn>
        <id>974074486</id>
        <legalName>"PRZEDSIEBIORSTWO ROBOT ELEWACYJNYCH ""FASADA"" SPOLKA Z OGRANICZONA ODPOWIEDZIALNOSCIA"</legalName>
        <shortName>FAS</shortName>
        <address>
          <street>UL. CEMENTOWA 5 9</street>
          <city>GDANSK</city>
          <postalCode>80 298</postalCode>
          <country>PL</country>
          <postBox>000</postBox>
          <url>www.prefasada.pl</url>
        </address>
        <relations>
          <categories>
            <category classification="organizationActivityType" type="relatedOrganizationActivityType">
              <availableLanguages readOnly="true">de,en,es,fr,it,pl</availableLanguages>
              <code>/PRC</code>
              <title>Private for-profit entities (excluding Higher or Secondary Education Establishments)</title>
            </category>
          </categories>
          <regions>
            <region type="relatedRegion">
              <name>Poland</name>
              <nutsCode>PL</nutsCode>
              <euCode>PL</euCode>
              <isoCode>PL</isoCode>
              <rcn>425101864</rcn>
            </region>
          </regions>
        </relations>
      </organization>
      <organization ecContribution="202500" order="5" terminated="false" type="participant">
        <availableLanguages readOnly="true">en</availableLanguages>
        <rcn>1905662</rcn>
        <id>999895692</id>
        <legalName>ARISTOTELIO PANEPISTIMIO THESSALONIKIS</legalName>
        <shortName>AUTH</shortName>
        <address>
          <street>UNIVERSITY CAMPUS ADMINISTRATION BUREAU</street>
          <city>THESSALONIKI</city>
          <postalCode>54124</postalCode>
          <country>EL</country>
          <postBox>000</postBox>
          <url>www.auth.gr</url>
        </address>
        <departmentName>Research Committee</departmentName>
        <relations>
          <categories>
            <category classification="organizationActivityType" type="relatedOrganizationActivityType">
              <availableLanguages readOnly="true">de,en,es,fr,it,pl</availableLanguages>
              <code>/HES</code>
              <title>Higher or Secondary Education Establishments</title>
            </category>
          </categories>
          <regions>
            <region type="relatedRegion">
              <name>Greece</name>
              <nutsCode>GR</nutsCode>
              <euCode>EL</euCode>
              <isoCode>GR</isoCode>
              <rcn>240552488</rcn>
            </region>
          </regions>
        </relations>
      </organization>
      <organization ecContribution="302800" order="2" terminated="false" type="participant">
        <availableLanguages readOnly="true">en</availableLanguages>
        <rcn>1905767</rcn>
        <id>999604110</id>
        <vatNumber>ESG48975767</vatNumber>
        <legalName>FUNDACION TECNALIA RESEARCH &amp; INNOVATION</legalName>
        <shortName>TECNALIA</shortName>
        <address>
          <street>PARQUE CIENTIFICO Y TECNOLOGICO DE GIPUZKOA PASEO MIKELETEGI 2</street>
          <city>DONOSTIA SAN SEBASTIAN</city>
          <postalCode>20009</postalCode>
          <country>ES</country>
          <postBox>000</postBox>
          <url>www.tecnalia.com</url>
        </address>
        <departmentName>Energy and Environment Division</departmentName>
        <relations>
          <categories>
            <category classification="organizationActivityType" type="relatedOrganizationActivityType">
              <availableLanguages readOnly="true">de,en,es,fr,it,pl</availableLanguages>
              <code>/REC</code>
              <title>Research Organisations</title>
            </category>
          </categories>
          <regions>
            <region type="relatedRegion">
              <name>Spain</name>
              <nutsCode>ES</nutsCode>
              <euCode>ES</euCode>
              <isoCode>ES</isoCode>
              <rcn>242387496</rcn>
            </region>
          </regions>
        </relations>
      </organization>
      <organization ecContribution="166700" order="6" terminated="false" type="participant">
        <availableLanguages readOnly="true">en</availableLanguages>
        <rcn>2398993</rcn>
        <id>986363707</id>
        <legalName>EUROPEAN ALUMINIUM ASSOCIATION AISBL</legalName>
        <shortName>EA</shortName>
        <address>
          <street>Avenue de Broqueville 12</street>
          <city>Brussels</city>
          <postalCode>1150</postalCode>
          <country>BE</country>
        </address>
        <relations>
          <categories>
            <category classification="organizationActivityType" type="relatedOrganizationActivityType">
              <availableLanguages readOnly="true">de,en,es,fr,it,pl</availableLanguages>
              <code>/OTH</code>
              <title>Other</title>
            </category>
          </categories>
          <regions>
            <region type="relatedRegion">
              <name>Belgium</name>
              <nutsCode>BE</nutsCode>
              <euCode>BE</euCode>
              <isoCode>BE</isoCode>
              <rcn>188385832</rcn>
            </region>
          </regions>
        </relations>
      </organization>
      <organization ecContribution="126750" order="10" terminated="false" type="participant">
        <availableLanguages readOnly="true">en</availableLanguages>
        <rcn>2079688</rcn>
        <id>998959642</id>
        <vatNumber>ESQ0968272E</vatNumber>
        <legalName>UNIVERSIDAD DE BURGOS</legalName>
        <shortName>UBU</shortName>
        <address>
          <street>HOSPITAL DEL REY</street>
          <city>BURGOS</city>
          <postalCode>09001</postalCode>
          <country>ES</country>
          <url>www.ubu.es</url>
        </address>
        <relations>
          <categories>
            <category classification="organizationActivityType" type="relatedOrganizationActivityType">
              <availableLanguages readOnly="true">de,en,es,fr,it,pl</availableLanguages>
              <code>/HES</code>
              <title>Higher or Secondary Education Establishments</title>
            </category>
          </categories>
          <regions>
            <region type="relatedRegion">
              <name>Spain</name>
              <nutsCode>ES</nutsCode>
              <euCode>ES</euCode>
              <isoCode>ES</isoCode>
              <rcn>242387496</rcn>
            </region>
          </regions>
        </relations>
      </organization>
      <organization ecContribution="291875" order="3" terminated="false" type="participant">
        <availableLanguages readOnly="true">en</availableLanguages>
        <rcn>1905780</rcn>
        <id>999951467</id>
        <vatNumber>IT03476550102</vatNumber>
        <legalName>RINA CONSULTING SPA</legalName>
        <shortName>DAPP</shortName>
        <address>
          <street>VIA SAN NAZARO 19</street>
          <city>GENOVA</city>
          <postalCode>16145</postalCode>
          <country>IT</country>
          <postBox>000</postBox>
          <url>www.dappolonia.it</url>
        </address>
        <departmentName>Innovation Consulting Division</departmentName>
        <relations>
          <categories>
            <category classification="organizationActivityType" type="relatedOrganizationActivityType">
              <availableLanguages readOnly="true">de,en,es,fr,it,pl</availableLanguages>
              <code>/PRC</code>
              <title>Private for-profit entities (excluding Higher or Secondary Education Establishments)</title>
            </category>
          </categories>
          <regions>
            <region type="relatedRegion">
              <name>Italy</name>
              <nutsCode>IT</nutsCode>
              <euCode>IT</euCode>
              <isoCode>IT</isoCode>
              <rcn>309758504</rcn>
            </region>
          </regions>
        </relations>
      </organization>
      <organization order="8" ecContribution="522163.75" terminated="false" type="participant">
        <availableLanguages readOnly="true">en</availableLanguages>
        <rcn>2398995</rcn>
        <id>947837441</id>
        <legalName>HELLENIC ALUMINIUM INDUSTRY SA</legalName>
        <shortName>ELVAL</shortName>
        <address>
          <street>MESOGEION 2-4</street>
          <city>ATHINA</city>
          <postalCode>11527</postalCode>
          <country>EL</country>
        </address>
        <relations>
          <categories>
            <category classification="organizationActivityType" type="relatedOrganizationActivityType">
              <availableLanguages readOnly="true">de,en,es,fr,it,pl</availableLanguages>
              <code>/PRC</code>
              <title>Private for-profit entities (excluding Higher or Secondary Education Establishments)</title>
            </category>
          </categories>
          <regions>
            <region type="relatedRegion">
              <name>Greece</name>
              <nutsCode>GR</nutsCode>
              <euCode>EL</euCode>
              <isoCode>GR</isoCode>
              <rcn>240552488</rcn>
            </region>
          </regions>
        </relations>
      </organization>
      <organization ecContribution="175062.5" order="12" terminated="false" type="participant">
        <availableLanguages readOnly="true">en</availableLanguages>
        <rcn>2106843</rcn>
        <id>975356438</id>
        <legalName>PICH-AGUILERA ARQUITECTOS S.L.P</legalName>
        <shortName>PAA</shortName>
        <address>
          <street>Calle Avila 138</street>
          <city>Barcelona</city>
          <postalCode>08018</postalCode>
          <country>ES</country>
          <postBox>4º1ª</postBox>
          <url>www.picharchitects.com</url>
        </address>
        <departmentName>Pich-Aguilera Arquitectos s.l.p (PICH)</departmentName>
        <relations>
          <categories>
            <category classification="organizationActivityType" type="relatedOrganizationActivityType">
              <availableLanguages readOnly="true">de,en,es,fr,it,pl</availableLanguages>
              <code>/PRC</code>
              <title>Private for-profit entities (excluding Higher or Secondary Education Establishments)</title>
            </category>
          </categories>
          <regions>
            <region type="relatedRegion">
              <name>Spain</name>
              <nutsCode>ES</nutsCode>
              <euCode>ES</euCode>
              <isoCode>ES</isoCode>
              <rcn>242387496</rcn>
            </region>
          </regions>
        </relations>
      </organization>
      <organization ecContribution="128125" order="13" terminated="false" type="participant">
        <availableLanguages readOnly="true">en</availableLanguages>
        <rcn>1905942</rcn>
        <id>999903743</id>
        <vatNumber>GB162378304</vatNumber>
        <legalName>UNIVERSITY OF HULL</legalName>
        <shortName>UHULL</shortName>
        <address>
          <street>COTTINGHAM ROAD</street>
          <city>HULL</city>
          <postalCode>HU6 7RX</postalCode>
          <country>UK</country>
          <postBox>000</postBox>
          <url>www.hull.ac.uk</url>
        </address>
        <departmentName>Finance Office</departmentName>
        <relations>
          <categories>
            <category classification="organizationActivityType" type="relatedOrganizationActivityType">
              <availableLanguages readOnly="true">de,en,es,fr,it,pl</availableLanguages>
              <code>/HES</code>
              <title>Higher or Secondary Education Establishments</title>
            </category>
          </categories>
          <regions>
            <region type="relatedRegion">
              <name>United Kingdom</name>
              <nutsCode>UK</nutsCode>
              <euCode>UK</euCode>
              <isoCode>GB</isoCode>
              <rcn>508725800</rcn>
            </region>
          </regions>
        </relations>
      </organization>
      <organization ecContribution="224000" order="9" terminated="false" type="participant">
        <availableLanguages readOnly="true">en</availableLanguages>
        <rcn>2056879</rcn>
        <id>967318339</id>
        <vatNumber>CZ27727122</vatNumber>
        <legalName>FENIX TNT SRO</legalName>
        <shortName>FEN</shortName>
        <address>
          <street>DUSIKOVA 906/33</street>
          <city>BRNO</city>
          <postalCode>638 00</postalCode>
          <country>CZ</country>
          <url>www.fenixtnt.cz</url>
        </address>
        <relations>
          <categories>
            <category classification="organizationActivityType" type="relatedOrganizationActivityType">
              <availableLanguages readOnly="true">de,en,es,fr,it,pl</availableLanguages>
              <code>/PRC</code>
              <title>Private for-profit entities (excluding Higher or Secondary Education Establishments)</title>
            </category>
          </categories>
          <regions>
            <region type="relatedRegion">
              <name>Czech Republic</name>
              <nutsCode>CZ</nutsCode>
              <euCode>CZ</euCode>
              <isoCode>CZ</isoCode>
              <rcn>210668072</rcn>
            </region>
          </regions>
        </relations>
      </organization>
      <organization ecContribution="272812.5" order="7" terminated="false" type="participant">
        <availableLanguages readOnly="true">en</availableLanguages>
        <rcn>1917304</rcn>
        <id>999929836</id>
        <vatNumber>ESG47565478</vatNumber>
        <legalName>FUNDACION CARTIF</legalName>
        <shortName>CARTIF</shortName>
        <address>
          <street>PQ TECNOLOGICO BOECILLO  205</street>
          <city>BOECILLO</city>
          <postalCode>47151</postalCode>
          <country>ES</country>
          <postBox>000</postBox>
          <url>www.cartif.es</url>
        </address>
        <departmentName>Automation and Processes Control Department</departmentName>
        <relations>
          <categories>
            <category classification="organizationActivityType" type="relatedOrganizationActivityType">
              <availableLanguages readOnly="true">de,en,es,fr,it,pl</availableLanguages>
              <code>/REC</code>
              <title>Research Organisations</title>
            </category>
          </categories>
          <regions>
            <region type="relatedRegion">
              <name>Spain</name>
              <nutsCode>ES</nutsCode>
              <euCode>ES</euCode>
              <isoCode>ES</isoCode>
              <rcn>242387496</rcn>
            </region>
          </regions>
        </relations>
      </organization>
      <organization ecContribution="301875" order="4" terminated="false" type="participant">
        <availableLanguages readOnly="true">en</availableLanguages>
        <rcn>1908796</rcn>
        <id>999812854</id>
        <vatNumber>ESA81638108</vatNumber>
        <legalName>ACCIONA CONSTRUCCION SA</legalName>
        <shortName>ACCIONA</shortName>
        <address>
          <street>AVENIDA DE EUROPA 18 PARQUE EMPRESARIAL</street>
          <city>ALCOBENDAS</city>
          <postalCode>28108</postalCode>
          <country>ES</country>
          <postBox>000</postBox>
        </address>
        <departmentName>R&amp;D Department</departmentName>
        <relations>
          <categories>
            <category classification="organizationActivityType" type="relatedOrganizationActivityType">
              <availableLanguages readOnly="true">de,en,es,fr,it,pl</availableLanguages>
              <code>/PRC</code>
              <title>Private for-profit entities (excluding Higher or Secondary Education Establishments)</title>
            </category>
          </categories>
          <regions>
            <region type="relatedRegion">
              <name>Spain</name>
              <nutsCode>ES</nutsCode>
              <euCode>ES</euCode>
              <isoCode>ES</isoCode>
              <rcn>242387496</rcn>
            </region>
          </regions>
        </relations>
      </organization>
      <organization ecContribution="492750" order="1" terminated="false" type="coordinator">
        <availableLanguages readOnly="true">en</availableLanguages>
        <rcn>1923962</rcn>
        <id>994163865</id>
        <vatNumber>FR95451931208</vatNumber>
        <legalName>NOBATEK</legalName>
        <shortName>NOBATEK</shortName>
        <address>
          <street>Rue de Mirambeau  67</street>
          <city>Anglet</city>
          <postalCode>64600</postalCode>
          <country>FR</country>
          <url>www.nobatek.com</url>
        </address>
        <relations>
          <categories>
            <category classification="organizationActivityType" type="relatedOrganizationActivityType">
              <availableLanguages readOnly="true">de,en,es,fr,it,pl</availableLanguages>
              <code>/REC</code>
              <title>Research Organisations</title>
            </category>
          </categories>
          <regions>
            <region type="relatedRegion">
              <name>France</name>
              <nutsCode>FR</nutsCode>
              <euCode>FR</euCode>
              <isoCode>FR</isoCode>
              <rcn>258902568</rcn>
            </region>
          </regions>
        </relations>
      </organization>
    <categories>
      <category classification="projectFundingSchemeCategory" type="relatedProjectFundingSchemeCategory">
        <availableLanguages readOnly="true">en</availableLanguages>
        <code>/RIA</code>
        <title>Research and Innovation action</title>
      </category>
    </categories>
