  <rcn>193631</rcn>
  <acronym>ComBact</acronym>
  <objective>This proposal aims to provide insight into how bacteria are killed by the complement system, an important part of the host immune response against bacterial infections. Complement is a large protein network in plasma that labels bacteria for phagocytosis and directly kills them via the formation of a pore-forming complex (Membrane Attack Complex (MAC)). Currently we do not understand how complement activation results in bacterial killing. This knowledge gap is mainly caused by the lack of tools to study the enzymes that trigger MAC formation: the C5 convertases. 

In my lab, we recently established a novel assay system for C5 convertases that allows us for the first time to study these enzymes under purified conditions. This model, combined with my expertise in microbiology, places my lab in a unique position to understand C5 convertase biology (Aim 1), determine the enzyme's role in MAC functioning (Aim 2) and elucidate how the MAC kills bacteria (Aim 3). Thus, I aim to provide insight into the molecular events necessary for bacterial killing by the complement system.

I will use biochemical, structural and microbiological approaches to elucidate the precise molecular arrangement of C5 convertases in vitro and on bacterial cells. I will generate unique tools to study how C5 convertases regulate MAC insertion into bacterial membranes. Finally, I will engineer fluorescent bacteria and labeled complement proteins to perform advanced microscopy analyses of how MAC kills bacteria. 

These insights will lead to fundamental knowledge about the functioning of complement and will create new avenues for blocking the undesired complement activation during systemic infections and acute inflammatory processes. Furthermore this knowledge will improve desired complement activation by therapeutic antibodies and vaccination strategies in infectious diseases. Finally, this work opens up new possibilities to understand how both humans and bacteria regulate complement.</objective>
  <title>How complement molecules kill bacteria</title>
      <organization ecContribution="1497290" order="1" terminated="false" type="coordinator">
        <availableLanguages readOnly="true">en</availableLanguages>
        <rcn>1906267</rcn>
        <id>999915189</id>
        <vatNumber>NL004205315B01</vatNumber>
        <legalName>UNIVERSITAIR MEDISCH CENTRUM UTRECHT</legalName>
        <shortName>UMC UTRECHT</shortName>
        <address>
          <street>HEIDELBERGLAAN 100</street>
          <city>UTRECHT</city>
          <postalCode>3584 CX</postalCode>
          <country>NL</country>
          <postBox>85500</postBox>
          <url>www.umcutrecht.nl</url>
        </address>
        <departmentName>Pediatrics</departmentName>
        <relations>
          <categories>
            <category classification="organizationActivityType" type="relatedOrganizationActivityType">
              <availableLanguages readOnly="true">de,en,es,fr,it,pl</availableLanguages>
              <code>/HES</code>
              <title>Higher or Secondary Education Establishments</title>
            </category>
          </categories>
          <regions>
            <region type="relatedRegion">
              <name>Netherlands</name>
              <nutsCode>NL</nutsCode>
              <euCode>NL</euCode>
              <isoCode>NL</isoCode>
              <rcn>391547432</rcn>
            </region>
          </regions>
        </relations>
      </organization>
    <categories>
      <category classification="projectFundingSchemeCategory" type="relatedProjectFundingSchemeCategory">
        <availableLanguages readOnly="true">en</availableLanguages>
        <code>/ERC-STG</code>
        <title>Starting Grant</title>
      </category>
    </categories>
