  <rcn>193372</rcn>
  <acronym>Smart-Rail</acronym>
  <objective>Smart-Rail has established the following objectives that are aligned with the requirements of the topic MG 2.2 and the various policy objectives:
•Introduce a wide set of innovative measures aiming to improve the freight rail services offered to the shippers, focusing on five key topics: reliability, lead time, costs, flexibility and visibility. 
•Contribute to a mental-shift of the rail sector toward a client oriented and supply chain focus.
•Develop working business models for cooperation of different stakeholders.
•Develop a methodology and architecture for exchange of data/information required for the optimisation process, between stakeholders, making use of existing initiatives where available (for instance the European Corridor Management and national logistical information centres).
•Establish and maintain communication with the different levels of stakeholders 
•Establish three Living Labs that each focus on different aspects and markets and implement the developed tools, methodologies and concepts. The purpose of the Living Labs is to test and improve the innovative measures in a real life situation. Specific and more dedicated business models, information systems and new rail services will be tested. The living labs to be implemented are:
      • Living Lab 1: Dedicated services; Wagonload trains. 
      • Living Lab 2: Managing connectivity of rail with other modes;       Control tower for long distance rail freight transport. 
      • Living Lab 3: Reliability of rail and (unexpected) obstructions on the track; Betuwe route (Rotterdam-Genua corridor). 
•Broad and effective exploitation of the results of the project facilitated by a Smart Rail portal where all relevant information, data and tools can be exchanged and where stakeholders find each other and can share their experiences.</objective>
  <title>Smart Supply Chain Oriented Rail Freight Services – Smart-Rail</title>
      <organization ecContribution="36664.25" order="19" terminated="false" type="participant">
        <availableLanguages readOnly="true">en</availableLanguages>
        <rcn>1923416</rcn>
        <id>997334601</id>
        <vatNumber>BG831144533</vatNumber>
        <legalName>INSTITUTE OF TRANSPORT AND COMMUNICATIONS OOD</legalName>
        <shortName>ITC</shortName>
        <address>
          <street>HRISTO BOTEV BLVD 16 ENT A 1ST FLOOR APT 7</street>
          <city>SOFIA</city>
          <postalCode>1000</postalCode>
          <country>BG</country>
          <geolocation>42.6909891,23.3183822</geolocation>
        </address>
        <relations>
          <categories>
            <category classification="organizationActivityType" type="relatedOrganizationActivityType">
              <availableLanguages readOnly="true">de,en,es,fr,it,pl</availableLanguages>
              <code>/PRC</code>
              <title>Private for-profit entities (excluding Higher or Secondary Education Establishments)</title>
            </category>
          </categories>
          <regions>
            <region type="relatedRegion">
              <name>Bulgaria</name>
              <nutsCode>BG</nutsCode>
              <euCode>BG</euCode>
              <isoCode>BG</isoCode>
              <rcn>188910120</rcn>
            </region>
          </regions>
        </relations>
      </organization>
      <organization ecContribution="332527.2" order="7" terminated="false" type="participant">
        <availableLanguages readOnly="true">en</availableLanguages>
        <rcn>2396941</rcn>
        <id>937526438</id>
        <vatNumber>FR61792842288</vatNumber>
        <legalName>BD RAIL SERVICES</legalName>
        <shortName>BD Rail</shortName>
        <address>
          <street>86 AVENUE DE ROUMANILLE</street>
          <city>LA CIOTAT</city>
          <postalCode>13600</postalCode>
          <country>FR</country>
        </address>
        <relations>
          <categories>
            <category classification="organizationActivityType" type="relatedOrganizationActivityType">
              <availableLanguages readOnly="true">de,en,es,fr,it,pl</availableLanguages>
              <code>/PRC</code>
              <title>Private for-profit entities (excluding Higher or Secondary Education Establishments)</title>
            </category>
          </categories>
          <regions>
            <region type="relatedRegion">
              <name>France</name>
              <nutsCode>FR</nutsCode>
              <euCode>FR</euCode>
              <isoCode>FR</isoCode>
              <rcn>258902568</rcn>
            </region>
          </regions>
        </relations>
      </organization>
      <organization ecContribution="101200" order="17" terminated="false" type="participant">
        <availableLanguages readOnly="true">en</availableLanguages>
        <rcn>2396951</rcn>
        <id>941941393</id>
        <vatNumber>BE0464984346</vatNumber>
        <legalName>EUROPEAN CAR-TRANSPORT GROUP OF INTEREST</legalName>
        <shortName>ECG</shortName>
        <address>
          <street>BOULEVARD A REYERS 80</street>
          <city>BRUXELLES</city>
          <postalCode>1030</postalCode>
          <country>BE</country>
        </address>
        <relations>
          <categories>
            <category classification="organizationActivityType" type="relatedOrganizationActivityType">
              <availableLanguages readOnly="true">de,en,es,fr,it,pl</availableLanguages>
              <code>/OTH</code>
              <title>Other</title>
            </category>
          </categories>
          <regions>
            <region type="relatedRegion">
              <name>Belgium</name>
              <nutsCode>BE</nutsCode>
              <euCode>BE</euCode>
              <isoCode>BE</isoCode>
              <rcn>188385832</rcn>
            </region>
          </regions>
        </relations>
      </organization>
      <organization ecContribution="92465.63" order="18" terminated="false" type="participant">
        <availableLanguages readOnly="true">en</availableLanguages>
        <rcn>2396952</rcn>
        <id>952436793</id>
        <vatNumber>HU23093012</vatNumber>
        <legalName>CER CARGO HOLDING SE EUROPAI RESZVENYTARSASAG</legalName>
        <shortName>CER Cargo</shortName>
        <address>
          <street>KONYVES KALMAN KRT 16</street>
          <city>BUDAPEST</city>
          <postalCode>1097</postalCode>
          <country>HU</country>
        </address>
        <relations>
          <categories>
            <category classification="organizationActivityType" type="relatedOrganizationActivityType">
              <availableLanguages readOnly="true">de,en,es,fr,it,pl</availableLanguages>
              <code>/PRC</code>
              <title>Private for-profit entities (excluding Higher or Secondary Education Establishments)</title>
            </category>
          </categories>
          <regions>
            <region type="relatedRegion">
              <name>Hungary</name>
              <nutsCode>HU</nutsCode>
              <euCode>HU</euCode>
              <isoCode>HU</isoCode>
              <rcn>293243432</rcn>
            </region>
          </regions>
        </relations>
      </organization>
      <organization ecContribution="1183899.03" order="1" terminated="false" type="coordinator">
        <availableLanguages readOnly="true">en</availableLanguages>
        <rcn>1906036</rcn>
        <id>999988909</id>
        <vatNumber>NL002875718B01</vatNumber>
        <legalName>NEDERLANDSE ORGANISATIE VOOR TOEGEPAST NATUURWETENSCHAPPELIJK ONDERZOEK TNO</legalName>
        <shortName>NETHERLANDS ORGANISATION FOR APPLIED SCIENTIFIC RESEARCH</shortName>
        <address>
          <street>ANNA VAN BUERENPLEIN 1</street>
          <city>DEN HAAG</city>
          <postalCode>2595 DA</postalCode>
          <country>NL</country>
          <postBox>000</postBox>
          <url>www.tno.nl</url>
        </address>
        <departmentName>Industrial Innovation</departmentName>
        <relations>
          <categories>
            <category classification="organizationActivityType" type="relatedOrganizationActivityType">
              <availableLanguages readOnly="true">de,en,es,fr,it,pl</availableLanguages>
              <code>/REC</code>
              <title>Research Organisations</title>
            </category>
          </categories>
          <regions>
            <region type="relatedRegion">
              <name>Netherlands</name>
              <nutsCode>NL</nutsCode>
              <euCode>NL</euCode>
              <isoCode>NL</isoCode>
              <rcn>391547432</rcn>
            </region>
          </regions>
        </relations>
      </organization>
      <organization ecContribution="863218.75" order="4" terminated="false" type="participant">
        <availableLanguages readOnly="true">en</availableLanguages>
        <rcn>1935755</rcn>
        <id>989202024</id>
        <vatNumber>DE813335789</vatNumber>
        <legalName>Railistics GmbH</legalName>
        <shortName>Railistics GmbH</shortName>
        <address>
          <street>Bahnhofsstrasse 36</street>
          <city>Wiesbaden</city>
          <postalCode>65185</postalCode>
          <country>DE</country>
        </address>
        <relations>
          <categories>
            <category classification="organizationActivityType" type="relatedOrganizationActivityType">
              <availableLanguages readOnly="true">de,en,es,fr,it,pl</availableLanguages>
              <code>/PRC</code>
              <title>Private for-profit entities (excluding Higher or Secondary Education Establishments)</title>
            </category>
          </categories>
          <regions>
            <region type="relatedRegion">
              <name>Germany</name>
              <nutsCode>DE</nutsCode>
              <euCode>DE</euCode>
              <isoCode>DE</isoCode>
              <rcn>221940264</rcn>
            </region>
          </regions>
        </relations>
      </organization>
      <organization ecContribution="436562.5" order="5" terminated="false" type="participant">
        <availableLanguages readOnly="true">en</availableLanguages>
        <rcn>1913156</rcn>
        <id>999608960</id>
        <vatNumber>ESG50985993</vatNumber>
        <legalName>FUNDACION ZARAGOZA LOGISTICS CENTER</legalName>
        <shortName>ZLC</shortName>
        <address>
          <street>CALLE BARI 55 BLOQUE 5</street>
          <city>ZARAGOZA</city>
          <postalCode>50197</postalCode>
          <country>ES</country>
          <url>www.zlc.edu.es</url>
        </address>
        <departmentName>Fundación Zaragoza Logistics Center</departmentName>
        <relations>
          <categories>
            <category classification="organizationActivityType" type="relatedOrganizationActivityType">
              <availableLanguages readOnly="true">de,en,es,fr,it,pl</availableLanguages>
              <code>/HES</code>
              <title>Higher or Secondary Education Establishments</title>
            </category>
          </categories>
          <regions>
            <region type="relatedRegion">
              <name>Spain</name>
              <nutsCode>ES</nutsCode>
              <euCode>ES</euCode>
              <isoCode>ES</isoCode>
              <rcn>242387496</rcn>
            </region>
          </regions>
        </relations>
      </organization>
      <organization ecContribution="110728.13" order="8" terminated="false" type="participant">
        <availableLanguages readOnly="true">en</availableLanguages>
        <rcn>1913311</rcn>
        <id>998208668</id>
        <vatNumber>NL804170009B01</vatNumber>
        <legalName>PRORAIL BV</legalName>
        <shortName>ProRail B.V.</shortName>
        <address>
          <street>MOREELSEPARK 3</street>
          <city>UTRECHT</city>
          <postalCode>3511 EP</postalCode>
          <country>NL</country>
          <postBox>2038</postBox>
          <url>www.prorail.nl</url>
        </address>
        <relations>
          <categories>
            <category classification="organizationActivityType" type="relatedOrganizationActivityType">
              <availableLanguages readOnly="true">de,en,es,fr,it,pl</availableLanguages>
              <code>/PRC</code>
              <title>Private for-profit entities (excluding Higher or Secondary Education Establishments)</title>
            </category>
          </categories>
          <regions>
            <region type="relatedRegion">
              <name>Netherlands</name>
              <nutsCode>NL</nutsCode>
              <euCode>NL</euCode>
              <isoCode>NL</isoCode>
              <rcn>391547432</rcn>
            </region>
          </regions>
        </relations>
      </organization>
      <organization ecContribution="360891.26" order="2" terminated="false" type="participant">
        <availableLanguages readOnly="true">en</availableLanguages>
        <rcn>1906740</rcn>
        <id>999734963</id>
        <vatNumber>NL810590372B01</vatNumber>
        <legalName>UNIRESEARCH BV</legalName>
        <shortName>UNIRESEARCH BV</shortName>
        <address>
          <street>Elektronicaweg  16c</street>
          <city>DELFT</city>
          <postalCode>2628XG</postalCode>
          <country>NL</country>
          <url>www.uniresearch.nl</url>
        </address>
        <relations>
          <categories>
            <category classification="organizationActivityType" type="relatedOrganizationActivityType">
              <availableLanguages readOnly="true">de,en,es,fr,it,pl</availableLanguages>
              <code>/PRC</code>
              <title>Private for-profit entities (excluding Higher or Secondary Education Establishments)</title>
            </category>
          </categories>
          <regions>
            <region type="relatedRegion">
              <name>Netherlands</name>
              <nutsCode>NL</nutsCode>
              <euCode>NL</euCode>
              <isoCode>NL</isoCode>
              <rcn>391547432</rcn>
            </region>
          </regions>
        </relations>
      </organization>
      <organization ecContribution="323955" order="6" terminated="false" type="participant">
        <availableLanguages readOnly="true">en</availableLanguages>
        <rcn>1913433</rcn>
        <id>999513027</id>
        <vatNumber>NO959056773</vatNumber>
        <legalName>TRANSPORTOKONOMISK INSTITUTT</legalName>
        <shortName>TOI</shortName>
        <address>
          <street>GAUSTADALLEEN  21</street>
          <city>OSLO</city>
          <postalCode>0349</postalCode>
          <country>NO</country>
          <url>www.toi.no</url>
        </address>
        <relations>
          <categories>
            <category classification="organizationActivityType" type="relatedOrganizationActivityType">
              <availableLanguages readOnly="true">de,en,es,fr,it,pl</availableLanguages>
              <code>/REC</code>
              <title>Research Organisations</title>
            </category>
          </categories>
          <regions>
            <region type="relatedRegion">
              <name>Norway</name>
              <nutsCode>NO</nutsCode>
              <euCode>NO</euCode>
              <isoCode>NO</isoCode>
              <rcn>392333864</rcn>
            </region>
          </regions>
        </relations>
      </organization>
      <organization ecContribution="123483.75" order="15" terminated="false" type="participant">
        <availableLanguages readOnly="true">en</availableLanguages>
        <rcn>2396949</rcn>
        <id>941673770</id>
        <vatNumber>CZ01732544</vatNumber>
        <legalName>ABIRAIL CZ SRO</legalName>
        <shortName>ABIRAIL</shortName>
        <address>
          <street>PEROUTKOVA 290/5</street>
          <city>BRNO MESTO</city>
          <postalCode>602 00</postalCode>
          <country>CZ</country>
        </address>
        <relations>
          <categories>
            <category classification="organizationActivityType" type="relatedOrganizationActivityType">
              <availableLanguages readOnly="true">de,en,es,fr,it,pl</availableLanguages>
              <code>/PRC</code>
              <title>Private for-profit entities (excluding Higher or Secondary Education Establishments)</title>
            </category>
          </categories>
          <regions>
            <region type="relatedRegion">
              <name>Czech Republic</name>
              <nutsCode>CZ</nutsCode>
              <euCode>CZ</euCode>
              <isoCode>CZ</isoCode>
              <rcn>210668072</rcn>
            </region>
          </regions>
        </relations>
      </organization>
      <organization ecContribution="104937.5" order="14" terminated="false" type="participant">
        <availableLanguages readOnly="true">en</availableLanguages>
        <rcn>2396948</rcn>
        <id>937760887</id>
        <vatNumber>ATU66543118</vatNumber>
        <legalName>ECCO-RAIL GMBH</legalName>
        <shortName>ecco-rail GmbH</shortName>
        <address>
          <street>HAIZINGERGASSE 47/3</street>
          <city>WIEN</city>
          <postalCode>1180</postalCode>
          <country>AT</country>
        </address>
        <relations>
          <categories>
            <category classification="organizationActivityType" type="relatedOrganizationActivityType">
              <availableLanguages readOnly="true">de,en,es,fr,it,pl</availableLanguages>
              <code>/PRC</code>
              <title>Private for-profit entities (excluding Higher or Secondary Education Establishments)</title>
            </category>
          </categories>
          <regions>
            <region type="relatedRegion">
              <name>Austria</name>
              <nutsCode>AT</nutsCode>
              <euCode>AT</euCode>
              <isoCode>AT</isoCode>
              <rcn>175540776</rcn>
            </region>
          </regions>
        </relations>
      </organization>
      <organization ecContribution="274917.5" order="10" terminated="false" type="participant">
        <availableLanguages readOnly="true">en</availableLanguages>
        <rcn>1933855</rcn>
        <id>998765739</id>
        <vatNumber>NL008894371B01</vatNumber>
        <legalName>Seacon Venlo Expeditie B.V.</legalName>
        <shortName>Seacon NL</shortName>
        <address>
          <street>Celsiusweg  60</street>
          <city>Venlo</city>
          <postalCode>5928PR</postalCode>
          <country>NL</country>
          <url>www.seaconlogistics.com</url>
        </address>
        <relations>
          <categories>
            <category classification="organizationActivityType" type="relatedOrganizationActivityType">
              <availableLanguages readOnly="true">de,en,es,fr,it,pl</availableLanguages>
              <code>/PRC</code>
              <title>Private for-profit entities (excluding Higher or Secondary Education Establishments)</title>
            </category>
          </categories>
          <regions>
            <region type="relatedRegion">
              <name>Netherlands</name>
              <nutsCode>NL</nutsCode>
              <euCode>NL</euCode>
              <isoCode>NL</isoCode>
              <rcn>391547432</rcn>
            </region>
          </regions>
        </relations>
      </organization>
      <organization ecContribution="387387.5" order="12" terminated="false" type="participant">
        <availableLanguages readOnly="true">en</availableLanguages>
        <rcn>2396946</rcn>
        <id>952562020</id>
        <vatNumber>DE268973279</vatNumber>
        <legalName>EDERLOG UG</legalName>
        <shortName>ederlog UG</shortName>
        <address>
          <street>AN DER STRUTHWIESE 14</street>
          <city>BAD BERLEBURG</city>
          <postalCode>57319</postalCode>
          <country>DE</country>
        </address>
        <relations>
          <categories>
            <category classification="organizationActivityType" type="relatedOrganizationActivityType">
              <availableLanguages readOnly="true">de,en,es,fr,it,pl</availableLanguages>
              <code>/PRC</code>
              <title>Private for-profit entities (excluding Higher or Secondary Education Establishments)</title>
            </category>
          </categories>
          <regions>
            <region type="relatedRegion">
              <name>Germany</name>
              <nutsCode>DE</nutsCode>
              <euCode>DE</euCode>
              <isoCode>DE</isoCode>
              <rcn>221940264</rcn>
            </region>
          </regions>
        </relations>
      </organization>
      <organization ecContribution="638350" order="3" terminated="false" type="participant">
        <availableLanguages readOnly="true">en</availableLanguages>
        <rcn>1913330</rcn>
        <id>972877991</id>
        <vatNumber>NL809981737B01</vatNumber>
        <legalName>PANTEIA BV</legalName>
        <shortName>PANTEIA BV</shortName>
        <address>
          <street>BREDEWATER 26</street>
          <city>ZOETERMEER</city>
          <postalCode>2715 CA</postalCode>
          <country>NL</country>
          <url>www.panteia.nl</url>
        </address>
        <relations>
          <categories>
            <category classification="organizationActivityType" type="relatedOrganizationActivityType">
              <availableLanguages readOnly="true">de,en,es,fr,it,pl</availableLanguages>
              <code>/PRC</code>
              <title>Private for-profit entities (excluding Higher or Secondary Education Establishments)</title>
            </category>
          </categories>
          <regions>
            <region type="relatedRegion">
              <name>Netherlands</name>
              <nutsCode>NL</nutsCode>
              <euCode>NL</euCode>
              <isoCode>NL</isoCode>
              <rcn>391547432</rcn>
            </region>
          </regions>
        </relations>
      </organization>
      <organization ecContribution="79367.5" order="11" terminated="false" type="participant">
        <availableLanguages readOnly="true">en</availableLanguages>
        <rcn>2396945</rcn>
        <id>937286072</id>
        <vatNumber>IT08133310964</vatNumber>
        <legalName>SEACON LOGISTICS SRL</legalName>
        <shortName>Seacon IT</shortName>
        <address>
          <street>VIA I MAGGIO 1</street>
          <city>MELZO</city>
          <postalCode>20066</postalCode>
          <country>IT</country>
        </address>
        <relations>
          <categories>
            <category classification="organizationActivityType" type="relatedOrganizationActivityType">
              <availableLanguages readOnly="true">de,en,es,fr,it,pl</availableLanguages>
              <code>/PRC</code>
              <title>Private for-profit entities (excluding Higher or Secondary Education Establishments)</title>
            </category>
          </categories>
          <regions>
            <region type="relatedRegion">
              <name>Italy</name>
              <nutsCode>IT</nutsCode>
              <euCode>IT</euCode>
              <isoCode>IT</isoCode>
              <rcn>309758504</rcn>
            </region>
          </regions>
        </relations>
      </organization>
      <organization ecContribution="143411.25" order="13" terminated="false" type="participant">
        <availableLanguages readOnly="true">en</availableLanguages>
        <rcn>2396947</rcn>
        <id>938107468</id>
        <vatNumber>DE290402319</vatNumber>
        <legalName>TANKMATCH RAIL HAMBURG GMBH</legalName>
        <shortName>TankMatch Rail</shortName>
        <address>
          <street>DITMAR KOEL STRASSE 24</street>
          <city>HAMBURG</city>
          <postalCode>20459</postalCode>
          <country>DE</country>
        </address>
        <relations>
          <categories>
            <category classification="organizationActivityType" type="relatedOrganizationActivityType">
              <availableLanguages readOnly="true">de,en,es,fr,it,pl</availableLanguages>
              <code>/PRC</code>
              <title>Private for-profit entities (excluding Higher or Secondary Education Establishments)</title>
            </category>
          </categories>
          <regions>
            <region type="relatedRegion">
              <name>Germany</name>
              <nutsCode>DE</nutsCode>
              <euCode>DE</euCode>
              <isoCode>DE</isoCode>
              <rcn>221940264</rcn>
            </region>
          </regions>
        </relations>
      </organization>
      <organization ecContribution="80090" order="9" terminated="false" type="participant">
        <availableLanguages readOnly="true">en</availableLanguages>
        <rcn>1948328</rcn>
        <id>999960973</id>
        <vatNumber>NL812506339B01</vatNumber>
        <legalName>HAVENBEDRIJF ROTTERDAM NV</legalName>
        <shortName>PoR</shortName>
        <address>
          <street>WILHELMINAKADE 909</street>
          <city>ROTTERDAM</city>
          <postalCode>3072 AP</postalCode>
          <country>NL</country>
          <url>www.portofrotterdam.com</url>
        </address>
        <relations>
          <categories>
            <category classification="organizationActivityType" type="relatedOrganizationActivityType">
              <availableLanguages readOnly="true">de,en,es,fr,it,pl</availableLanguages>
              <code>/PRC</code>
              <title>Private for-profit entities (excluding Higher or Secondary Education Establishments)</title>
            </category>
          </categories>
          <regions>
            <region type="relatedRegion">
              <name>Netherlands</name>
              <nutsCode>NL</nutsCode>
              <euCode>NL</euCode>
              <isoCode>NL</isoCode>
              <rcn>391547432</rcn>
            </region>
          </regions>
        </relations>
      </organization>
      <organization ecContribution="325156.25" order="16" terminated="true" type="participant">
        <availableLanguages readOnly="true">en</availableLanguages>
        <rcn>2396950</rcn>
        <id>937531191</id>
        <vatNumber>FR47518968086</vatNumber>
        <legalName>H LOG</legalName>
        <shortName>H-LOG</shortName>
        <address>
          <street>5 RUE GUY MOQUET</street>
          <city>ORSAY</city>
          <postalCode>91400</postalCode>
          <country>FR</country>
        </address>
        <relations>
          <categories>
            <category classification="organizationActivityType" type="relatedOrganizationActivityType">
              <availableLanguages readOnly="true">de,en,es,fr,it,pl</availableLanguages>
              <code>/PRC</code>
              <title>Private for-profit entities (excluding Higher or Secondary Education Establishments)</title>
            </category>
          </categories>
          <regions>
            <region type="relatedRegion">
              <name>France</name>
              <nutsCode>FR</nutsCode>
              <euCode>FR</euCode>
              <isoCode>FR</isoCode>
              <rcn>258902568</rcn>
            </region>
          </regions>
        </relations>
      </organization>
    <categories>
      <category classification="projectFundingSchemeCategory" type="relatedProjectFundingSchemeCategory">
        <availableLanguages readOnly="true">en</availableLanguages>
        <code>/RIA</code>
        <title>Research and Innovation action</title>
      </category>
    </categories>
