  <rcn>193370</rcn>
  <acronym>INSITER</acronym>
  <objective>NEED FOR INNOVATION: The critical mass of Energy-efficient Buildings (EeB) in Europe by 2020 will be achieved through sustainable industrialisation of high-performance architectural, structural and building-service components. However, realising the targeted performance in design is hampered by critical shortcomings during on-site construction and refurbishment that cause a lower built-quality and sub-optimal energy-saving in the building lifecycle. OBJECTIVE OF THE PROJECT: INSITER aims to eliminate the gaps in quality and energy-performance between design and realisation of energy-efficient buildings based on prefabricated components. The key innovation of INSITER is the intuitive and cost-effective Augmented Reality that connects the virtual model and the physical building in real-time. INSITER will develop a new methodology for self-instruction and self-inspection by construction workers, subcontractors, component suppliers, and other stakeholders during on-site working processes, supported by a coherent set of hardware and software tools. HOW THE OBJECTIVE WILL BE ACHIEVED: INSITER will substantially enhance the functionalities and capabilities of measurement and diagnostic instruments (like portable 3D laser scanners, thermal imaging cameras, acoustic and vibration detectors, real-time sensors) by means of a smart Application Programming Interface (API) and data integration with a cloud-based Building Information Model (BIM). The triangulation of Geospatial Information, Global and Indoor Positioning Systems (GIS, GPS, IPS) will support accurate and comprehensive Virtual and Augmented Reality (VR and AR). RELEVANCE TO THE WORK PROGRAMME: Through new self-inspection techniques, INSITER will fully leverage the energy-efficiency potentials of buildings based on prefab components, from design to construction, refurbishment and maintenance. It will scale-up the use of BIM for standardised inspection and commissioning protocols, involving all actors in the value-chain.</objective>
  <title>Intuitive Self-Inspection Techniques using Augmented Reality for construction, refurbishment and maintenance of energy-efficient buildings made of prefabricated components</title>
      <organization ecContribution="377945" order="4" terminated="false" type="participant">
        <availableLanguages readOnly="true">en</availableLanguages>
        <rcn>2086192</rcn>
        <id>950343824</id>
        <legalName>DWA BV</legalName>
        <shortName>DWA</shortName>
        <address>
          <street>DUITSLANDWEG 4</street>
          <city>BODEGRAVEN</city>
          <postalCode>2411 NT</postalCode>
          <country>NL</country>
          <postBox>000</postBox>
          <url>www.dwa.nl</url>
        </address>
        <relations>
          <categories>
            <category classification="organizationActivityType" type="relatedOrganizationActivityType">
              <availableLanguages readOnly="true">de,en,es,fr,it,pl</availableLanguages>
              <code>/PRC</code>
              <title>Private for-profit entities (excluding Higher or Secondary Education Establishments)</title>
            </category>
          </categories>
          <regions>
            <region type="relatedRegion">
              <name>Netherlands</name>
              <nutsCode>NL</nutsCode>
              <euCode>NL</euCode>
              <isoCode>NL</isoCode>
              <rcn>391547432</rcn>
            </region>
          </regions>
        </relations>
      </organization>
      <organization ecContribution="216000" order="6" terminated="false" type="participant">
        <availableLanguages readOnly="true">en</availableLanguages>
        <rcn>1965538</rcn>
        <id>957582352</id>
        <legalName>RDF OOD AR DI EF</legalName>
        <shortName>RDF</shortName>
        <address>
          <street>ULICA HRISTO SMIRNENSKI 23</street>
          <city>BANKYA</city>
          <postalCode>1320</postalCode>
          <country>BG</country>
          <url>http://www.rdf.bg/</url>
        </address>
        <relations>
          <categories>
            <category classification="organizationActivityType" type="relatedOrganizationActivityType">
              <availableLanguages readOnly="true">de,en,es,fr,it,pl</availableLanguages>
              <code>/PRC</code>
              <title>Private for-profit entities (excluding Higher or Secondary Education Establishments)</title>
            </category>
          </categories>
          <regions>
            <region type="relatedRegion">
              <name>Bulgaria</name>
              <nutsCode>BG</nutsCode>
              <euCode>BG</euCode>
              <isoCode>BG</isoCode>
              <rcn>188910120</rcn>
            </region>
          </regions>
        </relations>
      </organization>
      <organization ecContribution="294375" order="10" terminated="false" type="participant">
        <availableLanguages readOnly="true">en</availableLanguages>
        <rcn>1905912</rcn>
        <id>999984059</id>
        <vatNumber>DE129515865</vatNumber>
        <legalName>FRAUNHOFER GESELLSCHAFT ZUR FOERDERUNG DER ANGEWANDTEN FORSCHUNG E.V.</legalName>
        <shortName>Fraunhofer</shortName>
        <address>
          <street>HANSASTRASSE 27C</street>
          <city>MUNCHEN</city>
          <postalCode>80686</postalCode>
          <country>DE</country>
          <postBox>000</postBox>
          <url>www.fraunhofer.de</url>
        </address>
        <departmentName>Integrated Project Management</departmentName>
        <relations>
          <categories>
            <category classification="organizationActivityType" type="relatedOrganizationActivityType">
              <availableLanguages readOnly="true">de,en,es,fr,it,pl</availableLanguages>
              <code>/REC</code>
              <title>Research Organisations</title>
            </category>
          </categories>
          <regions>
            <region type="relatedRegion">
              <name>Germany</name>
              <nutsCode>DE</nutsCode>
              <euCode>DE</euCode>
              <isoCode>DE</isoCode>
              <rcn>221940264</rcn>
            </region>
          </regions>
        </relations>
      </organization>
      <organization ecContribution="372875" order="7" terminated="false" type="participant">
        <availableLanguages readOnly="true">en</availableLanguages>
        <rcn>2396927</rcn>
        <id>986399888</id>
        <vatNumber>NL002871051B01</vatNumber>
        <legalName>STICHTING ISSO</legalName>
        <shortName>ISSO</shortName>
        <address>
          <street>WEENA 505 33E ETGAE</street>
          <city>ROTTERDAM</city>
          <postalCode>3013 AL</postalCode>
          <country>NL</country>
        </address>
        <relations>
          <categories>
            <category classification="organizationActivityType" type="relatedOrganizationActivityType">
              <availableLanguages readOnly="true">de,en,es,fr,it,pl</availableLanguages>
              <code>/REC</code>
              <title>Research Organisations</title>
            </category>
          </categories>
          <regions>
            <region type="relatedRegion">
              <name>Netherlands</name>
              <nutsCode>NL</nutsCode>
              <euCode>NL</euCode>
              <isoCode>NL</isoCode>
              <rcn>391547432</rcn>
            </region>
          </regions>
        </relations>
      </organization>
      <organization ecContribution="376157.5" order="5" terminated="false" type="participant">
        <availableLanguages readOnly="true">en</availableLanguages>
        <rcn>1965523</rcn>
        <id>960124431</id>
        <legalName>IPOSTUDIO ARCHITETTI SRL</legalName>
        <shortName>IAA</shortName>
        <address>
          <street>PIAZZA POGGI 1</street>
          <city>FIRENZE</city>
          <postalCode>50125</postalCode>
          <country>IT</country>
          <url>www.ipostudio.it</url>
        </address>
        <relations>
          <categories>
            <category classification="organizationActivityType" type="relatedOrganizationActivityType">
              <availableLanguages readOnly="true">de,en,es,fr,it,pl</availableLanguages>
              <code>/PRC</code>
              <title>Private for-profit entities (excluding Higher or Secondary Education Establishments)</title>
            </category>
          </categories>
          <regions>
            <region type="relatedRegion">
              <name>Italy</name>
              <nutsCode>IT</nutsCode>
              <euCode>IT</euCode>
              <isoCode>IT</isoCode>
              <rcn>309758504</rcn>
            </region>
          </regions>
        </relations>
      </organization>
      <organization ecContribution="297500" order="13" terminated="false" type="participant">
        <availableLanguages readOnly="true">en</availableLanguages>
        <rcn>1905856</rcn>
        <id>999770950</id>
        <vatNumber>BE0428295877</vatNumber>
        <legalName>SIEMENS INDUSTRY SOFTWARE NV</legalName>
        <shortName>SISW</shortName>
        <address>
          <street>INTERLEUVENLAAN 68</street>
          <city>LEUVEN</city>
          <postalCode>3001</postalCode>
          <country>BE</country>
          <postBox>65</postBox>
          <url>www.plm.automation.siemens.com</url>
        </address>
        <departmentName>TEST Division</departmentName>
        <relations>
          <categories>
            <category classification="organizationActivityType" type="relatedOrganizationActivityType">
              <availableLanguages readOnly="true">de,en,es,fr,it,pl</availableLanguages>
              <code>/PRC</code>
              <title>Private for-profit entities (excluding Higher or Secondary Education Establishments)</title>
            </category>
          </categories>
          <regions>
            <region type="relatedRegion">
              <name>Belgium</name>
              <nutsCode>BE</nutsCode>
              <euCode>BE</euCode>
              <isoCode>BE</isoCode>
              <rcn>188385832</rcn>
            </region>
          </regions>
        </relations>
      </organization>
      <organization ecContribution="374000" order="3" terminated="false" type="participant">
        <availableLanguages readOnly="true">en</availableLanguages>
        <rcn>1965534</rcn>
        <id>971666267</id>
        <legalName>LENZE-LUIG 3-L-PLAN GBR</legalName>
        <shortName>3L</shortName>
        <address>
          <street>HORLECKE 46</street>
          <city>MENDEN</city>
          <postalCode>58706</postalCode>
          <country>DE</country>
          <postBox>2122</postBox>
          <url>www.3-l.de</url>
        </address>
        <relations>
          <categories>
            <category classification="organizationActivityType" type="relatedOrganizationActivityType">
              <availableLanguages readOnly="true">de,en,es,fr,it,pl</availableLanguages>
              <code>/PRC</code>
              <title>Private for-profit entities (excluding Higher or Secondary Education Establishments)</title>
            </category>
          </categories>
          <regions>
            <region type="relatedRegion">
              <name>Germany</name>
              <nutsCode>DE</nutsCode>
              <euCode>DE</euCode>
              <isoCode>DE</isoCode>
              <rcn>221940264</rcn>
            </region>
          </regions>
        </relations>
      </organization>
      <organization ecContribution="375112.5" order="8" terminated="false" type="participant">
        <availableLanguages readOnly="true">en</availableLanguages>
        <rcn>1965520</rcn>
        <id>956976490</id>
        <vatNumber>NL002767685B01</vatNumber>
        <legalName>STICHTING SBRCURnet</legalName>
        <shortName>SBRCURnet</shortName>
        <address>
          <street>STATIONSPLEIN 45 A UNIT 6 016</street>
          <city>ROTTERDAM</city>
          <postalCode>3013 AK</postalCode>
          <country>NL</country>
          <postBox>000</postBox>
          <url>www.sbrcurnet.nl</url>
        </address>
        <relations>
          <categories>
            <category classification="organizationActivityType" type="relatedOrganizationActivityType">
              <availableLanguages readOnly="true">de,en,es,fr,it,pl</availableLanguages>
              <code>/OTH</code>
              <title>Other</title>
            </category>
          </categories>
          <regions>
            <region type="relatedRegion">
              <name>Netherlands</name>
              <nutsCode>NL</nutsCode>
              <euCode>NL</euCode>
              <isoCode>NL</isoCode>
              <rcn>391547432</rcn>
            </region>
          </regions>
        </relations>
      </organization>
      <organization ecContribution="1170545" order="1" terminated="false" type="coordinator">
        <availableLanguages readOnly="true">en</availableLanguages>
        <rcn>1965515</rcn>
        <id>986523078</id>
        <legalName>DEMO CONSULTANTS BV</legalName>
        <shortName>DMO</shortName>
        <address>
          <street>DELFTECHPARK 10</street>
          <city>DELFT</city>
          <postalCode>2628 XH</postalCode>
          <country>NL</country>
          <postBox>642</postBox>
          <url>www.demobv.nl</url>
        </address>
        <relations>
          <categories>
            <category classification="organizationActivityType" type="relatedOrganizationActivityType">
              <availableLanguages readOnly="true">de,en,es,fr,it,pl</availableLanguages>
              <code>/PRC</code>
              <title>Private for-profit entities (excluding Higher or Secondary Education Establishments)</title>
            </category>
          </categories>
          <regions>
            <region type="relatedRegion">
              <name>Netherlands</name>
              <nutsCode>NL</nutsCode>
              <euCode>NL</euCode>
              <isoCode>NL</isoCode>
              <rcn>391547432</rcn>
            </region>
          </regions>
        </relations>
      </organization>
      <organization ecContribution="455430" order="12" terminated="false" type="participant">
        <availableLanguages readOnly="true">en</availableLanguages>
        <rcn>2396932</rcn>
        <id>947127304</id>
        <legalName>HOCHTIEF VICON GMBH</legalName>
        <shortName>HVC</shortName>
        <address>
          <street>Alfredstr. 236</street>
          <city>Essen</city>
          <postalCode>45133</postalCode>
          <country>DE</country>
        </address>
        <relations>
          <categories>
            <category classification="organizationActivityType" type="relatedOrganizationActivityType">
              <availableLanguages readOnly="true">de,en,es,fr,it,pl</availableLanguages>
              <code>/PRC</code>
              <title>Private for-profit entities (excluding Higher or Secondary Education Establishments)</title>
            </category>
          </categories>
          <regions>
            <region type="relatedRegion">
              <name>Germany</name>
              <nutsCode>DE</nutsCode>
              <euCode>DE</euCode>
              <isoCode>DE</isoCode>
              <rcn>221940264</rcn>
            </region>
          </regions>
        </relations>
      </organization>
      <organization ecContribution="260105" order="2" terminated="false" type="participant">
        <availableLanguages readOnly="true">en</availableLanguages>
        <rcn>2158340</rcn>
        <id>986388151</id>
        <legalName>AICE CONSULTING SRL</legalName>
        <shortName>AICE</shortName>
        <address>
          <street>VIA BOCCACCIO 20</street>
          <city>SAN GIULIANO TERME - PISA</city>
          <postalCode>56010</postalCode>
          <country>IT</country>
          <url>www.aiceconsulting.it</url>
        </address>
        <relations>
          <categories>
            <category classification="organizationActivityType" type="relatedOrganizationActivityType">
              <availableLanguages readOnly="true">de,en,es,fr,it,pl</availableLanguages>
              <code>/PRC</code>
              <title>Private for-profit entities (excluding Higher or Secondary Education Establishments)</title>
            </category>
          </categories>
          <regions>
            <region type="relatedRegion">
              <name>Italy</name>
              <nutsCode>IT</nutsCode>
              <euCode>IT</euCode>
              <isoCode>IT</isoCode>
              <rcn>309758504</rcn>
            </region>
          </regions>
        </relations>
      </organization>
      <organization ecContribution="365000" order="14" terminated="false" type="participant">
        <availableLanguages readOnly="true">en</availableLanguages>
        <rcn>1917304</rcn>
        <id>999929836</id>
        <vatNumber>ESG47565478</vatNumber>
        <legalName>FUNDACION CARTIF</legalName>
        <shortName>CARTIF</shortName>
        <address>
          <street>PQ TECNOLOGICO BOECILLO  205</street>
          <city>BOECILLO</city>
          <postalCode>47151</postalCode>
          <country>ES</country>
          <postBox>000</postBox>
          <url>www.cartif.es</url>
        </address>
        <departmentName>Automation and Processes Control Department</departmentName>
        <relations>
          <categories>
            <category classification="organizationActivityType" type="relatedOrganizationActivityType">
              <availableLanguages readOnly="true">de,en,es,fr,it,pl</availableLanguages>
              <code>/REC</code>
              <title>Research Organisations</title>
            </category>
          </categories>
          <regions>
            <region type="relatedRegion">
              <name>Spain</name>
              <nutsCode>ES</nutsCode>
              <euCode>ES</euCode>
              <isoCode>ES</isoCode>
              <rcn>242387496</rcn>
            </region>
          </regions>
        </relations>
      </organization>
      <organization ecContribution="619402.5" order="9" terminated="false" type="participant">
        <availableLanguages readOnly="true">en</availableLanguages>
        <rcn>1909750</rcn>
        <id>999866689</id>
        <vatNumber>IT00382520427</vatNumber>
        <legalName>UNIVERSITA POLITECNICA DELLE MARCHE</legalName>
        <shortName>UNIVPM</shortName>
        <address>
          <street>PIAZZA ROMA 22</street>
          <city>ANCONA</city>
          <postalCode>60121</postalCode>
          <country>IT</country>
          <postBox>000</postBox>
          <url>www.univpm.it</url>
        </address>
        <departmentName>Dipartimento di Ingegneria dell´Informazione (DII) - Facol</departmentName>
        <relations>
          <categories>
            <category classification="organizationActivityType" type="relatedOrganizationActivityType">
              <availableLanguages readOnly="true">de,en,es,fr,it,pl</availableLanguages>
              <code>/HES</code>
              <title>Higher or Secondary Education Establishments</title>
            </category>
          </categories>
          <regions>
            <region type="relatedRegion">
              <name>Italy</name>
              <nutsCode>IT</nutsCode>
              <euCode>IT</euCode>
              <isoCode>IT</isoCode>
              <rcn>309758504</rcn>
            </region>
          </regions>
        </relations>
      </organization>
      <organization ecContribution="445437.5" order="11" terminated="false" type="participant">
        <availableLanguages readOnly="true">en</availableLanguages>
        <rcn>1920440</rcn>
        <id>996754832</id>
        <vatNumber>ESA15139314</vatNumber>
        <legalName>DRAGADOS SA</legalName>
        <shortName>DRA</shortName>
        <address>
          <street>AVENIDA DEL CAMINO DE SANTIAGO 50</street>
          <city>MADRID</city>
          <postalCode>28050</postalCode>
          <country>ES</country>
          <url>www.grupoacs.com</url>
        </address>
        <relations>
          <categories>
            <category classification="organizationActivityType" type="relatedOrganizationActivityType">
              <availableLanguages readOnly="true">de,en,es,fr,it,pl</availableLanguages>
              <code>/PRC</code>
              <title>Private for-profit entities (excluding Higher or Secondary Education Establishments)</title>
            </category>
          </categories>
          <regions>
            <region type="relatedRegion">
              <name>Spain</name>
              <nutsCode>ES</nutsCode>
              <euCode>ES</euCode>
              <isoCode>ES</isoCode>
              <rcn>242387496</rcn>
            </region>
          </regions>
        </relations>
      </organization>
    <categories>
      <category classification="projectFundingSchemeCategory" type="relatedProjectFundingSchemeCategory">
        <availableLanguages readOnly="true">en</availableLanguages>
        <code>/RIA</code>
        <title>Research and Innovation action</title>
      </category>
    </categories>
