  <rcn>193366</rcn>
  <acronym>ELIPTIC</acronym>
  <objective>The overall aim of ELIPTIC is to develop new use concepts and business cases to optimise existing electric infrastructure and rolling stock, saving both money and energy. ELIPTIC will advocate electric public transport sector at the political level and help develop political support for the electrification of public transport across Europe. ELIPTIC looks at three thematic pillars:

• Safe integration of ebuses into existing electric PT infrastructure through (re)charging ebuses “en route”, upgrading trolleybus networks with battery buses or trolleyhybrids and automatic wiring/de-wiring technology

• upgrading and/or regenerating electric public transport systems (flywheel, reversible substations)

• Multi-purpose use of electric public transport infrastructure: safe (re)charging of non-public transport vehicles (pedelecs, electric cars/ taxis, utility trucks)

With a strong focus on end users, ELIPTIC will analyse 23 use cases within the three thematic pillars. The project will support uptake and exploitation of results by developing guidelines and tools for implementation schemes for upgrading and/or regenerating electric public transport systems. Option generator and decision-making support tools, strategies and policy recommendations will be created to foster Europe-wide take up and rollout of various development schemes. Partners and other cities will benefit from ELIPTIC's stakeholder and user forum approach.

ELIPTIC addresses the challenge of “transforming the use of conventionally fuelled vehicles in urban areas” by focusing on increasing the capacity of electric public transport, reducing the need for individual travel in urban areas and by expanding electric intermodal options (e.g. linking e-cars charging to tram infrastructure) for long-distance commuters. The project will strengthen the role of electric public transport, leading to both a significant reduction in fossil fuel consumption and to an improvement in air quality through reduced local emissions.</objective>
  <title>Electrification of public transport in cities</title>
      <organization ecContribution="0" order="21" terminated="true" type="participant">
        <availableLanguages readOnly="true">en</availableLanguages>
        <rcn>1913447</rcn>
        <id>996500595</id>
        <vatNumber>ESQ0801093F</vatNumber>
        <legalName>CONSORCI CENTRE D'INNOVACIO DEL TRANSPORT</legalName>
        <shortName>CENIT</shortName>
        <address>
          <street>CALLE JORDI GIRONA 29</street>
          <city>BARCELONA</city>
          <postalCode>08034</postalCode>
          <country>ES</country>
          <url>www.cenit.cat</url>
        </address>
        <relations>
          <categories>
            <category classification="organizationActivityType" type="relatedOrganizationActivityType">
              <availableLanguages readOnly="true">de,en,es,fr,it,pl</availableLanguages>
              <code>/REC</code>
              <title>Research Organisations</title>
            </category>
          </categories>
          <regions>
            <region type="relatedRegion">
              <name>Spain</name>
              <nutsCode>ES</nutsCode>
              <euCode>ES</euCode>
              <isoCode>ES</isoCode>
              <rcn>242387496</rcn>
            </region>
          </regions>
        </relations>
      </organization>
      <organization ecContribution="69000" order="24" terminated="false" type="participant">
        <availableLanguages readOnly="true">en</availableLanguages>
        <rcn>1924919</rcn>
        <id>998894458</id>
        <legalName>Verband Deutscher Verkehrsunternehmen</legalName>
        <shortName>VDV</shortName>
        <address>
          <street>KAMEKESTRASSE 37/39</street>
          <city>KOLN</city>
          <postalCode>50672</postalCode>
          <country>DE</country>
          <url>www.vdv.de</url>
        </address>
        <relations>
          <categories>
            <category classification="organizationActivityType" type="relatedOrganizationActivityType">
              <availableLanguages readOnly="true">de,en,es,fr,it,pl</availableLanguages>
              <code>/OTH</code>
              <title>Other</title>
            </category>
          </categories>
          <regions>
            <region type="relatedRegion">
              <name>Germany</name>
              <nutsCode>DE</nutsCode>
              <euCode>DE</euCode>
              <isoCode>DE</isoCode>
              <rcn>221940264</rcn>
            </region>
          </regions>
        </relations>
      </organization>
      <organization ecContribution="212562.5" order="5" terminated="false" type="participant">
        <availableLanguages readOnly="true">en</availableLanguages>
        <rcn>1909270</rcn>
        <id>996655601</id>
        <vatNumber>BE0247499953</vatNumber>
        <legalName>SOCIETE DES TRANSPORTS INTERCOMMUNAUX DE BRUXELLES SSF</legalName>
        <shortName>STIB</shortName>
        <address>
          <street>RUE ROYALE 76</street>
          <city>BRUXELLES</city>
          <postalCode>1000</postalCode>
          <country>BE</country>
          <url>www.stib.irisnet.be</url>
        </address>
        <relations>
          <categories>
            <category classification="organizationActivityType" type="relatedOrganizationActivityType">
              <availableLanguages readOnly="true">de,en,es,fr,it,pl</availableLanguages>
              <code>/PRC</code>
              <title>Private for-profit entities (excluding Higher or Secondary Education Establishments)</title>
            </category>
          </categories>
          <regions>
            <region type="relatedRegion">
              <name>Belgium</name>
              <nutsCode>BE</nutsCode>
              <euCode>BE</euCode>
              <isoCode>BE</isoCode>
              <rcn>188385832</rcn>
            </region>
          </regions>
        </relations>
      </organization>
      <organization ecContribution="102250" order="8" terminated="false" type="participant">
        <availableLanguages readOnly="true">en</availableLanguages>
        <rcn>2396843</rcn>
        <id>937502479</id>
        <vatNumber>DE190626336</vatNumber>
        <legalName>LEIPZIGER VERKEHRSBETRIEBE (LVB) GMBH</legalName>
        <shortName>LVB</shortName>
        <address>
          <street>GEORGIRING 3</street>
          <city>LEIPZIG</city>
          <postalCode>04103</postalCode>
          <country>DE</country>
        </address>
        <relations>
          <categories>
            <category classification="organizationActivityType" type="relatedOrganizationActivityType">
              <availableLanguages readOnly="true">de,en,es,fr,it,pl</availableLanguages>
              <code>/PRC</code>
              <title>Private for-profit entities (excluding Higher or Secondary Education Establishments)</title>
            </category>
          </categories>
          <regions>
            <region type="relatedRegion">
              <name>Germany</name>
              <nutsCode>DE</nutsCode>
              <euCode>DE</euCode>
              <isoCode>DE</isoCode>
              <rcn>221940264</rcn>
            </region>
          </regions>
        </relations>
      </organization>
      <organization ecContribution="707493.75" order="33" terminated="false" type="participant">
        <availableLanguages readOnly="true">en</availableLanguages>
        <rcn>1919731</rcn>
        <id>999482666</id>
        <vatNumber>DE198534371</vatNumber>
        <legalName>RUPPRECHT CONSULT-FORSCHUNG &amp; BERATUNG GMBH</legalName>
        <shortName>RUPPRECHT</shortName>
        <address>
          <street>CLEVER STRASSE 13 15</street>
          <city>KOLN</city>
          <postalCode>50668</postalCode>
          <country>DE</country>
          <url>www.rupprecht-consult.eu</url>
        </address>
        <relations>
          <categories>
            <category classification="organizationActivityType" type="relatedOrganizationActivityType">
              <availableLanguages readOnly="true">de,en,es,fr,it,pl</availableLanguages>
              <code>/PRC</code>
              <title>Private for-profit entities (excluding Higher or Secondary Education Establishments)</title>
            </category>
          </categories>
          <regions>
            <region type="relatedRegion">
              <name>Germany</name>
              <nutsCode>DE</nutsCode>
              <euCode>DE</euCode>
              <isoCode>DE</isoCode>
              <rcn>221940264</rcn>
            </region>
          </regions>
        </relations>
      </organization>
      <organization ecContribution="354445" order="14" terminated="false" type="participant">
        <availableLanguages readOnly="true">en</availableLanguages>
        <rcn>1905639</rcn>
        <id>999983962</id>
        <vatNumber>DE121689807</vatNumber>
        <legalName>RHEINISCH-WESTFAELISCHE TECHNISCHE HOCHSCHULE AACHEN</legalName>
        <shortName>RWTH AACHEN</shortName>
        <address>
          <street>TEMPLERGRABEN 55</street>
          <city>AACHEN</city>
          <postalCode>52062</postalCode>
          <country>DE</country>
          <postBox>000</postBox>
          <url>www.rwth-aachen.de</url>
        </address>
        <departmentName>RWTH Aachen</departmentName>
        <relations>
          <categories>
            <category classification="organizationActivityType" type="relatedOrganizationActivityType">
              <availableLanguages readOnly="true">de,en,es,fr,it,pl</availableLanguages>
              <code>/HES</code>
              <title>Higher or Secondary Education Establishments</title>
            </category>
          </categories>
          <regions>
            <region type="relatedRegion">
              <name>Germany</name>
              <nutsCode>DE</nutsCode>
              <euCode>DE</euCode>
              <isoCode>DE</isoCode>
              <rcn>221940264</rcn>
            </region>
          </regions>
        </relations>
      </organization>
      <organization ecContribution="99875" order="19" terminated="false" type="participant">
        <availableLanguages readOnly="true">en</availableLanguages>
        <rcn>1911095</rcn>
        <id>986501059</id>
        <vatNumber>PL5250008821</vatNumber>
        <legalName>Przemyslowy Instytut Motoryzacji</legalName>
        <shortName>PIMOT</shortName>
        <address>
          <street>UL. JAGIELLONSKA 55</street>
          <city>WARSZAWA</city>
          <postalCode>PL03301</postalCode>
          <country>PL</country>
          <url>www.pimot.org.pl</url>
        </address>
        <relations>
          <categories>
            <category classification="organizationActivityType" type="relatedOrganizationActivityType">
              <availableLanguages readOnly="true">de,en,es,fr,it,pl</availableLanguages>
              <code>/REC</code>
              <title>Research Organisations</title>
            </category>
          </categories>
          <regions>
            <region type="relatedRegion">
              <name>Poland</name>
              <nutsCode>PL</nutsCode>
              <euCode>PL</euCode>
              <isoCode>PL</isoCode>
              <rcn>425101864</rcn>
            </region>
          </regions>
        </relations>
      </organization>
      <organization ecContribution="151855" order="16" terminated="false" type="participant">
        <availableLanguages readOnly="true">en</availableLanguages>
        <rcn>1905912</rcn>
        <id>999984059</id>
        <vatNumber>DE129515865</vatNumber>
        <legalName>FRAUNHOFER GESELLSCHAFT ZUR FOERDERUNG DER ANGEWANDTEN FORSCHUNG E.V.</legalName>
        <shortName>Fraunhofer</shortName>
        <address>
          <street>HANSASTRASSE 27C</street>
          <city>MUNCHEN</city>
          <postalCode>80686</postalCode>
          <country>DE</country>
          <postBox>000</postBox>
          <url>www.fraunhofer.de</url>
        </address>
        <departmentName>Integrated Project Management</departmentName>
        <relations>
          <categories>
            <category classification="organizationActivityType" type="relatedOrganizationActivityType">
              <availableLanguages readOnly="true">de,en,es,fr,it,pl</availableLanguages>
              <code>/REC</code>
              <title>Research Organisations</title>
            </category>
          </categories>
          <regions>
            <region type="relatedRegion">
              <name>Germany</name>
              <nutsCode>DE</nutsCode>
              <euCode>DE</euCode>
              <isoCode>DE</isoCode>
              <rcn>221940264</rcn>
            </region>
          </regions>
        </relations>
      </organization>
      <organization ecContribution="139062.5" order="29" terminated="false" type="participant">
        <availableLanguages readOnly="true">en</availableLanguages>
        <rcn>2396864</rcn>
        <id>937232140</id>
        <vatNumber>DE184579832</vatNumber>
        <legalName>Vossloh Kiepe GmbH</legalName>
        <shortName>VKD</shortName>
        <address>
          <street>KIEPE PLATZ 1</street>
          <city>DUSSELDORF</city>
          <postalCode>40599</postalCode>
          <country>DE</country>
        </address>
        <relations>
          <categories>
            <category classification="organizationActivityType" type="relatedOrganizationActivityType">
              <availableLanguages readOnly="true">de,en,es,fr,it,pl</availableLanguages>
              <code>/PRC</code>
              <title>Private for-profit entities (excluding Higher or Secondary Education Establishments)</title>
            </category>
          </categories>
          <regions>
            <region type="relatedRegion">
              <name>Germany</name>
              <nutsCode>DE</nutsCode>
              <euCode>DE</euCode>
              <isoCode>DE</isoCode>
              <rcn>221940264</rcn>
            </region>
          </regions>
        </relations>
      </organization>
      <organization ecContribution="356625" order="3" terminated="false" type="participant">
        <availableLanguages readOnly="true">en</availableLanguages>
        <rcn>2396838</rcn>
        <id>941841871</id>
        <vatNumber>DE811136151</vatNumber>
        <legalName>BREMER STRASSENBAHN AG</legalName>
        <shortName>BSAG</shortName>
        <address>
          <street>FLUGHAFENDAMM 12</street>
          <city>BREMEN</city>
          <postalCode>28199</postalCode>
          <country>DE</country>
        </address>
        <relations>
          <categories>
            <category classification="organizationActivityType" type="relatedOrganizationActivityType">
              <availableLanguages readOnly="true">de,en,es,fr,it,pl</availableLanguages>
              <code>/PRC</code>
              <title>Private for-profit entities (excluding Higher or Secondary Education Establishments)</title>
            </category>
          </categories>
          <regions>
            <region type="relatedRegion">
              <name>Germany</name>
              <nutsCode>DE</nutsCode>
              <euCode>DE</euCode>
              <isoCode>DE</isoCode>
              <rcn>221940264</rcn>
            </region>
          </regions>
        </relations>
      </organization>
      <organization ecContribution="0" order="13" terminated="true" type="participant">
        <availableLanguages readOnly="true">en</availableLanguages>
        <rcn>2396848</rcn>
        <id>946076794</id>
        <vatNumber>IT01935320695</vatNumber>
        <legalName>FERROVIA ADRIATICO SANGRITANA SPA</legalName>
        <shortName>FAS</shortName>
        <address>
          <street>VIA DALMAZIA 9</street>
          <city>LANCIANO</city>
          <postalCode>66034</postalCode>
          <country>IT</country>
        </address>
        <relations>
          <categories>
            <category classification="organizationActivityType" type="relatedOrganizationActivityType">
              <availableLanguages readOnly="true">de,en,es,fr,it,pl</availableLanguages>
              <code>/PRC</code>
              <title>Private for-profit entities (excluding Higher or Secondary Education Establishments)</title>
            </category>
          </categories>
          <regions>
            <region type="relatedRegion">
              <name>Italy</name>
              <nutsCode>IT</nutsCode>
              <euCode>IT</euCode>
              <isoCode>IT</isoCode>
              <rcn>309758504</rcn>
            </region>
          </regions>
        </relations>
      </organization>
      <organization ecContribution="115812.5" order="20" terminated="false" type="participant">
        <availableLanguages readOnly="true">en</availableLanguages>
        <rcn>1906222</rcn>
        <id>999902094</id>
        <vatNumber>BE0449012406</vatNumber>
        <legalName>VRIJE UNIVERSITEIT BRUSSEL</legalName>
        <shortName>VUB</shortName>
        <address>
          <street>PLEINLAAN 2</street>
          <city>BRUSSEL</city>
          <postalCode>1050</postalCode>
          <country>BE</country>
          <postBox>N/A</postBox>
          <url>www.vub.ac.be</url>
        </address>
        <departmentName>IR-TONA</departmentName>
        <relations>
          <categories>
            <category classification="organizationActivityType" type="relatedOrganizationActivityType">
              <availableLanguages readOnly="true">de,en,es,fr,it,pl</availableLanguages>
              <code>/HES</code>
              <title>Higher or Secondary Education Establishments</title>
            </category>
          </categories>
          <regions>
            <region type="relatedRegion">
              <name>Belgium</name>
              <nutsCode>BE</nutsCode>
              <euCode>BE</euCode>
              <isoCode>BE</isoCode>
              <rcn>188385832</rcn>
            </region>
          </regions>
        </relations>
      </organization>
      <organization ecContribution="107125" order="30" terminated="false" type="participant">
        <availableLanguages readOnly="true">en</availableLanguages>
        <rcn>2184561</rcn>
        <id>958594450</id>
        <vatNumber>DE146280211</vatNumber>
        <legalName>ZIEHL-ABEGG S.E.</legalName>
        <shortName>ZIEHL</shortName>
        <address>
          <street>HEINZ ZIEHL STRASSE 4</street>
          <city>KUNZELSAU</city>
          <postalCode>74653</postalCode>
          <country>DE</country>
          <url>www.ziehl-abegg.com</url>
        </address>
        <relations>
          <categories>
            <category classification="organizationActivityType" type="relatedOrganizationActivityType">
              <availableLanguages readOnly="true">de,en,es,fr,it,pl</availableLanguages>
              <code>/PRC</code>
              <title>Private for-profit entities (excluding Higher or Secondary Education Establishments)</title>
            </category>
          </categories>
          <regions>
            <region type="relatedRegion">
              <name>Germany</name>
              <nutsCode>DE</nutsCode>
              <euCode>DE</euCode>
              <isoCode>DE</isoCode>
              <rcn>221940264</rcn>
            </region>
          </regions>
        </relations>
      </organization>
      <organization ecContribution="115000" order="12" terminated="false" type="participant">
        <availableLanguages readOnly="true">en</availableLanguages>
        <rcn>2396847</rcn>
        <id>937523334</id>
        <vatNumber>DE120646712</vatNumber>
        <legalName>STOAG STADTWERKE OBERHAUSEN GMBH</legalName>
        <shortName>STOAG</shortName>
        <address>
          <street>Max-Eyth-Str. 62</street>
          <city>Oberhausen</city>
          <postalCode>D-46149</postalCode>
          <country>DE</country>
        </address>
        <relations>
          <categories>
            <category classification="organizationActivityType" type="relatedOrganizationActivityType">
              <availableLanguages readOnly="true">de,en,es,fr,it,pl</availableLanguages>
              <code>/PRC</code>
              <title>Private for-profit entities (excluding Higher or Secondary Education Establishments)</title>
            </category>
          </categories>
          <regions>
            <region type="relatedRegion">
              <name>Germany</name>
              <nutsCode>DE</nutsCode>
              <euCode>DE</euCode>
              <isoCode>DE</isoCode>
              <rcn>221940264</rcn>
            </region>
          </regions>
        </relations>
      </organization>
      <organization ecContribution="188375" order="7" terminated="false" type="participant">
        <availableLanguages readOnly="true">en</availableLanguages>
        <rcn>2396842</rcn>
        <id>943896331</id>
        <vatNumber>PL5252256730</vatNumber>
        <legalName>MIEJSKIE ZAKLADY AUTOBUSOWE SP ZOO</legalName>
        <shortName>MZA</shortName>
        <address>
          <street>UL. WLOSCIANSKA 52</street>
          <city>WARSZAWA</city>
          <postalCode>01 710</postalCode>
          <country>PL</country>
        </address>
        <relations>
          <categories>
            <category classification="organizationActivityType" type="relatedOrganizationActivityType">
              <availableLanguages readOnly="true">de,en,es,fr,it,pl</availableLanguages>
              <code>/PRC</code>
              <title>Private for-profit entities (excluding Higher or Secondary Education Establishments)</title>
            </category>
          </categories>
          <regions>
            <region type="relatedRegion">
              <name>Poland</name>
              <nutsCode>PL</nutsCode>
              <euCode>PL</euCode>
              <isoCode>PL</isoCode>
              <rcn>425101864</rcn>
            </region>
          </regions>
        </relations>
      </organization>
      <organization ecContribution="69312.5" order="26" terminated="false" type="participant">
        <availableLanguages readOnly="true">en</availableLanguages>
        <rcn>2396861</rcn>
        <id>937301010</id>
        <vatNumber>ATU63352419</vatNumber>
        <legalName>TROLLEYMOTION - VEREIN ZUR FORDERUNG MODERNER TROLLEYBUSSYSTEME</legalName>
        <shortName>trolley:motion</shortName>
        <address>
          <street>Ladaustraße 73</street>
          <city>Koppl</city>
          <postalCode>5321</postalCode>
          <country>AT</country>
        </address>
        <relations>
          <categories>
            <category classification="organizationActivityType" type="relatedOrganizationActivityType">
              <availableLanguages readOnly="true">de,en,es,fr,it,pl</availableLanguages>
              <code>/OTH</code>
              <title>Other</title>
            </category>
          </categories>
          <regions>
            <region type="relatedRegion">
              <name>Austria</name>
              <nutsCode>AT</nutsCode>
              <euCode>AT</euCode>
              <isoCode>AT</isoCode>
              <rcn>175540776</rcn>
            </region>
          </regions>
        </relations>
      </organization>
      <organization ecContribution="80543.75" order="22" terminated="false" type="participant">
        <availableLanguages readOnly="true">en</availableLanguages>
        <rcn>2396857</rcn>
        <id>936980328</id>
        <vatNumber>ESA08765919</vatNumber>
        <legalName>BARCELONA DE SERVEIS MUNICIPALS SA</legalName>
        <shortName>B:SM</shortName>
        <address>
          <street>CL CALABRIA 66</street>
          <city>BARCELONA</city>
          <postalCode>08015</postalCode>
          <country>ES</country>
        </address>
        <relations>
          <categories>
            <category classification="organizationActivityType" type="relatedOrganizationActivityType">
              <availableLanguages readOnly="true">de,en,es,fr,it,pl</availableLanguages>
              <code>/PRC</code>
              <title>Private for-profit entities (excluding Higher or Secondary Education Establishments)</title>
            </category>
          </categories>
          <regions>
            <region type="relatedRegion">
              <name>Spain</name>
              <nutsCode>ES</nutsCode>
              <euCode>ES</euCode>
              <isoCode>ES</isoCode>
              <rcn>242387496</rcn>
            </region>
          </regions>
        </relations>
      </organization>
      <organization ecContribution="53500" order="23" terminated="false" type="participant">
        <availableLanguages readOnly="true">en</availableLanguages>
        <rcn>1906717</rcn>
        <id>999928381</id>
        <vatNumber>BE460400701</vatNumber>
        <legalName>POLIS - PROMOTION OF OPERATIONAL LINKS WITH INTEGRATED SERVICES, ASSOCIATION INTERNATIONALE</legalName>
        <shortName>POLIS</shortName>
        <address>
          <street>rue du Trône  98</street>
          <city>BRUXELLES</city>
          <postalCode>1050</postalCode>
          <country>BE</country>
          <url>www.polis-online.org</url>
        </address>
        <relations>
          <categories>
            <category classification="organizationActivityType" type="relatedOrganizationActivityType">
              <availableLanguages readOnly="true">de,en,es,fr,it,pl</availableLanguages>
              <code>/OTH</code>
              <title>Other</title>
            </category>
          </categories>
          <regions>
            <region type="relatedRegion">
              <name>Belgium</name>
              <nutsCode>BE</nutsCode>
              <euCode>BE</euCode>
              <isoCode>BE</isoCode>
              <rcn>188385832</rcn>
            </region>
          </regions>
        </relations>
      </organization>
      <organization ecContribution="100312.5" order="13" terminated="false" type="participant">
        <availableLanguages readOnly="true">en</availableLanguages>
        <rcn>2716125</rcn>
        <id>922359421</id>
        <vatNumber>IT00288240690</vatNumber>
        <legalName>SOCIETA UNICA ABRUZZESE DI TRASPORTO SPA UNIPERSONALE</legalName>
        <shortName>TUA</shortName>
        <address>
          <street>VIA ASINIO HERIO</street>
          <city>CHIETI</city>
          <postalCode>66100</postalCode>
          <country>IT</country>
        </address>
        <relations>
          <categories>
            <category classification="organizationActivityType" type="relatedOrganizationActivityType">
              <availableLanguages readOnly="true">de,en,es,fr,it,pl</availableLanguages>
              <code>/PRC</code>
              <title>Private for-profit entities (excluding Higher or Secondary Education Establishments)</title>
            </category>
          </categories>
          <regions>
            <region type="relatedRegion">
              <name>Italy</name>
              <nutsCode>IT</nutsCode>
              <euCode>IT</euCode>
              <isoCode>IT</isoCode>
              <rcn>309758504</rcn>
            </region>
          </regions>
        </relations>
      </organization>
      <organization ecContribution="144250" order="18" terminated="false" type="participant">
        <availableLanguages readOnly="true">en</availableLanguages>
        <rcn>1910710</rcn>
        <id>999876001</id>
        <vatNumber>PL5840203239</vatNumber>
        <legalName>UNIWERSYTET GDANSKI</legalName>
        <shortName>UG</shortName>
        <address>
          <street>UL. BAZYNSKIEGO 8</street>
          <city>GDANSK</city>
          <postalCode>80309</postalCode>
          <country>PL</country>
          <url>www.ug.edu.pl</url>
        </address>
        <departmentName>Institute for Theoretical Physics and Astrophysics</departmentName>
        <relations>
          <categories>
            <category classification="organizationActivityType" type="relatedOrganizationActivityType">
              <availableLanguages readOnly="true">de,en,es,fr,it,pl</availableLanguages>
              <code>/HES</code>
              <title>Higher or Secondary Education Establishments</title>
            </category>
          </categories>
          <regions>
            <region type="relatedRegion">
              <name>Poland</name>
              <nutsCode>PL</nutsCode>
              <euCode>PL</euCode>
              <isoCode>PL</isoCode>
              <rcn>425101864</rcn>
            </region>
          </regions>
        </relations>
      </organization>
      <organization ecContribution="90250" order="25" terminated="false" type="participant">
        <availableLanguages readOnly="true">en</availableLanguages>
        <rcn>1924910</rcn>
        <id>999526413</id>
        <legalName>ASSTRA - ASSOCIAZIONE TRASPORTI</legalName>
        <shortName>ASSTRA</shortName>
        <address>
          <street>PIAZZA COLA DI RIENZO 80A</street>
          <city>ROMA</city>
          <postalCode>00192</postalCode>
          <country>IT</country>
          <postBox>000</postBox>
          <url>www.asstra.it</url>
        </address>
        <relations>
          <categories>
            <category classification="organizationActivityType" type="relatedOrganizationActivityType">
              <availableLanguages readOnly="true">de,en,es,fr,it,pl</availableLanguages>
              <code>/OTH</code>
              <title>Other</title>
            </category>
          </categories>
          <regions>
            <region type="relatedRegion">
              <name>Italy</name>
              <nutsCode>IT</nutsCode>
              <euCode>IT</euCode>
              <isoCode>IT</isoCode>
              <rcn>309758504</rcn>
            </region>
          </regions>
        </relations>
      </organization>
      <organization ecContribution="42125" order="32" terminated="false" type="participant">
        <availableLanguages readOnly="true">en</availableLanguages>
        <rcn>1924941</rcn>
        <id>995185760</id>
        <vatNumber>PL5240015630</vatNumber>
        <legalName>SOLARIS BUS &amp; COACH SPOLKA AKCYJNA</legalName>
        <shortName>SOLARIS</shortName>
        <address>
          <street>UL. OBORNICKA 46 BOLECHOWO OSIEDLE</street>
          <city>OWINSKA</city>
          <postalCode>62-005</postalCode>
          <country>PL</country>
          <url>www.solarisbus.com</url>
        </address>
        <departmentName>Research and Development</departmentName>
        <relations>
          <categories>
            <category classification="organizationActivityType" type="relatedOrganizationActivityType">
              <availableLanguages readOnly="true">de,en,es,fr,it,pl</availableLanguages>
              <code>/PRC</code>
              <title>Private for-profit entities (excluding Higher or Secondary Education Establishments)</title>
            </category>
          </categories>
          <regions>
            <region type="relatedRegion">
              <name>Poland</name>
              <nutsCode>PL</nutsCode>
              <euCode>PL</euCode>
              <isoCode>PL</isoCode>
              <rcn>425101864</rcn>
            </region>
          </regions>
        </relations>
      </organization>
      <organization ecContribution="104125" order="10" terminated="false" type="participant">
        <availableLanguages readOnly="true">en</availableLanguages>
        <rcn>1924601</rcn>
        <id>966642443</id>
        <vatNumber>PL5861924932</vatNumber>
        <legalName>PRZEDSIEBIORSTWO KOMUNIKACJI TROLEJBUSOWEJ SP. Z O.O.</legalName>
        <shortName>PKT</shortName>
        <address>
          <street>UL. ZAKRET DO OKSYWIA 1</street>
          <city>GDYNIA</city>
          <postalCode>81-244</postalCode>
          <country>PL</country>
          <geolocation>54.53387770000001,18.493571</geolocation>
        </address>
        <relations>
          <categories>
            <category classification="organizationActivityType" type="relatedOrganizationActivityType">
              <availableLanguages readOnly="true">de,en,es,fr,it,pl</availableLanguages>
              <code>/PRC</code>
              <title>Private for-profit entities (excluding Higher or Secondary Education Establishments)</title>
            </category>
          </categories>
          <regions>
            <region type="relatedRegion">
              <name>Poland</name>
              <nutsCode>PL</nutsCode>
              <euCode>PL</euCode>
              <isoCode>PL</isoCode>
              <rcn>425101864</rcn>
            </region>
          </regions>
        </relations>
      </organization>
      <organization ecContribution="568062.5" order="2" terminated="false" type="participant">
        <availableLanguages readOnly="true">en</availableLanguages>
        <rcn>1906720</rcn>
        <id>999945647</id>
        <vatNumber>BE0544198506</vatNumber>
        <legalName>UNION INTERNATIONALE DES TRANSPORTS PUBLICS</legalName>
        <shortName>UITP</shortName>
        <address>
          <street>RUE SAINTE MARIE 6</street>
          <city>BRUXELLES</city>
          <postalCode>1080</postalCode>
          <country>BE</country>
          <url>www.uitp.org</url>
        </address>
        <departmentName>KMS</departmentName>
        <relations>
          <categories>
            <category classification="organizationActivityType" type="relatedOrganizationActivityType">
              <availableLanguages readOnly="true">de,en,es,fr,it,pl</availableLanguages>
              <code>/OTH</code>
              <title>Other</title>
            </category>
          </categories>
          <regions>
            <region type="relatedRegion">
              <name>Belgium</name>
              <nutsCode>BE</nutsCode>
              <euCode>BE</euCode>
              <isoCode>BE</isoCode>
              <rcn>188385832</rcn>
            </region>
          </regions>
        </relations>
      </organization>
      <organization ecContribution="66750" order="21" terminated="false" type="participant">
        <availableLanguages readOnly="true">en</availableLanguages>
        <rcn>1906609</rcn>
        <id>999658721</id>
        <vatNumber>ESQ5850006G</vatNumber>
        <legalName>CENTRE INTERNACIONAL DE METODES NUMERICS EN ENGINYERIA</legalName>
        <shortName>CIMNE</shortName>
        <address>
          <street>C GRAN CAPITAN, EDIFICI C1, CAMPUS NORD UPC SN</street>
          <city>BARCELONA</city>
          <postalCode>08034</postalCode>
          <country>ES</country>
          <url>www.cimne.com</url>
        </address>
        <relations>
          <categories>
            <category classification="organizationActivityType" type="relatedOrganizationActivityType">
              <availableLanguages readOnly="true">de,en,es,fr,it,pl</availableLanguages>
              <code>/REC</code>
              <title>Research Organisations</title>
            </category>
          </categories>
          <regions>
            <region type="relatedRegion">
              <name>Spain</name>
              <nutsCode>ES</nutsCode>
              <euCode>ES</euCode>
              <isoCode>ES</isoCode>
              <rcn>242387496</rcn>
            </region>
          </regions>
        </relations>
      </organization>
      <organization ecContribution="522406.25" order="1" terminated="false" type="coordinator">
        <availableLanguages readOnly="true">en</availableLanguages>
        <rcn>2396836</rcn>
        <id>998928796</id>
        <legalName>FREIE HANSESTADT BREMEN</legalName>
        <shortName>Bremen SUBV</shortName>
        <address>
          <street>AM MARKT 21</street>
          <city>BREMEN</city>
          <postalCode>28195</postalCode>
          <country>DE</country>
        </address>
        <departmentName>E-Government Section</departmentName>
        <relations>
          <categories>
            <category classification="organizationActivityType" type="relatedOrganizationActivityType">
              <availableLanguages readOnly="true">de,en,es,fr,it,pl</availableLanguages>
              <code>/PUB</code>
              <title>Public bodies (excluding Research Organisations and Secondary or Higher Education Establishments)</title>
            </category>
          </categories>
          <regions>
            <region type="relatedRegion">
              <name>Germany</name>
              <nutsCode>DE</nutsCode>
              <euCode>DE</euCode>
              <isoCode>DE</isoCode>
              <rcn>221940264</rcn>
            </region>
          </regions>
        </relations>
      </organization>
      <organization ecContribution="58058.6" order="27" terminated="false" type="participant">
        <availableLanguages readOnly="true">en</availableLanguages>
        <rcn>2396862</rcn>
        <id>937595405</id>
        <vatNumber>GB974356093</vatNumber>
        <legalName>LOW CARBON VEHICLE PARTNERSHIP</legalName>
        <shortName>LCVP</shortName>
        <address>
          <street>3 BRITCAGE WALK</street>
          <city>LONDON</city>
          <postalCode>SW1H 9JJ</postalCode>
          <country>UK</country>
        </address>
        <relations>
          <categories>
            <category classification="organizationActivityType" type="relatedOrganizationActivityType">
              <availableLanguages readOnly="true">de,en,es,fr,it,pl</availableLanguages>
              <code>/OTH</code>
              <title>Other</title>
            </category>
          </categories>
          <regions>
            <region type="relatedRegion">
              <name>United Kingdom</name>
              <nutsCode>UK</nutsCode>
              <euCode>UK</euCode>
              <isoCode>GB</isoCode>
              <rcn>508725800</rcn>
            </region>
          </regions>
        </relations>
      </organization>
      <organization ecContribution="136500" order="9" terminated="false" type="participant">
        <availableLanguages readOnly="true">en</availableLanguages>
        <rcn>2396844</rcn>
        <id>937614320</id>
        <vatNumber>HU11092612</vatNumber>
        <legalName>SZEGEDI KOZLEKEDESI KFT</legalName>
        <shortName>SZKT</shortName>
        <address>
          <street>ZRINYI U 4-8</street>
          <city>SZEGED</city>
          <postalCode>6720</postalCode>
          <country>HU</country>
        </address>
        <relations>
          <categories>
            <category classification="organizationActivityType" type="relatedOrganizationActivityType">
              <availableLanguages readOnly="true">de,en,es,fr,it,pl</availableLanguages>
              <code>/PRC</code>
              <title>Private for-profit entities (excluding Higher or Secondary Education Establishments)</title>
            </category>
          </categories>
          <regions>
            <region type="relatedRegion">
              <name>Hungary</name>
              <nutsCode>HU</nutsCode>
              <euCode>HU</euCode>
              <isoCode>HU</isoCode>
              <rcn>293243432</rcn>
            </region>
          </regions>
        </relations>
      </organization>
      <organization ecContribution="296093" order="4" terminated="false" type="participant">
        <availableLanguages readOnly="true">en</availableLanguages>
        <rcn>1917084</rcn>
        <id>999430189</id>
        <vatNumber>GB756276990</vatNumber>
        <legalName>TRANSPORT FOR LONDON*TFL</legalName>
        <shortName>TFL</shortName>
        <address>
          <street>VICTORIA ST 42-50 WINDSOR HOUSE</street>
          <city>LONDON</city>
          <postalCode>SW1H 0TL</postalCode>
          <country>UK</country>
          <postBox>000</postBox>
        </address>
        <departmentName>Technology and Programmes</departmentName>
        <departmentName> Transport for London</departmentName>
        <relations>
          <categories>
            <category classification="organizationActivityType" type="relatedOrganizationActivityType">
              <availableLanguages readOnly="true">de,en,es,fr,it,pl</availableLanguages>
              <code>/PUB</code>
              <title>Public bodies (excluding Research Organisations and Secondary or Higher Education Establishments)</title>
            </category>
          </categories>
          <regions>
            <region type="relatedRegion">
              <name>United Kingdom</name>
              <nutsCode>UK</nutsCode>
              <euCode>UK</euCode>
              <isoCode>GB</isoCode>
              <rcn>508725800</rcn>
            </region>
          </regions>
        </relations>
      </organization>
      <organization ecContribution="34812.5" order="17" terminated="false" type="participant">
        <availableLanguages readOnly="true">en</availableLanguages>
        <rcn>1907933</rcn>
        <id>999840014</id>
        <vatNumber>HU15329815</vatNumber>
        <legalName>SZEGEDI TUDOMANYEGYETEM</legalName>
        <shortName>USZ</shortName>
        <address>
          <street>DUGONICS TER  13</street>
          <city>SZEGED</city>
          <postalCode>6720</postalCode>
          <country>HU</country>
          <postBox>N/A</postBox>
          <url>www.u-szeged.hu</url>
        </address>
        <departmentName>University of Szeged</departmentName>
        <departmentName> Institute of Informatics</departmentName>
        <departmentName> H-6720 Szege</departmentName>
        <relations>
          <categories>
            <category classification="organizationActivityType" type="relatedOrganizationActivityType">
              <availableLanguages readOnly="true">de,en,es,fr,it,pl</availableLanguages>
              <code>/HES</code>
              <title>Higher or Secondary Education Establishments</title>
            </category>
          </categories>
          <regions>
            <region type="relatedRegion">
              <name>Hungary</name>
              <nutsCode>HU</nutsCode>
              <euCode>HU</euCode>
              <isoCode>HU</isoCode>
              <rcn>293243432</rcn>
            </region>
          </regions>
        </relations>
      </organization>
      <organization ecContribution="207125" order="28" terminated="false" type="participant">
        <availableLanguages readOnly="true">en</availableLanguages>
        <rcn>1905638</rcn>
        <id>999987260</id>
        <vatNumber>DE129274202</vatNumber>
        <legalName>SIEMENS AKTIENGESELLSCHAFT</legalName>
        <shortName>SIEMENS AG</shortName>
        <address>
          <street>WERNER-VON-SIEMENS-STR. 1</street>
          <city>MUNCHEN</city>
          <postalCode>80333</postalCode>
          <country>DE</country>
          <postBox>000</postBox>
          <url>www.siemens.com</url>
        </address>
        <departmentName>Corporate Technology</departmentName>
        <relations>
          <categories>
            <category classification="organizationActivityType" type="relatedOrganizationActivityType">
              <availableLanguages readOnly="true">de,en,es,fr,it,pl</availableLanguages>
              <code>/PRC</code>
              <title>Private for-profit entities (excluding Higher or Secondary Education Establishments)</title>
            </category>
          </categories>
          <regions>
            <region type="relatedRegion">
              <name>Germany</name>
              <nutsCode>DE</nutsCode>
              <euCode>DE</euCode>
              <isoCode>DE</isoCode>
              <rcn>221940264</rcn>
            </region>
          </regions>
        </relations>
      </organization>
      <organization ecContribution="185062.5" order="6" terminated="false" type="participant">
        <availableLanguages readOnly="true">en</availableLanguages>
        <rcn>1924925</rcn>
        <id>956704308</id>
        <vatNumber>ESA08016081</vatNumber>
        <legalName>TRANSPORTS DE BARCELONA SA</legalName>
        <shortName>TMB</shortName>
        <address>
          <street>Carrer 60 21-23 sector A</street>
          <city>Barcelona</city>
          <postalCode>08040</postalCode>
          <country>ES</country>
          <url>www.tmb.cat</url>
        </address>
        <relations>
          <categories>
            <category classification="organizationActivityType" type="relatedOrganizationActivityType">
              <availableLanguages readOnly="true">de,en,es,fr,it,pl</availableLanguages>
              <code>/PRC</code>
              <title>Private for-profit entities (excluding Higher or Secondary Education Establishments)</title>
            </category>
          </categories>
          <regions>
            <region type="relatedRegion">
              <name>Spain</name>
              <nutsCode>ES</nutsCode>
              <euCode>ES</euCode>
              <isoCode>ES</isoCode>
              <rcn>242387496</rcn>
            </region>
          </regions>
        </relations>
      </organization>
      <organization ecContribution="338625" order="15" terminated="false" type="participant">
        <availableLanguages readOnly="true">en</availableLanguages>
        <rcn>1905616</rcn>
        <id>999987745</id>
        <vatNumber>IT02133771002</vatNumber>
        <legalName>UNIVERSITA DEGLI STUDI DI ROMA LA SAPIENZA</legalName>
        <shortName>UNIROMA1</shortName>
        <address>
          <street>Piazzale Aldo Moro  5</street>
          <city>ROMA</city>
          <postalCode>00185</postalCode>
          <country>IT</country>
          <url>www.uniroma1.it</url>
        </address>
        <departmentName>Dipartimento di Ingegneria informatica</departmentName>
        <departmentName> automatica e gestion</departmentName>
        <relations>
          <categories>
            <category classification="organizationActivityType" type="relatedOrganizationActivityType">
              <availableLanguages readOnly="true">de,en,es,fr,it,pl</availableLanguages>
              <code>/HES</code>
              <title>Higher or Secondary Education Establishments</title>
            </category>
          </categories>
          <regions>
            <region type="relatedRegion">
              <name>Italy</name>
              <nutsCode>IT</nutsCode>
              <euCode>IT</euCode>
              <isoCode>IT</isoCode>
              <rcn>309758504</rcn>
            </region>
          </regions>
        </relations>
      </organization>
      <organization ecContribution="65975" order="31" terminated="false" type="participant">
        <availableLanguages readOnly="true">en</availableLanguages>
        <rcn>1924911</rcn>
        <id>950600680</id>
        <vatNumber>ESF20026944</vatNumber>
        <legalName>IRIZAR S COOP</legalName>
        <shortName>IRIZAR</shortName>
        <address>
          <street>CARRETERA ZUMARRAGA 8</street>
          <city>ORMAIZTEGI GIPUZKOA</city>
          <postalCode>20216</postalCode>
          <country>ES</country>
          <geolocation>43.0487701,-2.2617032</geolocation>
        </address>
        <relations>
          <categories>
            <category classification="organizationActivityType" type="relatedOrganizationActivityType">
              <availableLanguages readOnly="true">de,en,es,fr,it,pl</availableLanguages>
              <code>/PRC</code>
              <title>Private for-profit entities (excluding Higher or Secondary Education Establishments)</title>
            </category>
          </categories>
          <regions>
            <region type="relatedRegion">
              <name>Spain</name>
              <nutsCode>ES</nutsCode>
              <euCode>ES</euCode>
              <isoCode>ES</isoCode>
              <rcn>242387496</rcn>
            </region>
          </regions>
        </relations>
      </organization>
      <organization ecContribution="105375" order="11" terminated="false" type="participant">
        <availableLanguages readOnly="true">en</availableLanguages>
        <rcn>2396846</rcn>
        <id>937619849</id>
        <vatNumber>DE139146189</vatNumber>
        <legalName>BARNIMER BUSGESELLSCHAFT MBH</legalName>
        <shortName>BBG</shortName>
        <address>
          <street>PORATZSTRASSE 68</street>
          <city>EBERSWALDE</city>
          <postalCode>16225</postalCode>
          <country>DE</country>
        </address>
        <relations>
          <categories>
            <category classification="organizationActivityType" type="relatedOrganizationActivityType">
              <availableLanguages readOnly="true">de,en,es,fr,it,pl</availableLanguages>
              <code>/PRC</code>
              <title>Private for-profit entities (excluding Higher or Secondary Education Establishments)</title>
            </category>
          </categories>
          <regions>
            <region type="relatedRegion">
              <name>Germany</name>
              <nutsCode>DE</nutsCode>
              <euCode>DE</euCode>
              <isoCode>DE</isoCode>
              <rcn>221940264</rcn>
            </region>
          </regions>
        </relations>
      </organization>
    <categories>
      <category classification="projectFundingSchemeCategory" type="relatedProjectFundingSchemeCategory">
        <availableLanguages readOnly="true">en</availableLanguages>
        <code>/RIA</code>
        <title>Research and Innovation action</title>
      </category>
    </categories>
