  <rcn>193188</rcn>
  <acronym>AtlantOS</acronym>
  <objective>The overarching objective of AtlantOS is to achieve a transition from a loosely-coordinated set of existing ocean observing activities to a sustainable, efficient, and fit-for-purpose Integrated Atlantic Ocean Observing System (IAOOS), by defining requirements and systems design, improving the readiness of observing networks and data systems, and engaging stakeholders around the Atlantic; and leaving a legacy and strengthened contribution to the Global Ocean Observing System (GOOS) and the Global Earth Observation System of Systems (GEOSS). AtlantOS will fill existing in-situ observing system gaps and will ensure that data are readily accessible and useable. AtlantOS will demonstrate the utility of integrating in-situ and Earth observing satellite based observations towards informing a wide range of sectors using the Copernicus Marine Monitoring Services and the European Marine Observation and Data Network and connect them with similar activities around the Atlantic. AtlantOS will support activities to share, integrate and standardize in-situ observations, reduce the cost by network optimization and deployment of new technologies, and increase the competitiveness of European industries, and particularly of the small and medium enterprises of the marine sector. AtlantOS will promote innovation, documentation and exploitation of innovative observing systems. All AtlantOS work packages will strengthen the trans-Atlantic collaboration, through close interaction with partner institutions from Canada, United States, and the South Atlantic region. AtlantOS will develop a results-oriented dialogue with key stakeholders communities to enable a meaningful exchange between the products and services that IAOOS can deliver and the demands and needs of the stakeholder communities. Finally, AtlantOS will establish a structured dialogue with funding bodies, including the European Commission, USA, Canada and other countries to ensure sustainability and adequate growth of IAOOS.</objective>
  <title>Optimizing and Enhancing the Integrated Atlantic Ocean Observing System</title>
      <organization ecContribution="281250" order="11" terminated="false" type="participant">
        <availableLanguages readOnly="true">en</availableLanguages>
        <rcn>1908083</rcn>
        <id>999548432</id>
        <vatNumber>NO971349077MVA</vatNumber>
        <legalName>HAVFORSKNINGSINSTITUTTET</legalName>
        <shortName>IMR</shortName>
        <address>
          <street>NORDNESGATEN  50</street>
          <city>BERGEN</city>
          <postalCode>5817</postalCode>
          <country>NO</country>
          <postBox>1870</postBox>
          <url>www.imr.no</url>
        </address>
        <relations>
          <categories>
            <category classification="organizationActivityType" type="relatedOrganizationActivityType">
              <availableLanguages readOnly="true">de,en,es,fr,it,pl</availableLanguages>
              <code>/REC</code>
              <title>Research Organisations</title>
            </category>
          </categories>
          <regions>
            <region type="relatedRegion">
              <name>Norway</name>
              <nutsCode>NO</nutsCode>
              <euCode>NO</euCode>
              <isoCode>NO</isoCode>
              <rcn>392333864</rcn>
            </region>
          </regions>
        </relations>
      </organization>
      <organization ecContribution="465437.5" order="7" terminated="false" type="participant">
        <availableLanguages readOnly="true">en</availableLanguages>
        <rcn>1907413</rcn>
        <id>999986193</id>
        <vatNumber>FR12197517220</vatNumber>
        <legalName>UNIVERSITE PIERRE ET MARIE CURIE - PARIS 6</legalName>
        <shortName>UPMC</shortName>
        <address>
          <street>Place Jussieu 4</street>
          <city>PARIS</city>
          <postalCode>75252</postalCode>
          <country>FR</country>
          <postBox>N/A</postBox>
          <url>www.upmc.fr</url>
        </address>
        <departmentName>Laboratoire d'Informatique de Paris 6 (LIP6) - NPA</departmentName>
        <relations>
          <categories>
            <category classification="organizationActivityType" type="relatedOrganizationActivityType">
              <availableLanguages readOnly="true">de,en,es,fr,it,pl</availableLanguages>
              <code>/HES</code>
              <title>Higher or Secondary Education Establishments</title>
            </category>
          </categories>
          <regions>
            <region type="relatedRegion">
              <name>France</name>
              <nutsCode>FR</nutsCode>
              <euCode>FR</euCode>
              <isoCode>FR</isoCode>
              <rcn>258902568</rcn>
            </region>
          </regions>
        </relations>
      </organization>
      <organization ecContribution="89375" order="35" terminated="false" type="participant">
        <availableLanguages readOnly="true">en</availableLanguages>
        <rcn>1910573</rcn>
        <id>999474033</id>
        <vatNumber>ESQ2823001I</vatNumber>
        <legalName>INSTITUTO ESPANOL DE OCEANOGRAFIA</legalName>
        <shortName>IEO</shortName>
        <address>
          <street>CORAZON DE MARIA 8</street>
          <city>MADRID</city>
          <postalCode>28002</postalCode>
          <country>ES</country>
          <url>www.ieo.es</url>
        </address>
        <relations>
          <categories>
            <category classification="organizationActivityType" type="relatedOrganizationActivityType">
              <availableLanguages readOnly="true">de,en,es,fr,it,pl</availableLanguages>
              <code>/REC</code>
              <title>Research Organisations</title>
            </category>
          </categories>
          <regions>
            <region type="relatedRegion">
              <name>Spain</name>
              <nutsCode>ES</nutsCode>
              <euCode>ES</euCode>
              <isoCode>ES</isoCode>
              <rcn>242387496</rcn>
            </region>
          </regions>
        </relations>
      </organization>
      <organization ecContribution="314625" order="24" terminated="false" type="participant">
        <availableLanguages readOnly="true">en</availableLanguages>
        <rcn>1906872</rcn>
        <id>999864555</id>
        <vatNumber>GB142047795</vatNumber>
        <legalName>THE UNIVERSITY OF EXETER</legalName>
        <shortName>UNEXE</shortName>
        <address>
          <street>THE QUEEN S DRIVE NORTHCOTE HOUSE</street>
          <city>EXETER</city>
          <postalCode>EX4 4QJ</postalCode>
          <country>UK</country>
          <postBox>N/A</postBox>
          <url>http://www.exeter.ac.uk/</url>
        </address>
        <departmentName>Research &amp; Knowledge Transfer</departmentName>
        <relations>
          <categories>
            <category classification="organizationActivityType" type="relatedOrganizationActivityType">
              <availableLanguages readOnly="true">de,en,es,fr,it,pl</availableLanguages>
              <code>/HES</code>
              <title>Higher or Secondary Education Establishments</title>
            </category>
          </categories>
          <regions>
            <region type="relatedRegion">
              <name>United Kingdom</name>
              <nutsCode>UK</nutsCode>
              <euCode>UK</euCode>
              <isoCode>GB</isoCode>
              <rcn>508725800</rcn>
            </region>
          </regions>
        </relations>
      </organization>
      <organization ecContribution="150000" order="55" terminated="false" type="participant">
        <availableLanguages readOnly="true">en</availableLanguages>
        <rcn>1916494</rcn>
        <id>987598032</id>
        <vatNumber>GB927918972</vatNumber>
        <legalName>BLUE LOBSTER IT LIMITED</legalName>
        <shortName>BLIT</shortName>
        <address>
          <street>MYNACHLOG</street>
          <city>TYN Y GONGL</city>
          <postalCode>LL74 8SG</postalCode>
          <country>UK</country>
          <postBox>000</postBox>
          <url>www.bluelobster.co.uk</url>
        </address>
        <relations>
          <categories>
            <category classification="organizationActivityType" type="relatedOrganizationActivityType">
              <availableLanguages readOnly="true">de,en,es,fr,it,pl</availableLanguages>
              <code>/PRC</code>
              <title>Private for-profit entities (excluding Higher or Secondary Education Establishments)</title>
            </category>
          </categories>
          <regions>
            <region type="relatedRegion">
              <name>United Kingdom</name>
              <nutsCode>UK</nutsCode>
              <euCode>UK</euCode>
              <isoCode>GB</isoCode>
              <rcn>508725800</rcn>
            </region>
          </regions>
        </relations>
      </organization>
      <organization ecContribution="274181.25" order="47" terminated="false" type="participant">
        <availableLanguages readOnly="true">en</availableLanguages>
        <rcn>1910204</rcn>
        <id>986546746</id>
        <legalName>Ribocon GmbH</legalName>
        <shortName>RIBOCON</shortName>
        <address>
          <street>Fahrenheitstrasse 1</street>
          <city>Bremen</city>
          <postalCode>28359</postalCode>
          <country>DE</country>
          <url>www.ribocon.com</url>
        </address>
        <relations>
          <categories>
            <category classification="organizationActivityType" type="relatedOrganizationActivityType">
              <availableLanguages readOnly="true">de,en,es,fr,it,pl</availableLanguages>
              <code>/PRC</code>
              <title>Private for-profit entities (excluding Higher or Secondary Education Establishments)</title>
            </category>
          </categories>
          <regions>
            <region type="relatedRegion">
              <name>Germany</name>
              <nutsCode>DE</nutsCode>
              <euCode>DE</euCode>
              <isoCode>DE</isoCode>
              <rcn>221940264</rcn>
            </region>
          </regions>
        </relations>
      </organization>
      <organization ecContribution="387875" order="41" terminated="false" type="participant">
        <availableLanguages readOnly="true">en</availableLanguages>
        <rcn>2466386</rcn>
        <id>950397271</id>
        <legalName>EUROGOOS</legalName>
        <shortName>EuroGOOS AISBL</shortName>
        <address>
          <street>AVENUE LOUISE 231</street>
          <city>BRUXELLES</city>
          <postalCode>1050</postalCode>
          <country>BE</country>
        </address>
        <relations>
          <categories>
            <category classification="organizationActivityType" type="relatedOrganizationActivityType">
              <availableLanguages readOnly="true">de,en,es,fr,it,pl</availableLanguages>
              <code>/OTH</code>
              <title>Other</title>
            </category>
          </categories>
          <regions>
            <region type="relatedRegion">
              <name>Belgium</name>
              <nutsCode>BE</nutsCode>
              <euCode>BE</euCode>
              <isoCode>BE</isoCode>
              <rcn>188385832</rcn>
            </region>
          </regions>
        </relations>
      </organization>
      <organization ecContribution="287485" order="45" terminated="false" type="participant">
        <availableLanguages readOnly="true">en</availableLanguages>
        <rcn>1919465</rcn>
        <id>952856803</id>
        <vatNumber>GB111555352</vatNumber>
        <legalName>SEASCAPE CONSULTANTS LTD</legalName>
        <shortName>SEASCAPE</shortName>
        <address>
          <street>BELBINS VALLEY BELBINS</street>
          <city>ROMSEY HAMPSHIRE</city>
          <postalCode>SO51 0PE</postalCode>
          <country>UK</country>
          <url>www.seascapeconsultants.co.uk</url>
        </address>
        <relations>
          <categories>
            <category classification="organizationActivityType" type="relatedOrganizationActivityType">
              <availableLanguages readOnly="true">de,en,es,fr,it,pl</availableLanguages>
              <code>/PRC</code>
              <title>Private for-profit entities (excluding Higher or Secondary Education Establishments)</title>
            </category>
          </categories>
          <regions>
            <region type="relatedRegion">
              <name>United Kingdom</name>
              <nutsCode>UK</nutsCode>
              <euCode>UK</euCode>
              <isoCode>GB</isoCode>
              <rcn>508725800</rcn>
            </region>
          </regions>
        </relations>
      </organization>
      <organization ecContribution="0" order="60" terminated="false" type="participant">
        <availableLanguages readOnly="true">en</availableLanguages>
        <rcn>1943371</rcn>
        <id>999817025</id>
        <legalName>MINISTERIO DA CIENCIA E TECNOLOGIA</legalName>
        <shortName>MCTI</shortName>
        <address>
          <street>ESPLANADA DOS MINISTERIOS, BLOCO E, SALA 487</street>
          <city>BRASILIA</city>
          <postalCode>70067-900</postalCode>
          <country>BR</country>
          <url>www.mct.gov.br</url>
        </address>
        <departmentName>Directorate</departmentName>
        <relations>
          <categories>
            <category classification="organizationActivityType" type="relatedOrganizationActivityType">
              <availableLanguages readOnly="true">de,en,es,fr,it,pl</availableLanguages>
              <code>/PUB</code>
              <title>Public bodies (excluding Research Organisations and Secondary or Higher Education Establishments)</title>
            </category>
          </categories>
          <regions>
            <region type="relatedRegion">
              <name>Brazil</name>
              <nutsCode>BR</nutsCode>
              <euCode>BR</euCode>
              <isoCode>BR</isoCode>
              <rcn>191793704</rcn>
            </region>
          </regions>
        </relations>
      </organization>
      <organization ecContribution="203750" order="23" terminated="false" type="participant">
        <availableLanguages readOnly="true">en</availableLanguages>
        <rcn>1916704</rcn>
        <id>999823427</id>
        <vatNumber>FO328871</vatNumber>
        <legalName>HAVSTOVAN</legalName>
        <shortName>HAV</shortName>
        <address>
          <street>NOATUN 1</street>
          <city>TORSHAVN</city>
          <postalCode>FO110</postalCode>
          <country>FO</country>
          <postBox>3051</postBox>
          <url>www.frs.fo</url>
        </address>
        <relations>
          <categories>
            <category classification="organizationActivityType" type="relatedOrganizationActivityType">
              <availableLanguages readOnly="true">de,en,es,fr,it,pl</availableLanguages>
              <code>/PUB</code>
              <title>Public bodies (excluding Research Organisations and Secondary or Higher Education Establishments)</title>
            </category>
          </categories>
          <regions>
            <region type="relatedRegion">
              <name>Faeroe Islands</name>
              <nutsCode>FO</nutsCode>
              <euCode>FO</euCode>
              <isoCode>FO</isoCode>
              <rcn>258116136</rcn>
            </region>
          </regions>
        </relations>
      </organization>
      <organization ecContribution="127250" order="43" terminated="false" type="participant">
        <availableLanguages readOnly="true">en</availableLanguages>
        <rcn>1907105</rcn>
        <id>999484024</id>
        <vatNumber>GB927105830</vatNumber>
        <legalName>PLYMOUTH MARINE LABORATORY</legalName>
        <shortName>PML</shortName>
        <address>
          <street>Prospect Place, The Hoe</street>
          <city>PLYMOUTH</city>
          <postalCode>PL1 3DH</postalCode>
          <country>UK</country>
          <url>http://www.pml.ac.uk/</url>
        </address>
        <departmentName>Plymouth Marine Laboratory</departmentName>
        <relations>
          <categories>
            <category classification="organizationActivityType" type="relatedOrganizationActivityType">
              <availableLanguages readOnly="true">de,en,es,fr,it,pl</availableLanguages>
              <code>/REC</code>
              <title>Research Organisations</title>
            </category>
          </categories>
          <regions>
            <region type="relatedRegion">
              <name>United Kingdom</name>
              <nutsCode>UK</nutsCode>
              <euCode>UK</euCode>
              <isoCode>GB</isoCode>
              <rcn>508725800</rcn>
            </region>
          </regions>
        </relations>
      </organization>
      <organization ecContribution="234560" order="18" terminated="false" type="participant">
        <availableLanguages readOnly="true">en</availableLanguages>
        <rcn>1909740</rcn>
        <id>999738843</id>
        <vatNumber>GB828957961</vatNumber>
        <legalName>THE SCOTTISH ASSOCIATION FOR MARINESCIENCE LBG</legalName>
        <shortName>SAMS</shortName>
        <address>
          <street>SCOTTISH MARINE INSTITUTE</street>
          <city>DUNBEG OBAN</city>
          <postalCode>PA37 1QA</postalCode>
          <country>DK</country>
          <postBox>000</postBox>
          <url>www.sams.ac.uk</url>
        </address>
        <relations>
          <categories>
            <category classification="organizationActivityType" type="relatedOrganizationActivityType">
              <availableLanguages readOnly="true">de,en,es,fr,it,pl</availableLanguages>
              <code>/REC</code>
              <title>Research Organisations</title>
            </category>
          </categories>
          <regions>
            <region type="relatedRegion">
              <name>Denmark</name>
              <nutsCode>DK</nutsCode>
              <euCode>DK</euCode>
              <isoCode>DK</isoCode>
              <rcn>223513128</rcn>
            </region>
          </regions>
        </relations>
      </organization>
      <organization ecContribution="87500" order="5" terminated="false" type="participant">
        <availableLanguages readOnly="true">en</availableLanguages>
        <rcn>1916379</rcn>
        <id>999509438</id>
        <vatNumber>DK18159104</vatNumber>
        <legalName>DANMARKS METEOROLOGISKE INSTITUT</legalName>
        <shortName>DMI</shortName>
        <address>
          <street>Lyngbyvej 100</street>
          <city>KOBENHAVN</city>
          <postalCode>2100</postalCode>
          <country>DK</country>
          <url>www.dmi.dk</url>
        </address>
        <relations>
          <categories>
            <category classification="organizationActivityType" type="relatedOrganizationActivityType">
              <availableLanguages readOnly="true">de,en,es,fr,it,pl</availableLanguages>
              <code>/REC</code>
              <title>Research Organisations</title>
            </category>
          </categories>
          <regions>
            <region type="relatedRegion">
              <name>Denmark</name>
              <nutsCode>DK</nutsCode>
              <euCode>DK</euCode>
              <isoCode>DK</isoCode>
              <rcn>223513128</rcn>
            </region>
          </regions>
        </relations>
      </organization>
      <organization ecContribution="728066.25" order="39" terminated="false" type="participant">
        <availableLanguages readOnly="true">en</availableLanguages>
        <rcn>1911186</rcn>
        <id>999454245</id>
        <legalName>UNITED NATIONS EDUCATIONAL, SCIENTIFIC AND CULTURAL ORGANIZATION -UNESCO</legalName>
        <shortName>UNESCO</shortName>
        <address>
          <street>PLACE DE FONTENOY 7</street>
          <city>PARIS</city>
          <postalCode>75352</postalCode>
          <country>FR</country>
          <url>www.unesco.org</url>
        </address>
        <departmentName>UNESCO-IHE Institute for Water Education</departmentName>
        <relations>
          <categories>
            <category classification="organizationActivityType" type="relatedOrganizationActivityType">
              <availableLanguages readOnly="true">de,en,es,fr,it,pl</availableLanguages>
              <code>/REC</code>
              <title>Research Organisations</title>
            </category>
          </categories>
          <regions>
            <region type="relatedRegion">
              <name>France</name>
              <nutsCode>FR</nutsCode>
              <euCode>FR</euCode>
              <isoCode>FR</isoCode>
              <rcn>258902568</rcn>
            </region>
          </regions>
        </relations>
      </organization>
      <organization ecContribution="888228.5" order="40" terminated="false" type="participant">
        <availableLanguages readOnly="true">en</availableLanguages>
        <rcn>2481070</rcn>
        <id>949128026</id>
        <legalName>EURO-ARGO ERIC</legalName>
        <shortName>Euro-Argo ERIC</shortName>
        <address>
          <street>ZI DE LA POINTE DU DIABLE TECHNOPOLE BREST IROISE</street>
          <city>PLOUZANE</city>
          <postalCode>29280</postalCode>
          <country>FR</country>
        </address>
        <relations>
          <categories>
            <category classification="organizationActivityType" type="relatedOrganizationActivityType">
              <availableLanguages readOnly="true">de,en,es,fr,it,pl</availableLanguages>
              <code>/REC</code>
              <title>Research Organisations</title>
            </category>
          </categories>
          <regions>
            <region type="relatedRegion">
              <name>France</name>
              <nutsCode>FR</nutsCode>
              <euCode>FR</euCode>
              <isoCode>FR</isoCode>
              <rcn>258902568</rcn>
            </region>
          </regions>
        </relations>
      </organization>
      <organization ecContribution="104869.25" order="31" terminated="false" type="participant">
        <availableLanguages readOnly="true">en</availableLanguages>
        <rcn>2106895</rcn>
        <id>998055505</id>
        <legalName>IEEE FRANCE SECTION</legalName>
        <shortName>IEEE</shortName>
        <address>
          <street>RUE DE LA TOUR 14</street>
          <city>PARIS</city>
          <postalCode>75016</postalCode>
          <country>FR</country>
          <url>www.ieee.org</url>
        </address>
        <relations>
          <categories>
            <category classification="organizationActivityType" type="relatedOrganizationActivityType">
              <availableLanguages readOnly="true">de,en,es,fr,it,pl</availableLanguages>
              <code>/OTH</code>
              <title>Other</title>
            </category>
          </categories>
          <associations>
            <person type="relatedContact">
              <availableLanguages readOnly="true">en</availableLanguages>
              <rcn>3326236</rcn>
              <title>Mrs.</title>
              <firstNames>Christine</firstNames>
              <lastName>Nora</lastName>
              <address>
                <telephoneNumber>+33 1 45 25 75 66</telephoneNumber>
                <email encrypted="true">sqsCtiE69jGDefp7AQyLkg==</email>
              </address>
            </person>
          </associations>
          <regions>
            <region type="relatedRegion">
              <name>France</name>
              <nutsCode>FR</nutsCode>
              <euCode>FR</euCode>
              <isoCode>FR</isoCode>
              <rcn>258902568</rcn>
            </region>
          </regions>
        </relations>
      </organization>
      <organization ecContribution="0" order="58" terminated="false" type="participant">
        <availableLanguages readOnly="true">en</availableLanguages>
        <rcn>1910240</rcn>
        <id>998539535</id>
        <legalName>DALHOUSIE UNIVERSITY</legalName>
        <shortName>DAL</shortName>
        <address>
          <street>SOUTH STREET 6299 SUITE 231</street>
          <city>HALIFAX</city>
          <postalCode>B3H 4R2</postalCode>
          <country>CA</country>
          <postBox>15000</postBox>
          <url>www.dal.ca</url>
        </address>
        <relations>
          <categories>
            <category classification="organizationActivityType" type="relatedOrganizationActivityType">
              <availableLanguages readOnly="true">de,en,es,fr,it,pl</availableLanguages>
              <code>/HES</code>
              <title>Higher or Secondary Education Establishments</title>
            </category>
          </categories>
          <regions>
            <region type="relatedRegion">
              <name>Canada</name>
              <nutsCode>CA</nutsCode>
              <euCode>CA</euCode>
              <isoCode>CA</isoCode>
              <rcn>204114472</rcn>
            </region>
          </regions>
        </relations>
      </organization>
      <organization ecContribution="502231.25" order="15" terminated="false" type="participant">
        <availableLanguages readOnly="true">en</availableLanguages>
        <rcn>1909474</rcn>
        <id>974644458</id>
        <vatNumber>ESQ3500385D</vatNumber>
        <legalName>CONSORCIO PARA EL DISENO, CONSTRUCCION, EQUIPAMIENTO Y EXPLOTACION DE LA PLATAFORMA OCEANICA DE CANARIAS</legalName>
        <shortName>PLOCAN</shortName>
        <address>
          <street>CARRETERA DE TALIARTE</street>
          <city>TELDE</city>
          <postalCode>35200</postalCode>
          <country>ES</country>
          <postBox>413</postBox>
          <url>www.plocan.eu</url>
        </address>
        <departmentName>Innovation</departmentName>
        <relations>
          <categories>
            <category classification="organizationActivityType" type="relatedOrganizationActivityType">
              <availableLanguages readOnly="true">de,en,es,fr,it,pl</availableLanguages>
              <code>/PUB</code>
              <title>Public bodies (excluding Research Organisations and Secondary or Higher Education Establishments)</title>
            </category>
          </categories>
          <regions>
            <region type="relatedRegion">
              <name>Spain</name>
              <nutsCode>ES</nutsCode>
              <euCode>ES</euCode>
              <isoCode>ES</isoCode>
              <rcn>242387496</rcn>
            </region>
          </regions>
        </relations>
      </organization>
      <organization ecContribution="45000" order="20" terminated="false" type="participant">
        <availableLanguages readOnly="true">en</availableLanguages>
        <rcn>1910232</rcn>
        <id>999479077</id>
        <vatNumber>NL002966384B01</vatNumber>
        <legalName>STICHTING NIOZ, KONINKLIJK NEDERLANDS INSTITUUT VOOR ONDERZOEK DER ZEE</legalName>
        <shortName>NIOZ</shortName>
        <address>
          <street>LANDSDIEP 4</street>
          <city>DEN HOORN TEXEL</city>
          <postalCode>1797 SZ</postalCode>
          <country>NL</country>
          <postBox>000</postBox>
          <url>www.nioz.nl</url>
        </address>
        <relations>
          <categories>
            <category classification="organizationActivityType" type="relatedOrganizationActivityType">
              <availableLanguages readOnly="true">de,en,es,fr,it,pl</availableLanguages>
              <code>/REC</code>
              <title>Research Organisations</title>
            </category>
          </categories>
          <regions>
            <region type="relatedRegion">
              <name>Netherlands</name>
              <nutsCode>NL</nutsCode>
              <euCode>NL</euCode>
              <isoCode>NL</isoCode>
              <rcn>391547432</rcn>
            </region>
          </regions>
        </relations>
      </organization>
      <organization ecContribution="0" order="46" terminated="true" type="participant">
        <availableLanguages readOnly="true">en</availableLanguages>
        <rcn>2481076</rcn>
        <id>951432067</id>
        <legalName>Bruncin</legalName>
        <shortName>Bruncin</shortName>
        <address>
          <street>LASTOVSKA 4</street>
          <city>ZAGREB</city>
          <postalCode>10000</postalCode>
          <country>HR</country>
          <url>www.bruncin.com</url>
        </address>
        <relations>
          <categories>
            <category classification="organizationActivityType" type="relatedOrganizationActivityType">
              <availableLanguages readOnly="true">de,en,es,fr,it,pl</availableLanguages>
              <code>/PRC</code>
              <title>Private for-profit entities (excluding Higher or Secondary Education Establishments)</title>
            </category>
          </categories>
          <regions>
            <region type="relatedRegion">
              <name>Croatia</name>
              <nutsCode>HR</nutsCode>
              <euCode>HR</euCode>
              <isoCode>HR</isoCode>
              <rcn>292457000</rcn>
            </region>
          </regions>
        </relations>
      </organization>
      <organization ecContribution="68750" order="46" terminated="false" type="participant">
        <availableLanguages readOnly="true">en</availableLanguages>
        <rcn>2565406</rcn>
        <id>918928046</id>
        <legalName>BRUNCIN D.O.O. ZA USLUGE</legalName>
        <shortName>Bruncin</shortName>
        <address>
          <street>LASTOVSKA 4</street>
          <city>ZAGREB</city>
          <postalCode>10000</postalCode>
          <country>HR</country>
          <url>www.bruncin.com</url>
        </address>
        <relations>
          <categories>
            <category classification="organizationActivityType" type="relatedOrganizationActivityType">
              <availableLanguages readOnly="true">de,en,es,fr,it,pl</availableLanguages>
              <code>/PRC</code>
              <title>Private for-profit entities (excluding Higher or Secondary Education Establishments)</title>
            </category>
          </categories>
          <regions>
            <region type="relatedRegion">
              <name>Croatia</name>
              <nutsCode>HR</nutsCode>
              <euCode>HR</euCode>
              <isoCode>HR</isoCode>
              <rcn>292457000</rcn>
            </region>
          </regions>
        </relations>
      </organization>
      <organization ecContribution="75278.75" order="32" terminated="false" type="participant">
        <availableLanguages readOnly="true">en</availableLanguages>
        <rcn>1908434</rcn>
        <id>999987939</id>
        <legalName>FONDATION EUROPEENNE DE LA SCIENCE</legalName>
        <shortName>ESF</shortName>
        <address>
          <street>QUAI LEZAY MARNESIA 1</street>
          <city>STRASBOURG CEDEX</city>
          <postalCode>67080</postalCode>
          <country>FR</country>
          <url>www.esf.org</url>
        </address>
        <departmentName>DAF</departmentName>
        <relations>
          <categories>
            <category classification="organizationActivityType" type="relatedOrganizationActivityType">
              <availableLanguages readOnly="true">de,en,es,fr,it,pl</availableLanguages>
              <code>/OTH</code>
              <title>Other</title>
            </category>
          </categories>
          <regions>
            <region type="relatedRegion">
              <name>France</name>
              <nutsCode>FR</nutsCode>
              <euCode>FR</euCode>
              <isoCode>FR</isoCode>
              <rcn>258902568</rcn>
            </region>
          </regions>
        </relations>
      </organization>
      <organization ecContribution="115000" order="57" terminated="false" type="participant">
        <availableLanguages readOnly="true">en</availableLanguages>
        <rcn>1905552</rcn>
        <id>999990267</id>
        <vatNumber>DE129517720</vatNumber>
        <legalName>MAX-PLANCK-GESELLSCHAFT ZUR FORDERUNG DER WISSENSCHAFTEN EV</legalName>
        <shortName>MPG</shortName>
        <address>
          <street>HOFGARTENSTRASSE 8</street>
          <city>MUENCHEN</city>
          <postalCode>80539</postalCode>
          <country>DE</country>
          <postBox>000</postBox>
          <url>www.mpg.de</url>
        </address>
        <departmentName>Max Planck Institute for Psycholinguistics</departmentName>
        <relations>
          <categories>
            <category classification="organizationActivityType" type="relatedOrganizationActivityType">
              <availableLanguages readOnly="true">de,en,es,fr,it,pl</availableLanguages>
              <code>/REC</code>
              <title>Research Organisations</title>
            </category>
          </categories>
          <regions>
            <region type="relatedRegion">
              <name>Germany</name>
              <nutsCode>DE</nutsCode>
              <euCode>DE</euCode>
              <isoCode>DE</isoCode>
              <rcn>221940264</rcn>
            </region>
          </regions>
        </relations>
      </organization>
      <organization ecContribution="404226.25" order="21" terminated="false" type="participant">
        <availableLanguages readOnly="true">en</availableLanguages>
        <rcn>1906951</rcn>
        <id>999892685</id>
        <vatNumber>GB888805362</vatNumber>
        <legalName>MET OFFICE</legalName>
        <shortName>MET OFFICE</shortName>
        <address>
          <street>FitzRoy Road</street>
          <city>EXETER</city>
          <postalCode>EX1 3PB</postalCode>
          <country>UK</country>
          <url>www.metoffice.gov.uk</url>
        </address>
        <departmentName>Met Office</departmentName>
        <relations>
          <categories>
            <category classification="organizationActivityType" type="relatedOrganizationActivityType">
              <availableLanguages readOnly="true">de,en,es,fr,it,pl</availableLanguages>
              <code>/PUB</code>
              <title>Public bodies (excluding Research Organisations and Secondary or Higher Education Establishments)</title>
            </category>
          </categories>
          <regions>
            <region type="relatedRegion">
              <name>United Kingdom</name>
              <nutsCode>UK</nutsCode>
              <euCode>UK</euCode>
              <isoCode>GB</isoCode>
              <rcn>508725800</rcn>
            </region>
          </regions>
        </relations>
      </organization>
      <organization ecContribution="540515" order="16" terminated="false" type="participant">
        <availableLanguages readOnly="true">en</availableLanguages>
        <rcn>1911241</rcn>
        <id>999477234</id>
        <legalName>SIR ALISTER HARDY FOUNDATION FOR OCEAN SCIENCE</legalName>
        <shortName>SAHFOS</shortName>
        <address>
          <street>THE LABORATORY CITADEL HILL THE HOE PLYMOUTH</street>
          <city>PLYMOUTH</city>
          <postalCode>PL1 2PB</postalCode>
          <country>UK</country>
          <url>www.sahfos.org</url>
        </address>
        <relations>
          <categories>
            <category classification="organizationActivityType" type="relatedOrganizationActivityType">
              <availableLanguages readOnly="true">de,en,es,fr,it,pl</availableLanguages>
              <code>/REC</code>
              <title>Research Organisations</title>
            </category>
          </categories>
          <regions>
            <region type="relatedRegion">
              <name>United Kingdom</name>
              <nutsCode>UK</nutsCode>
              <euCode>UK</euCode>
              <isoCode>GB</isoCode>
              <rcn>508725800</rcn>
            </region>
          </regions>
        </relations>
      </organization>
      <organization ecContribution="22375" order="33" terminated="false" type="participant">
        <availableLanguages readOnly="true">en</availableLanguages>
        <rcn>1906905</rcn>
        <id>999854661</id>
        <vatNumber>GB168287859</vatNumber>
        <legalName>UNIVERSITY OF PLYMOUTH</legalName>
        <shortName>UOP</shortName>
        <address>
          <street>DRAKE CIRCUS</street>
          <city>PLYMOUTH</city>
          <postalCode>PL4 8AA</postalCode>
          <country>UK</country>
          <url>www.plymouth.ac.uk</url>
        </address>
        <departmentName>Research and Enterprise</departmentName>
        <relations>
          <categories>
            <category classification="organizationActivityType" type="relatedOrganizationActivityType">
              <availableLanguages readOnly="true">de,en,es,fr,it,pl</availableLanguages>
              <code>/HES</code>
              <title>Higher or Secondary Education Establishments</title>
            </category>
          </categories>
          <regions>
            <region type="relatedRegion">
              <name>United Kingdom</name>
              <nutsCode>UK</nutsCode>
              <euCode>UK</euCode>
              <isoCode>GB</isoCode>
              <rcn>508725800</rcn>
            </region>
          </regions>
        </relations>
      </organization>
      <organization ecContribution="328375" order="3" terminated="false" type="participant">
        <availableLanguages readOnly="true">en</availableLanguages>
        <rcn>1908429</rcn>
        <id>999522824</id>
        <vatNumber>IE6600338L</vatNumber>
        <legalName>MARINE INSTITUTE</legalName>
        <shortName>MI</shortName>
        <address>
          <street>Rinville, Oranmore</street>
          <city>GALWAY</city>
          <postalCode>-</postalCode>
          <country>IE</country>
          <url>www.marine.ie</url>
        </address>
        <departmentName>Corporate Services</departmentName>
        <relations>
          <categories>
            <category classification="organizationActivityType" type="relatedOrganizationActivityType">
              <availableLanguages readOnly="true">de,en,es,fr,it,pl</availableLanguages>
              <code>/REC</code>
              <title>Research Organisations</title>
            </category>
          </categories>
          <regions>
            <region type="relatedRegion">
              <name>Ireland</name>
              <nutsCode>IE</nutsCode>
              <euCode>IE</euCode>
              <isoCode>IE</isoCode>
              <rcn>305826344</rcn>
            </region>
          </regions>
        </relations>
      </organization>
      <organization ecContribution="173750" order="13" terminated="false" type="participant">
        <availableLanguages readOnly="true">en</availableLanguages>
        <rcn>1905575</rcn>
        <id>999991722</id>
        <vatNumber>ESQ2818002D</vatNumber>
        <legalName>AGENCIA ESTATAL CONSEJO SUPERIOR DEINVESTIGACIONES CIENTIFICAS</legalName>
        <shortName>CSIC</shortName>
        <address>
          <street>CALLE SERRANO 117</street>
          <city>MADRID</city>
          <postalCode>28006</postalCode>
          <country>ES</country>
          <postBox>000</postBox>
          <url>http://www.csic.es</url>
        </address>
        <departmentName>Deputy Vice-Presidency for Programming</departmentName>
        <relations>
          <categories>
            <category classification="organizationActivityType" type="relatedOrganizationActivityType">
              <availableLanguages readOnly="true">de,en,es,fr,it,pl</availableLanguages>
              <code>/REC</code>
              <title>Research Organisations</title>
            </category>
          </categories>
          <regions>
            <region type="relatedRegion">
              <name>Spain</name>
              <nutsCode>ES</nutsCode>
              <euCode>ES</euCode>
              <isoCode>ES</isoCode>
              <rcn>242387496</rcn>
            </region>
          </regions>
        </relations>
      </organization>
      <organization ecContribution="460443.75" order="22" terminated="false" type="participant">
        <availableLanguages readOnly="true">en</availableLanguages>
        <rcn>1909742</rcn>
        <id>999497507</id>
        <vatNumber>DE114707273</vatNumber>
        <legalName>ALFRED-WEGENER-INSTITUT HELMHOLTZ-ZENTRUM FUR POLAR- UND MEERESFORSCHUNG</legalName>
        <shortName>AWI</shortName>
        <address>
          <street>AM HANDELSHAFEN 12</street>
          <city>BREMERHAVEN</city>
          <postalCode>27570</postalCode>
          <country>DE</country>
          <postBox>000</postBox>
          <url>www.awi.de</url>
        </address>
        <departmentName>EU Research Office</departmentName>
        <relations>
          <categories>
            <category classification="organizationActivityType" type="relatedOrganizationActivityType">
              <availableLanguages readOnly="true">de,en,es,fr,it,pl</availableLanguages>
              <code>/REC</code>
              <title>Research Organisations</title>
            </category>
          </categories>
          <regions>
            <region type="relatedRegion">
              <name>Germany</name>
              <nutsCode>DE</nutsCode>
              <euCode>DE</euCode>
              <isoCode>DE</isoCode>
              <rcn>221940264</rcn>
            </region>
          </regions>
        </relations>
      </organization>
      <organization ecContribution="0" order="59" terminated="false" type="participant">
        <availableLanguages readOnly="true">en</availableLanguages>
        <rcn>2481089</rcn>
        <id>947660901</id>
        <vatNumber>CA830606901</vatNumber>
        <legalName>MEOPAR INCORPORATED</legalName>
        <shortName>MEOPAR</shortName>
        <address>
          <street>1355 OXFORD STREET SUITE 2-41</street>
          <city>HALIFAX NOVA SCOTIA</city>
          <postalCode>B3H 4J1</postalCode>
          <country>CA</country>
        </address>
        <relations>
          <categories>
            <category classification="organizationActivityType" type="relatedOrganizationActivityType">
              <availableLanguages readOnly="true">de,en,es,fr,it,pl</availableLanguages>
              <code>/OTH</code>
              <title>Other</title>
            </category>
          </categories>
          <regions>
            <region type="relatedRegion">
              <name>Canada</name>
              <nutsCode>CA</nutsCode>
              <euCode>CA</euCode>
              <isoCode>CA</isoCode>
              <rcn>204114472</rcn>
            </region>
          </regions>
        </relations>
      </organization>
      <organization ecContribution="250000" order="19" terminated="false" type="participant">
        <availableLanguages readOnly="true">en</availableLanguages>
        <rcn>1908089</rcn>
        <id>999451529</id>
        <vatNumber>PT502776463</vatNumber>
        <legalName>IMAR- INSTITUTO DO MAR</legalName>
        <shortName>IMAR-UAz</shortName>
        <address>
          <street>RUA PROF DR FREDERICO MACHADO 4 DEPARTAMENTO DE OCEANOGRAFIA E PESCAS UNIV DOS ACORES</street>
          <city>HORTA</city>
          <postalCode>9900 138</postalCode>
          <country>PT</country>
          <url>www.imar.pt</url>
        </address>
        <departmentName>IMAR center at the Azores University</departmentName>
        <relations>
          <categories>
            <category classification="organizationActivityType" type="relatedOrganizationActivityType">
              <availableLanguages readOnly="true">de,en,es,fr,it,pl</availableLanguages>
              <code>/REC</code>
              <title>Research Organisations</title>
            </category>
          </categories>
          <regions>
            <region type="relatedRegion">
              <name>Portugal</name>
              <nutsCode>PT</nutsCode>
              <euCode>PT</euCode>
              <isoCode>PT</isoCode>
              <rcn>427199016</rcn>
            </region>
          </regions>
        </relations>
      </organization>
      <organization ecContribution="239375" order="8" terminated="false" type="participant">
        <availableLanguages readOnly="true">en</availableLanguages>
        <rcn>1931850</rcn>
        <id>997629190</id>
        <legalName>INTERNATIONAL COUNCIL FOR THE EXPLORATION OF THE SEA</legalName>
        <shortName>ICES</shortName>
        <address>
          <street>H C ANDERSENS BOULEVARD 44-46</street>
          <city>KOBENHAVN V</city>
          <postalCode>1553</postalCode>
          <country>DK</country>
        </address>
        <relations>
          <categories>
            <category classification="organizationActivityType" type="relatedOrganizationActivityType">
              <availableLanguages readOnly="true">de,en,es,fr,it,pl</availableLanguages>
              <code>/REC</code>
              <title>Research Organisations</title>
            </category>
          </categories>
          <regions>
            <region type="relatedRegion">
              <name>Denmark</name>
              <nutsCode>DK</nutsCode>
              <euCode>DK</euCode>
              <isoCode>DK</isoCode>
              <rcn>223513128</rcn>
            </region>
          </regions>
        </relations>
      </organization>
      <organization ecContribution="281250" order="4" terminated="false" type="participant">
        <availableLanguages readOnly="true">en</availableLanguages>
        <rcn>1905966</rcn>
        <id>999987454</id>
        <vatNumber>DE811245070</vatNumber>
        <legalName>UNIVERSITAET BREMEN</legalName>
        <shortName>UNI-HB</shortName>
        <address>
          <street>Bibliothekstrasse 1</street>
          <city>BREMEN</city>
          <postalCode>28359</postalCode>
          <country>DE</country>
          <postBox>33 04 40</postBox>
          <url>www.uni-bremen.de</url>
        </address>
        <departmentName>BIBA GmbH</departmentName>
        <relations>
          <categories>
            <category classification="organizationActivityType" type="relatedOrganizationActivityType">
              <availableLanguages readOnly="true">de,en,es,fr,it,pl</availableLanguages>
              <code>/HES</code>
              <title>Higher or Secondary Education Establishments</title>
            </category>
          </categories>
          <regions>
            <region type="relatedRegion">
              <name>Germany</name>
              <nutsCode>DE</nutsCode>
              <euCode>DE</euCode>
              <isoCode>DE</isoCode>
              <rcn>221940264</rcn>
            </region>
          </regions>
        </relations>
      </organization>
      <organization ecContribution="233575" order="10" terminated="false" type="participant">
        <availableLanguages readOnly="true">en</availableLanguages>
        <rcn>1911227</rcn>
        <id>999488971</id>
        <legalName>INSTYTUT OCEANOLOGII POLSKIEJ AKADEMII NAUK</legalName>
        <shortName>IOPAN</shortName>
        <address>
          <street>UL. POWSTANCOW WARSZAWY 55</street>
          <city>SOPOT</city>
          <postalCode>81 712</postalCode>
          <country>PL</country>
          <postBox>000</postBox>
          <url>www.iopan.gda.pl</url>
        </address>
        <relations>
          <categories>
            <category classification="organizationActivityType" type="relatedOrganizationActivityType">
              <availableLanguages readOnly="true">de,en,es,fr,it,pl</availableLanguages>
              <code>/REC</code>
              <title>Research Organisations</title>
            </category>
          </categories>
          <regions>
            <region type="relatedRegion">
              <name>Poland</name>
              <nutsCode>PL</nutsCode>
              <euCode>PL</euCode>
              <isoCode>PL</isoCode>
              <rcn>425101864</rcn>
            </region>
          </regions>
        </relations>
      </organization>
      <organization ecContribution="91581.25" order="51" terminated="false" type="participant">
        <availableLanguages readOnly="true">en</availableLanguages>
        <rcn>1916620</rcn>
        <id>999641940</id>
        <vatNumber>FR81428834113</vatNumber>
        <legalName>ACRI-ST SAS</legalName>
        <shortName>ACRI-ST</shortName>
        <address>
          <street>ROUTE DU PIN MONTARD 260</street>
          <city>SOPHIA-ANTIPOLIS CEDEX</city>
          <postalCode>06904</postalCode>
          <country>FR</country>
          <postBox>234</postBox>
          <url>www.acri-st.fr</url>
        </address>
        <departmentName>ACRI-ST</departmentName>
        <relations>
          <categories>
            <category classification="organizationActivityType" type="relatedOrganizationActivityType">
              <availableLanguages readOnly="true">de,en,es,fr,it,pl</availableLanguages>
              <code>/PRC</code>
              <title>Private for-profit entities (excluding Higher or Secondary Education Establishments)</title>
            </category>
          </categories>
          <regions>
            <region type="relatedRegion">
              <name>France</name>
              <nutsCode>FR</nutsCode>
              <euCode>FR</euCode>
              <isoCode>FR</isoCode>
              <rcn>258902568</rcn>
            </region>
          </regions>
        </relations>
      </organization>
      <organization ecContribution="0" order="62" terminated="false" type="participant">
        <availableLanguages readOnly="true">en</availableLanguages>
        <rcn>1908034</rcn>
        <id>999646693</id>
        <vatNumber>ZA4470114283</vatNumber>
        <legalName>COUNCIL FOR SCIENTIFIC AND INDUSTRIAL RESEARCH</legalName>
        <shortName>CSIR</shortName>
        <address>
          <street>Meiring Naude Road, Brummeria   46</street>
          <city>PRETORIA</city>
          <postalCode>0001</postalCode>
          <country>ZA</country>
          <postBox>395</postBox>
          <url>www.csir.co.za</url>
        </address>
        <departmentName>CSIR Meraka</departmentName>
        <relations>
          <categories>
            <category classification="organizationActivityType" type="relatedOrganizationActivityType">
              <availableLanguages readOnly="true">de,en,es,fr,it,pl</availableLanguages>
              <code>/REC</code>
              <title>Research Organisations</title>
            </category>
          </categories>
          <regions>
            <region type="relatedRegion">
              <name>South Africa</name>
              <nutsCode>ZA</nutsCode>
              <euCode>ZA</euCode>
              <isoCode>ZA</isoCode>
              <rcn>589990440</rcn>
            </region>
          </regions>
        </relations>
      </organization>
      <organization ecContribution="317533.75" order="27" terminated="false" type="participant">
        <availableLanguages readOnly="true">en</availableLanguages>
        <rcn>1909934</rcn>
        <id>998142126</id>
        <vatNumber>FR95338034390</vatNumber>
        <legalName>COLLECTE LOCALISATION SATELLITES SA</legalName>
        <shortName>CLS</shortName>
        <address>
          <street>RUE HERMES  8</street>
          <city>RAMONVILLE ST AGNE</city>
          <postalCode>31520</postalCode>
          <country>FR</country>
          <url>www.cls.fr</url>
        </address>
        <relations>
          <categories>
            <category classification="organizationActivityType" type="relatedOrganizationActivityType">
              <availableLanguages readOnly="true">de,en,es,fr,it,pl</availableLanguages>
              <code>/PRC</code>
              <title>Private for-profit entities (excluding Higher or Secondary Education Establishments)</title>
            </category>
          </categories>
          <regions>
            <region type="relatedRegion">
              <name>France</name>
              <nutsCode>FR</nutsCode>
              <euCode>FR</euCode>
              <isoCode>FR</isoCode>
              <rcn>258902568</rcn>
            </region>
          </regions>
        </relations>
      </organization>
      <organization ecContribution="170000" order="42" terminated="false" type="participant">
        <availableLanguages readOnly="true">en</availableLanguages>
        <rcn>1907843</rcn>
        <id>999916741</id>
        <legalName>EUROPEAN CENTRE FOR MEDIUM-RANGE WEATHER FORECASTS</legalName>
        <shortName>ECMWF</shortName>
        <address>
          <street>SHINFIELD PARK</street>
          <city>READING</city>
          <postalCode>RG2 9AX</postalCode>
          <country>UK</country>
          <postBox>000</postBox>
          <url>www.ecmwf.int</url>
        </address>
        <departmentName>Directorate</departmentName>
        <relations>
          <categories>
            <category classification="organizationActivityType" type="relatedOrganizationActivityType">
              <availableLanguages readOnly="true">de,en,es,fr,it,pl</availableLanguages>
              <code>/REC</code>
              <title>Research Organisations</title>
            </category>
          </categories>
          <regions>
            <region type="relatedRegion">
              <name>United Kingdom</name>
              <nutsCode>UK</nutsCode>
              <euCode>UK</euCode>
              <isoCode>GB</isoCode>
              <rcn>508725800</rcn>
            </region>
          </regions>
        </relations>
      </organization>
      <organization ecContribution="294000" order="17" terminated="false" type="participant">
        <availableLanguages readOnly="true">en</availableLanguages>
        <rcn>1905565</rcn>
        <id>999990655</id>
        <vatNumber>DK30060946</vatNumber>
        <legalName>DANMARKS TEKNISKE UNIVERSITET</legalName>
        <shortName>DTU</shortName>
        <address>
          <street>ANKER ENGELUNDSVEJ 1 BYGNING 101 A</street>
          <city>KGS LYNGBY</city>
          <postalCode>2800</postalCode>
          <country>DK</country>
          <postBox>N/A</postBox>
          <url>www.dtu.dk</url>
        </address>
        <departmentName>Department of Photonics Engineering</departmentName>
        <relations>
          <categories>
            <category classification="organizationActivityType" type="relatedOrganizationActivityType">
              <availableLanguages readOnly="true">de,en,es,fr,it,pl</availableLanguages>
              <code>/HES</code>
              <title>Higher or Secondary Education Establishments</title>
            </category>
          </categories>
          <regions>
            <region type="relatedRegion">
              <name>Denmark</name>
              <nutsCode>DK</nutsCode>
              <euCode>DK</euCode>
              <isoCode>DK</isoCode>
              <rcn>223513128</rcn>
            </region>
          </regions>
        </relations>
      </organization>
      <organization ecContribution="49998.75" order="34" terminated="false" type="participant">
        <availableLanguages readOnly="true">en</availableLanguages>
        <rcn>1907148</rcn>
        <id>999863003</id>
        <vatNumber>PT505387271</vatNumber>
        <legalName>UNIVERSIDADE DO ALGARVE</legalName>
        <shortName>UALG</shortName>
        <address>
          <street>CAMPUS DE PENHA</street>
          <city>FARO</city>
          <postalCode>8005 139</postalCode>
          <country>PT</country>
          <postBox>000</postBox>
          <url>www.ualg.pt</url>
        </address>
        <relations>
          <categories>
            <category classification="organizationActivityType" type="relatedOrganizationActivityType">
              <availableLanguages readOnly="true">de,en,es,fr,it,pl</availableLanguages>
              <code>/HES</code>
              <title>Higher or Secondary Education Establishments</title>
            </category>
          </categories>
          <regions>
            <region type="relatedRegion">
              <name>Portugal</name>
              <nutsCode>PT</nutsCode>
              <euCode>PT</euCode>
              <isoCode>PT</isoCode>
              <rcn>427199016</rcn>
            </region>
          </regions>
        </relations>
      </organization>
      <organization ecContribution="1716240.25" order="36" terminated="false" type="participant">
        <availableLanguages readOnly="true">en</availableLanguages>
        <rcn>1907847</rcn>
        <id>999630300</id>
        <vatNumber>FR46330715368</vatNumber>
        <legalName>INSTITUT FRANCAIS DE RECHERCHE POUR L'EXPLOITATION DE LA MER</legalName>
        <shortName>IFREMER</shortName>
        <address>
          <street>155 rue Jean Jacques Rousseau</street>
          <city>ISSY-LES-MOULINEAUX</city>
          <postalCode>92138</postalCode>
          <country>FR</country>
          <url>http://www.ifremer.fr</url>
        </address>
        <relations>
          <categories>
            <category classification="organizationActivityType" type="relatedOrganizationActivityType">
              <availableLanguages readOnly="true">de,en,es,fr,it,pl</availableLanguages>
              <code>/REC</code>
              <title>Research Organisations</title>
            </category>
          </categories>
          <regions>
            <region type="relatedRegion">
              <name>France</name>
              <nutsCode>FR</nutsCode>
              <euCode>FR</euCode>
              <isoCode>FR</isoCode>
              <rcn>258902568</rcn>
            </region>
          </regions>
        </relations>
      </organization>
      <organization ecContribution="80000" order="49" terminated="false" type="participant">
        <availableLanguages readOnly="true">en</availableLanguages>
        <rcn>1916499</rcn>
        <id>951676701</id>
        <legalName>NKE INSTRUMENTATION SARL</legalName>
        <shortName>nkei</shortName>
        <address>
          <street>RUE GUTENBERG ZI KERANDRE</street>
          <city>HENNEBONT</city>
          <postalCode>56700</postalCode>
          <country>FR</country>
          <url>www.nke-instrumentation.com</url>
        </address>
        <relations>
          <categories>
            <category classification="organizationActivityType" type="relatedOrganizationActivityType">
              <availableLanguages readOnly="true">de,en,es,fr,it,pl</availableLanguages>
              <code>/PRC</code>
              <title>Private for-profit entities (excluding Higher or Secondary Education Establishments)</title>
            </category>
          </categories>
          <associations>
            <person type="relatedContact">
              <availableLanguages readOnly="true">en</availableLanguages>
              <rcn>3326242</rcn>
              <title>Mrs.</title>
              <firstNames>Nathalie</firstNames>
              <lastName>Le Bris</lastName>
              <address>
                <telephoneNumber>+33 0 2 97 36 11 81</telephoneNumber>
                <faxNumber>+33 2 97 36 55 17</faxNumber>
                <email encrypted="true">CgQEYnGjCNGiNTvwJXbZcw==</email>
              </address>
            </person>
          </associations>
          <regions>
            <region type="relatedRegion">
              <name>France</name>
              <nutsCode>FR</nutsCode>
              <euCode>FR</euCode>
              <isoCode>FR</isoCode>
              <rcn>258902568</rcn>
            </region>
          </regions>
        </relations>
      </organization>
      <organization ecContribution="100000" order="14" terminated="false" type="participant">
        <availableLanguages readOnly="true">en</availableLanguages>
        <rcn>1907874</rcn>
        <id>997826585</id>
        <vatNumber>NO855869942MVA</vatNumber>
        <legalName>NORSK INSTITUTT FOR VANNFORSKNING</legalName>
        <shortName>NIVA</shortName>
        <address>
          <street>GAUSTADALLEEN 21</street>
          <city>OSLO</city>
          <postalCode>0349</postalCode>
          <country>NO</country>
        </address>
        <relations>
          <categories>
            <category classification="organizationActivityType" type="relatedOrganizationActivityType">
              <availableLanguages readOnly="true">de,en,es,fr,it,pl</availableLanguages>
              <code>/REC</code>
              <title>Research Organisations</title>
            </category>
          </categories>
          <regions>
            <region type="relatedRegion">
              <name>Norway</name>
              <nutsCode>NO</nutsCode>
              <euCode>NO</euCode>
              <isoCode>NO</isoCode>
              <rcn>392333864</rcn>
            </region>
          </regions>
        </relations>
      </organization>
      <organization ecContribution="144375" order="38" terminated="false" type="participant">
        <availableLanguages readOnly="true">en</availableLanguages>
        <rcn>1905805</rcn>
        <id>999993953</id>
        <vatNumber>IT01131710376</vatNumber>
        <legalName>ALMA MATER STUDIORUM - UNIVERSITA DI BOLOGNA</legalName>
        <shortName>UNIBO</shortName>
        <address>
          <street>VIA ZAMBONI 33</street>
          <city>BOLOGNA</city>
          <postalCode>40126</postalCode>
          <country>IT</country>
          <url>www.unibo.it</url>
        </address>
        <departmentName>Centro di Ricerca sui Sistemi Elettronici "Ercole De Castro"</departmentName>
        <relations>
          <categories>
            <category classification="organizationActivityType" type="relatedOrganizationActivityType">
              <availableLanguages readOnly="true">de,en,es,fr,it,pl</availableLanguages>
              <code>/HES</code>
              <title>Higher or Secondary Education Establishments</title>
            </category>
          </categories>
          <regions>
            <region type="relatedRegion">
              <name>Italy</name>
              <nutsCode>IT</nutsCode>
              <euCode>IT</euCode>
              <isoCode>IT</isoCode>
              <rcn>309758504</rcn>
            </region>
          </regions>
        </relations>
      </organization>
      <organization ecContribution="68750" order="30" terminated="false" type="participant">
        <availableLanguages readOnly="true">en</availableLanguages>
        <rcn>1920303</rcn>
        <id>997223536</id>
        <vatNumber>PT508792657</vatNumber>
        <legalName>CIIMAR - Centro Interdisciplinar de Investigação Marinha e Ambiental</legalName>
        <shortName>CIIMAR</shortName>
        <address>
          <street>Rua dos Bragas  289</street>
          <city>Porto</city>
          <postalCode>4050-123</postalCode>
          <country>PT</country>
          <url>www.ciimar.up.pt</url>
        </address>
        <relations>
          <categories>
            <category classification="organizationActivityType" type="relatedOrganizationActivityType">
              <availableLanguages readOnly="true">de,en,es,fr,it,pl</availableLanguages>
              <code>/REC</code>
              <title>Research Organisations</title>
            </category>
          </categories>
          <regions>
            <region type="relatedRegion">
              <name>Portugal</name>
              <nutsCode>PT</nutsCode>
              <euCode>PT</euCode>
              <isoCode>PT</isoCode>
              <rcn>427199016</rcn>
            </region>
          </regions>
        </relations>
      </organization>
      <organization ecContribution="50000" order="56" terminated="false" type="participant">
        <availableLanguages readOnly="true">en</availableLanguages>
        <rcn>1934578</rcn>
        <id>994288025</id>
        <vatNumber>IT02694530367</vatNumber>
        <legalName>CLU srl</legalName>
        <shortName>CLU</shortName>
        <address>
          <street>VIA TOGLIATTI 17/C</street>
          <city>Castelfranco Emilia (MO)</city>
          <postalCode>41013</postalCode>
          <country>IT</country>
          <url>www.cluweb.it</url>
        </address>
        <relations>
          <categories>
            <category classification="organizationActivityType" type="relatedOrganizationActivityType">
              <availableLanguages readOnly="true">de,en,es,fr,it,pl</availableLanguages>
              <code>/PRC</code>
              <title>Private for-profit entities (excluding Higher or Secondary Education Establishments)</title>
            </category>
          </categories>
          <regions>
            <region type="relatedRegion">
              <name>Italy</name>
              <nutsCode>IT</nutsCode>
              <euCode>IT</euCode>
              <isoCode>IT</isoCode>
              <rcn>309758504</rcn>
            </region>
          </regions>
        </relations>
      </organization>
      <organization ecContribution="50000" order="54" terminated="false" type="participant">
        <availableLanguages readOnly="true">en</availableLanguages>
        <rcn>1916685</rcn>
        <id>998621694</id>
        <vatNumber>NL804595859B01</vatNumber>
        <legalName>MARIENE INFORMATIE SERVICE MARIS BV</legalName>
        <shortName>MARIS</shortName>
        <address>
          <street>KONINGIN JULIANALAAN 345A</street>
          <city>VOORBURG</city>
          <postalCode>2273 JJ</postalCode>
          <country>NL</country>
          <url>www.maris.nl</url>
        </address>
        <departmentName>MARIS</departmentName>
        <relations>
          <categories>
            <category classification="organizationActivityType" type="relatedOrganizationActivityType">
              <availableLanguages readOnly="true">de,en,es,fr,it,pl</availableLanguages>
              <code>/PRC</code>
              <title>Private for-profit entities (excluding Higher or Secondary Education Establishments)</title>
            </category>
          </categories>
          <regions>
            <region type="relatedRegion">
              <name>Netherlands</name>
              <nutsCode>NL</nutsCode>
              <euCode>NL</euCode>
              <isoCode>NL</isoCode>
              <rcn>391547432</rcn>
            </region>
          </regions>
        </relations>
      </organization>
      <organization ecContribution="94375" order="48" terminated="false" type="participant">
        <availableLanguages readOnly="true">en</availableLanguages>
        <rcn>2481078</rcn>
        <id>941572502</id>
        <legalName>DEVELOGIC GMBH</legalName>
        <shortName>DSS</shortName>
        <address>
          <street>Eiffestr. 598</street>
          <city>Hamburg</city>
          <postalCode>20537</postalCode>
          <country>DE</country>
        </address>
        <relations>
          <categories>
            <category classification="organizationActivityType" type="relatedOrganizationActivityType">
              <availableLanguages readOnly="true">de,en,es,fr,it,pl</availableLanguages>
              <code>/PRC</code>
              <title>Private for-profit entities (excluding Higher or Secondary Education Establishments)</title>
            </category>
          </categories>
          <regions>
            <region type="relatedRegion">
              <name>Germany</name>
              <nutsCode>DE</nutsCode>
              <euCode>DE</euCode>
              <isoCode>DE</isoCode>
              <rcn>221940264</rcn>
            </region>
          </regions>
        </relations>
      </organization>
      <organization ecContribution="190000" order="28" terminated="false" type="participant">
        <availableLanguages readOnly="true">en</availableLanguages>
        <rcn>1907880</rcn>
        <id>999419422</id>
        <vatNumber>IT03873750750</vatNumber>
        <legalName>FONDAZIONE CENTRO EURO-MEDITERRANEO SUI CAMBIAMENTI CLIMATICI</legalName>
        <shortName>CMCC</shortName>
        <address>
          <street>VIA A IMPERATORE 16</street>
          <city>LECCE</city>
          <postalCode>73100</postalCode>
          <country>IT</country>
          <url>www.cmcc.it</url>
        </address>
        <departmentName>Fund Raising Office</departmentName>
        <relations>
          <categories>
            <category classification="organizationActivityType" type="relatedOrganizationActivityType">
              <availableLanguages readOnly="true">de,en,es,fr,it,pl</availableLanguages>
              <code>/REC</code>
              <title>Research Organisations</title>
            </category>
          </categories>
          <regions>
            <region type="relatedRegion">
              <name>Italy</name>
              <nutsCode>IT</nutsCode>
              <euCode>IT</euCode>
              <isoCode>IT</isoCode>
              <rcn>309758504</rcn>
            </region>
          </regions>
        </relations>
      </organization>
      <organization ecContribution="0" order="61" terminated="false" type="participant">
        <availableLanguages readOnly="true">en</availableLanguages>
        <rcn>2106381</rcn>
        <id>998794063</id>
        <legalName>WOODS HOLE OCEANOGRAPHIC INSTITUTION</legalName>
        <shortName>WHOI</shortName>
        <address>
          <street>WOODS HOLE ROAD 573</street>
          <city>WOODS HOLE</city>
          <postalCode>02543</postalCode>
          <country>US</country>
          <url>www.whoi.edu</url>
        </address>
        <relations>
          <categories>
            <category classification="organizationActivityType" type="relatedOrganizationActivityType">
              <availableLanguages readOnly="true">de,en,es,fr,it,pl</availableLanguages>
              <code>/HES</code>
              <title>Higher or Secondary Education Establishments</title>
            </category>
          </categories>
          <regions>
            <region type="relatedRegion">
              <name>United States</name>
              <nutsCode>US</nutsCode>
              <euCode>US</euCode>
              <isoCode>US</isoCode>
              <rcn>510822952</rcn>
            </region>
          </regions>
        </relations>
      </organization>
      <organization ecContribution="2904498" order="1" terminated="false" type="coordinator">
        <availableLanguages readOnly="true">en</availableLanguages>
        <rcn>1906908</rcn>
        <id>986090458</id>
        <vatNumber>DE281295378</vatNumber>
        <legalName>HELMHOLTZ ZENTRUM FUR OZEANFORSCHUNG KIEL</legalName>
        <shortName>GEOMAR</shortName>
        <address>
          <street>WISCHHOFSTRASSE 1-3</street>
          <city>KIEL</city>
          <postalCode>24148</postalCode>
          <country>DE</country>
          <url>www.geomar.de</url>
        </address>
        <departmentName>Administration</departmentName>
        <relations>
          <categories>
            <category classification="organizationActivityType" type="relatedOrganizationActivityType">
              <availableLanguages readOnly="true">de,en,es,fr,it,pl</availableLanguages>
              <code>/REC</code>
              <title>Research Organisations</title>
            </category>
          </categories>
          <regions>
            <region type="relatedRegion">
              <name>Germany</name>
              <nutsCode>DE</nutsCode>
              <euCode>DE</euCode>
              <isoCode>DE</isoCode>
              <rcn>221940264</rcn>
            </region>
          </regions>
        </relations>
      </organization>
      <organization ecContribution="240000" order="26" terminated="false" type="participant">
        <availableLanguages readOnly="true">en</availableLanguages>
        <rcn>2171620</rcn>
        <id>984024455</id>
        <legalName>EUMETNET GROUPEMENT D INTERET ECONOMIQUE</legalName>
        <shortName>EUMETNET</shortName>
        <address>
          <street>AVENUE CIRCULAIRE 3</street>
          <city>BRUXELLES</city>
          <postalCode>1180</postalCode>
          <country>BE</country>
          <url>www.eumetnet.eu</url>
        </address>
        <relations>
          <categories>
            <category classification="organizationActivityType" type="relatedOrganizationActivityType">
              <availableLanguages readOnly="true">de,en,es,fr,it,pl</availableLanguages>
              <code>/OTH</code>
              <title>Other</title>
            </category>
          </categories>
          <regions>
            <region type="relatedRegion">
              <name>Belgium</name>
              <nutsCode>BE</nutsCode>
              <euCode>BE</euCode>
              <isoCode>BE</isoCode>
              <rcn>188385832</rcn>
            </region>
          </regions>
        </relations>
      </organization>
      <organization ecContribution="475062.5" order="25" terminated="false" type="participant">
        <availableLanguages readOnly="true">en</availableLanguages>
        <rcn>1905605</rcn>
        <id>999513803</id>
        <vatNumber>FR75180006025</vatNumber>
        <legalName>INSTITUT DE RECHERCHE POUR LE DEVELOPPEMENT</legalName>
        <shortName>IRD</shortName>
        <address>
          <street>BOULEVARD DE DUNKERQUE 44 CS 90009</street>
          <city>MARSEILLE</city>
          <postalCode>13572</postalCode>
          <country>FR</country>
          <url>www.ird.fr</url>
        </address>
        <departmentName>Institut de recherche pour le Développement (IRD)</departmentName>
        <relations>
          <categories>
            <category classification="organizationActivityType" type="relatedOrganizationActivityType">
              <availableLanguages readOnly="true">de,en,es,fr,it,pl</availableLanguages>
              <code>/REC</code>
              <title>Research Organisations</title>
            </category>
          </categories>
          <regions>
            <region type="relatedRegion">
              <name>France</name>
              <nutsCode>FR</nutsCode>
              <euCode>FR</euCode>
              <isoCode>FR</isoCode>
              <rcn>258902568</rcn>
            </region>
          </regions>
        </relations>
      </organization>
      <organization ecContribution="150000" order="53" terminated="false" type="participant">
        <availableLanguages readOnly="true">en</availableLanguages>
        <rcn>2213385</rcn>
        <id>991672808</id>
        <legalName>ETT SPA</legalName>
        <shortName>ETT SPA</shortName>
        <address>
          <street>VIA SESTRI 37 1 2</street>
          <city>GENOVA</city>
          <postalCode>16154</postalCode>
          <country>IT</country>
          <url>www.ettsolutions.com</url>
        </address>
        <relations>
          <categories>
            <category classification="organizationActivityType" type="relatedOrganizationActivityType">
              <availableLanguages readOnly="true">de,en,es,fr,it,pl</availableLanguages>
              <code>/PRC</code>
              <title>Private for-profit entities (excluding Higher or Secondary Education Establishments)</title>
            </category>
          </categories>
          <regions>
            <region type="relatedRegion">
              <name>Italy</name>
              <nutsCode>IT</nutsCode>
              <euCode>IT</euCode>
              <isoCode>IT</isoCode>
              <rcn>309758504</rcn>
            </region>
          </regions>
        </relations>
      </organization>
      <organization order="6" ecContribution="1241736.25" terminated="false" type="participant">
        <availableLanguages readOnly="true">en</availableLanguages>
        <rcn>1905572</rcn>
        <id>999997930</id>
        <vatNumber>FR40180089013</vatNumber>
        <legalName>CENTRE NATIONAL DE LA RECHERCHE SCIENTIFIQUE CNRS</legalName>
        <shortName>CNRS</shortName>
        <address>
          <street>RUE MICHEL ANGE 3</street>
          <city>PARIS</city>
          <postalCode>75794</postalCode>
          <country>FR</country>
          <postBox>N/A</postBox>
          <url>www.cnrs.fr</url>
        </address>
        <departmentName>CNRS Délégation Ile-de-France Sud</departmentName>
        <relations>
          <categories>
            <category classification="organizationActivityType" type="relatedOrganizationActivityType">
              <availableLanguages readOnly="true">de,en,es,fr,it,pl</availableLanguages>
              <code>/REC</code>
              <title>Research Organisations</title>
            </category>
          </categories>
          <regions>
            <region type="relatedRegion">
              <name>France</name>
              <nutsCode>FR</nutsCode>
              <euCode>FR</euCode>
              <isoCode>FR</isoCode>
              <rcn>258902568</rcn>
            </region>
          </regions>
        </relations>
      </organization>
      <organization ecContribution="40000" order="29" terminated="false" type="participant">
        <availableLanguages readOnly="true">en</availableLanguages>
        <rcn>1916700</rcn>
        <id>999599939</id>
        <vatNumber>NL0466279196</vatNumber>
        <legalName>VLAAMS INSTITUUT VOOR DE ZEE VZW</legalName>
        <shortName>VLIZ</shortName>
        <address>
          <street>WANDELAARKAAI  7</street>
          <city>OOSTENDE</city>
          <postalCode>8400</postalCode>
          <country>BE</country>
        </address>
        <departmentName>Flanders Marine Institute</departmentName>
        <relations>
          <categories>
            <category classification="organizationActivityType" type="relatedOrganizationActivityType">
              <availableLanguages readOnly="true">de,en,es,fr,it,pl</availableLanguages>
              <code>/REC</code>
              <title>Research Organisations</title>
            </category>
          </categories>
          <regions>
            <region type="relatedRegion">
              <name>Belgium</name>
              <nutsCode>BE</nutsCode>
              <euCode>BE</euCode>
              <isoCode>BE</isoCode>
              <rcn>188385832</rcn>
            </region>
          </regions>
        </relations>
      </organization>
      <organization ecContribution="344072.5" order="37" terminated="false" type="participant">
        <availableLanguages readOnly="true">en</availableLanguages>
        <rcn>1916592</rcn>
        <id>974300496</id>
        <vatNumber>FR12522911577</vatNumber>
        <legalName>MERCATOR OCEAN</legalName>
        <shortName>MERCATOR OCEAN</shortName>
        <address>
          <street>RUE HERMES 8-10 PARC TECHNOLOGIQUE DU CANAL</street>
          <city>RAMONVILLE SAINT AGNE</city>
          <postalCode>31520</postalCode>
          <country>FR</country>
          <postBox>000</postBox>
          <url>www.mercator-ocean.fr</url>
        </address>
        <relations>
          <categories>
            <category classification="organizationActivityType" type="relatedOrganizationActivityType">
              <availableLanguages readOnly="true">de,en,es,fr,it,pl</availableLanguages>
              <code>/REC</code>
              <title>Research Organisations</title>
            </category>
          </categories>
          <regions>
            <region type="relatedRegion">
              <name>France</name>
              <nutsCode>FR</nutsCode>
              <euCode>FR</euCode>
              <isoCode>FR</isoCode>
              <rcn>258902568</rcn>
            </region>
          </regions>
        </relations>
      </organization>
      <organization ecContribution="290687.5" order="50" terminated="false" type="participant">
        <availableLanguages readOnly="true">en</availableLanguages>
        <rcn>2419548</rcn>
        <id>985717978</id>
        <vatNumber>DE252286218</vatNumber>
        <legalName>KONGSBERG MARITIME CONTROS GMBH</legalName>
        <shortName>CONTROS</shortName>
        <address>
          <street>WISCHHOFSTRASSE 1 3 BLD 2</street>
          <city>KIEL</city>
          <postalCode>24148</postalCode>
          <country>DE</country>
        </address>
        <relations>
          <categories>
            <category classification="organizationActivityType" type="relatedOrganizationActivityType">
              <availableLanguages readOnly="true">de,en,es,fr,it,pl</availableLanguages>
              <code>/PRC</code>
              <title>Private for-profit entities (excluding Higher or Secondary Education Establishments)</title>
            </category>
          </categories>
          <regions>
            <region type="relatedRegion">
              <name>Germany</name>
              <nutsCode>DE</nutsCode>
              <euCode>DE</euCode>
              <isoCode>DE</isoCode>
              <rcn>221940264</rcn>
            </region>
          </regions>
        </relations>
      </organization>
      <organization ecContribution="402122.5" order="12" terminated="false" type="participant">
        <availableLanguages readOnly="true">en</availableLanguages>
        <rcn>1906559</rcn>
        <id>999974456</id>
        <vatNumber>NO874789542MVA</vatNumber>
        <legalName>UNIVERSITETET I BERGEN</legalName>
        <shortName>UiB</shortName>
        <address>
          <street>MUSEPLASSEN 1</street>
          <city>BERGEN</city>
          <postalCode>5020</postalCode>
          <country>NO</country>
          <postBox>N/A</postBox>
          <url>www.uib.no</url>
        </address>
        <departmentName>Department of Research Management</departmentName>
        <relations>
          <categories>
            <category classification="organizationActivityType" type="relatedOrganizationActivityType">
              <availableLanguages readOnly="true">de,en,es,fr,it,pl</availableLanguages>
              <code>/HES</code>
              <title>Higher or Secondary Education Establishments</title>
            </category>
          </categories>
          <regions>
            <region type="relatedRegion">
              <name>Norway</name>
              <nutsCode>NO</nutsCode>
              <euCode>NO</euCode>
              <isoCode>NO</isoCode>
              <rcn>392333864</rcn>
            </region>
          </regions>
        </relations>
      </organization>
      <organization ecContribution="303750" order="52" terminated="false" type="participant">
        <availableLanguages readOnly="true">en</availableLanguages>
        <rcn>1966426</rcn>
        <id>996233166</id>
        <vatNumber>IE65814178E</vatNumber>
        <legalName>T.E. LABORATORIES LIMITED</legalName>
        <shortName>Tellab</shortName>
        <address>
          <street>TULLOW INDUSTRIAL ESTATE</street>
          <city>TULLOW</city>
          <postalCode>R93</postalCode>
          <country>IE</country>
          <url>www.tellab.ie</url>
        </address>
        <relations>
          <categories>
            <category classification="organizationActivityType" type="relatedOrganizationActivityType">
              <availableLanguages readOnly="true">de,en,es,fr,it,pl</availableLanguages>
              <code>/PRC</code>
              <title>Private for-profit entities (excluding Higher or Secondary Education Establishments)</title>
            </category>
          </categories>
          <regions>
            <region type="relatedRegion">
              <name>Ireland</name>
              <nutsCode>IE</nutsCode>
              <euCode>IE</euCode>
              <isoCode>IE</isoCode>
              <rcn>305826344</rcn>
            </region>
          </regions>
        </relations>
      </organization>
      <organization ecContribution="50000" order="44" terminated="false" type="participant">
        <availableLanguages readOnly="true">en</availableLanguages>
        <rcn>1912438</rcn>
        <id>998469889</id>
        <legalName>DAITHI O'MURCHU MARINE RESEARCH STATION LTD</legalName>
        <shortName>DOMMRS</shortName>
        <address>
          <street>GEARHIES</street>
          <city>BANTRY</city>
          <postalCode>P75 AX07</postalCode>
          <country>IE</country>
          <postBox>000</postBox>
          <url>www.dommrc.com</url>
        </address>
        <relations>
          <categories>
            <category classification="organizationActivityType" type="relatedOrganizationActivityType">
              <availableLanguages readOnly="true">de,en,es,fr,it,pl</availableLanguages>
              <code>/PRC</code>
              <title>Private for-profit entities (excluding Higher or Secondary Education Establishments)</title>
            </category>
          </categories>
          <regions>
            <region type="relatedRegion">
              <name>Ireland</name>
              <nutsCode>IE</nutsCode>
              <euCode>IE</euCode>
              <isoCode>IE</isoCode>
              <rcn>305826344</rcn>
            </region>
          </regions>
        </relations>
      </organization>
      <organization ecContribution="2229540" order="2" terminated="false" type="participant">
        <availableLanguages readOnly="true">en</availableLanguages>
        <rcn>1906585</rcn>
        <id>999989200</id>
        <vatNumber>GB618367325</vatNumber>
        <legalName>NATURAL ENVIRONMENT RESEARCH COUNCIL</legalName>
        <shortName>NERC-BAS</shortName>
        <address>
          <street>Polaris House, North Star Avenue</street>
          <city>SWINDON WILTSHIRE</city>
          <postalCode>SN2 1EU</postalCode>
          <country>UK</country>
          <url>http://www.nerc.ac.uk</url>
        </address>
        <relations>
          <categories>
            <category classification="organizationActivityType" type="relatedOrganizationActivityType">
              <availableLanguages readOnly="true">de,en,es,fr,it,pl</availableLanguages>
              <code>/REC</code>
              <title>Research Organisations</title>
            </category>
          </categories>
          <regions>
            <region type="relatedRegion">
              <name>United Kingdom</name>
              <nutsCode>UK</nutsCode>
              <euCode>UK</euCode>
              <isoCode>GB</isoCode>
              <rcn>508725800</rcn>
            </region>
          </regions>
        </relations>
      </organization>
      <organization ecContribution="200000" order="9" terminated="false" type="participant">
        <availableLanguages readOnly="true">en</availableLanguages>
        <rcn>1910714</rcn>
        <id>999921300</id>
        <legalName>KONSORTIUM DEUTSCHE MEERESFORSCHUNG e.V.</legalName>
        <shortName>KDM</shortName>
        <address>
          <street>Markgrafenstrasse  37</street>
          <city>BERLIN</city>
          <postalCode>10117</postalCode>
          <country>DE</country>
          <url>www.deutsche-meeresforschung.de</url>
        </address>
        <relations>
          <categories>
            <category classification="organizationActivityType" type="relatedOrganizationActivityType">
              <availableLanguages readOnly="true">de,en,es,fr,it,pl</availableLanguages>
              <code>/REC</code>
              <title>Research Organisations</title>
            </category>
          </categories>
          <regions>
            <region type="relatedRegion">
              <name>Germany</name>
              <nutsCode>DE</nutsCode>
              <euCode>DE</euCode>
              <isoCode>DE</isoCode>
              <rcn>221940264</rcn>
            </region>
          </regions>
        </relations>
      </organization>
    <categories>
      <category classification="projectFundingSchemeCategory" type="relatedProjectFundingSchemeCategory">
        <availableLanguages readOnly="true">en</availableLanguages>
        <code>/RIA</code>
        <title>Research and Innovation action</title>
      </category>
    </categories>
