  <rcn>193369</rcn>
  <acronym>AEROGUST</acronym>
  <objective>Encounters with atmospheric turbulence are a vitally important in the design and certification of many manmade structures such as aircraft and wind turbines. Gusts cause rapid changes in the flow about the structures which leads to rigid and flexible unsteady responses. Knowledge of aircraft/gust interactions is therefore vital for loads estimation during aircraft design as it impacts on control systems and often defines the maximum loads that these structures will experience in service.  At present industry typically uses the linear doublet lattice method with static loads corrections from expensive wind tunnel data. The wind tunnel data is created using the final aerodynamic surface in the predicted cruise shape. This means that gust loads come relatively late when the design options have been narrowed. Increased competition and environmental concerns are likely to lead to the adoption of more flexible materials and the consideration of novel configurations, in which case the linear assumptions of the current gust loads process will become unacceptable.  To introduce non-linearity into the gust loads process without significantly increasing the cost and time, this project has three main objectives: to carry out investigations using CFD so that the non-linearities in gust interactions are understood; to create a gust loads process that does not require wind tunnel data and hence reduces the need for wind tunnel testing; to develop updated reduced order models for gust prediction that account for non-linearity at an acceptable cost. These investigations will reduce the need for expensive wind tunnel testing and hence lead to time and cost savings at the design stage therefore ensuring that the European aerospace and defence industry remain competitive in the future. The wind turbine industry has similar concerns, with gusts and wind shear restricting the locations available for wind farms.  The project will also address these issues using common methodology.</objective>
  <title>Aeroelastic Gust Modelling</title>
      <organization ecContribution="286268.5" order="2" terminated="false" type="participant">
        <availableLanguages readOnly="true">en</availableLanguages>
        <rcn>1906120</rcn>
        <id>999547074</id>
        <vatNumber>FR45180089047</vatNumber>
        <legalName>INSTITUT NATIONAL DE RECHERCHE ENINFORMATIQUE ET AUTOMATIQUE</legalName>
        <shortName>INRIA</shortName>
        <address>
          <street>DOMAINE DE VOLUCEAU ROCQUENCOURT</street>
          <city>LE CHESNAY CEDEX</city>
          <postalCode>78153</postalCode>
          <country>FR</country>
          <postBox>BP 105</postBox>
          <url>www.inria.fr</url>
        </address>
        <departmentName>INRIA Sophia Antipolis Méditerranée Research Center -SAF</departmentName>
        <relations>
          <categories>
            <category classification="organizationActivityType" type="relatedOrganizationActivityType">
              <availableLanguages readOnly="true">de,en,es,fr,it,pl</availableLanguages>
              <code>/REC</code>
              <title>Research Organisations</title>
            </category>
          </categories>
          <regions>
            <region type="relatedRegion">
              <name>France</name>
              <nutsCode>FR</nutsCode>
              <euCode>FR</euCode>
              <isoCode>FR</isoCode>
              <rcn>258902568</rcn>
            </region>
          </regions>
        </relations>
      </organization>
      <organization ecContribution="341550" order="3" terminated="false" type="participant">
        <availableLanguages readOnly="true">en</availableLanguages>
        <rcn>1905669</rcn>
        <id>999987066</id>
        <vatNumber>NL002760551B01</vatNumber>
        <legalName>STICHTING NATIONAAL LUCHT- EN RUIMTEVAARTLABORATORIUM</legalName>
        <shortName>NLR</shortName>
        <address>
          <street>Anthony Fokkerweg 2</street>
          <city>AMSTERDAM</city>
          <postalCode>1059CM</postalCode>
          <country>NL</country>
          <postBox>90502</postBox>
          <url>www.nlr.nl</url>
        </address>
        <relations>
          <categories>
            <category classification="organizationActivityType" type="relatedOrganizationActivityType">
              <availableLanguages readOnly="true">de,en,es,fr,it,pl</availableLanguages>
              <code>/REC</code>
              <title>Research Organisations</title>
            </category>
          </categories>
          <regions>
            <region type="relatedRegion">
              <name>Netherlands</name>
              <nutsCode>NL</nutsCode>
              <euCode>NL</euCode>
              <isoCode>NL</isoCode>
              <rcn>391547432</rcn>
            </region>
          </regions>
        </relations>
      </organization>
      <organization ecContribution="324375" order="5" terminated="false" type="participant">
        <availableLanguages readOnly="true">en</availableLanguages>
        <rcn>1907887</rcn>
        <id>999849229</id>
        <vatNumber>ZA4540125707</vatNumber>
        <legalName>UNIVERSITY OF CAPE TOWN</legalName>
        <shortName>UCT</shortName>
        <address>
          <street>PRIVATE BAG X3</street>
          <city>RONDEBOSCH</city>
          <postalCode>7701</postalCode>
          <country>ZA</country>
          <url>www.uct.ac.za</url>
        </address>
        <departmentName>Department of Electrical Engineering</departmentName>
        <relations>
          <categories>
            <category classification="organizationActivityType" type="relatedOrganizationActivityType">
              <availableLanguages readOnly="true">de,en,es,fr,it,pl</availableLanguages>
              <code>/HES</code>
              <title>Higher or Secondary Education Establishments</title>
            </category>
          </categories>
          <regions>
            <region type="relatedRegion">
              <name>South Africa</name>
              <nutsCode>ZA</nutsCode>
              <euCode>ZA</euCode>
              <isoCode>ZA</isoCode>
              <rcn>589990440</rcn>
            </region>
          </regions>
        </relations>
      </organization>
      <organization ecContribution="68750" order="9" terminated="false" type="participant">
        <availableLanguages readOnly="true">en</availableLanguages>
        <rcn>1905831</rcn>
        <id>999991819</id>
        <vatNumber>DE167015661</vatNumber>
        <legalName>AIRBUS DEFENCE AND SPACE GMBH</legalName>
        <shortName>AIRBUS DS</shortName>
        <address>
          <street>WILLY-MESSERSCHMITT-STRASSE 1</street>
          <city>TAUFKIRCHEN</city>
          <postalCode>82024</postalCode>
          <country>DE</country>
          <url>www.airbus-group.com</url>
        </address>
        <departmentName>IW-FC</departmentName>
        <relations>
          <categories>
            <category classification="organizationActivityType" type="relatedOrganizationActivityType">
              <availableLanguages readOnly="true">de,en,es,fr,it,pl</availableLanguages>
              <code>/PRC</code>
              <title>Private for-profit entities (excluding Higher or Secondary Education Establishments)</title>
            </category>
          </categories>
          <regions>
            <region type="relatedRegion">
              <name>Germany</name>
              <nutsCode>DE</nutsCode>
              <euCode>DE</euCode>
              <isoCode>DE</isoCode>
              <rcn>221940264</rcn>
            </region>
          </regions>
        </relations>
      </organization>
      <organization ecContribution="468203.75" order="4" terminated="false" type="participant">
        <availableLanguages readOnly="true">en</availableLanguages>
        <rcn>1905579</rcn>
        <id>999981731</id>
        <vatNumber>DE121965658</vatNumber>
        <legalName>DEUTSCHES ZENTRUM FUER LUFT - UND RAUMFAHRT EV</legalName>
        <shortName>DLR</shortName>
        <address>
          <street>Linder Hoehe</street>
          <city>KOELN</city>
          <postalCode>51147</postalCode>
          <country>DE</country>
          <url>www.dlr.de</url>
        </address>
        <departmentName>Contract Administration Oberpfaffenhofen</departmentName>
        <relations>
          <categories>
            <category classification="organizationActivityType" type="relatedOrganizationActivityType">
              <availableLanguages readOnly="true">de,en,es,fr,it,pl</availableLanguages>
              <code>/REC</code>
              <title>Research Organisations</title>
            </category>
          </categories>
          <regions>
            <region type="relatedRegion">
              <name>Germany</name>
              <nutsCode>DE</nutsCode>
              <euCode>DE</euCode>
              <isoCode>DE</isoCode>
              <rcn>221940264</rcn>
            </region>
          </regions>
        </relations>
      </organization>
      <organization ecContribution="219375" order="11" terminated="false" type="participant">
        <availableLanguages readOnly="true">en</availableLanguages>
        <rcn>1910264</rcn>
        <id>999505073</id>
        <vatNumber>IT03748280108</vatNumber>
        <legalName>PIAGGIO AERO INDUSTRIES SPA</legalName>
        <shortName>PAS</shortName>
        <address>
          <street>VIALE CASTRO PRETORIO 116</street>
          <city>ROMA</city>
          <postalCode>00185</postalCode>
          <country>IT</country>
          <url>www.piaggioaero.it</url>
        </address>
        <relations>
          <categories>
            <category classification="organizationActivityType" type="relatedOrganizationActivityType">
              <availableLanguages readOnly="true">de,en,es,fr,it,pl</availableLanguages>
              <code>/PRC</code>
              <title>Private for-profit entities (excluding Higher or Secondary Education Establishments)</title>
            </category>
          </categories>
          <regions>
            <region type="relatedRegion">
              <name>Italy</name>
              <nutsCode>IT</nutsCode>
              <euCode>IT</euCode>
              <isoCode>IT</isoCode>
              <rcn>309758504</rcn>
            </region>
          </regions>
        </relations>
      </organization>
      <organization order="10" ecContribution="383863.75" terminated="false" type="participant">
        <availableLanguages readOnly="true">en</availableLanguages>
        <rcn>1905845</rcn>
        <id>999957675</id>
        <vatNumber>FR73712042456</vatNumber>
        <legalName>DASSAULT AVIATION</legalName>
        <shortName>DASSAULT</shortName>
        <address>
          <street>9 ROND POINT CHAMPS-ELYSEES-MARCEL DASSAULT</street>
          <city>PARIS</city>
          <postalCode>75008</postalCode>
          <country>FR</country>
          <url>www.dassault-aviation.com</url>
        </address>
        <departmentName>DC</departmentName>
        <relations>
          <categories>
            <category classification="organizationActivityType" type="relatedOrganizationActivityType">
              <availableLanguages readOnly="true">de,en,es,fr,it,pl</availableLanguages>
              <code>/PRC</code>
              <title>Private for-profit entities (excluding Higher or Secondary Education Establishments)</title>
            </category>
          </categories>
          <regions>
            <region type="relatedRegion">
              <name>France</name>
              <nutsCode>FR</nutsCode>
              <euCode>FR</euCode>
              <isoCode>FR</isoCode>
              <rcn>258902568</rcn>
            </region>
          </regions>
        </relations>
      </organization>
      <organization ecContribution="304250" order="7" terminated="false" type="participant">
        <availableLanguages readOnly="true">en</availableLanguages>
        <rcn>2115127</rcn>
        <id>998649921</id>
        <vatNumber>IT09359170017</vatNumber>
        <legalName>Optimad engineering s.r.l.</legalName>
        <shortName>Optimad engineering s.r.l.</shortName>
        <address>
          <street>VIA GIACINTO COLLEGNO 18</street>
          <city>TORINO</city>
          <postalCode>10143</postalCode>
          <country>IT</country>
          <url>www.optimad.it</url>
        </address>
        <relations>
          <categories>
            <category classification="organizationActivityType" type="relatedOrganizationActivityType">
              <availableLanguages readOnly="true">de,en,es,fr,it,pl</availableLanguages>
              <code>/PRC</code>
              <title>Private for-profit entities (excluding Higher or Secondary Education Establishments)</title>
            </category>
          </categories>
          <regions>
            <region type="relatedRegion">
              <name>Italy</name>
              <nutsCode>IT</nutsCode>
              <euCode>IT</euCode>
              <isoCode>IT</isoCode>
              <rcn>309758504</rcn>
            </region>
          </regions>
        </relations>
      </organization>
      <organization ecContribution="350216" order="8" terminated="false" type="participant">
        <availableLanguages readOnly="true">en</availableLanguages>
        <rcn>1907048</rcn>
        <id>999980567</id>
        <vatNumber>GB673598875</vatNumber>
        <legalName>THE UNIVERSITY OF LIVERPOOL</legalName>
        <shortName>THE UNIVERSITY OF LIVERPOOL</shortName>
        <address>
          <street>BROWNLOW HILL 765 FOUNDATION BUILDING</street>
          <city>LIVERPOOL</city>
          <postalCode>L69 7ZX</postalCode>
          <country>UK</country>
          <postBox>000</postBox>
          <url>www.liverpool.ac.uk</url>
        </address>
        <departmentName>Research Support Office</departmentName>
        <relations>
          <categories>
            <category classification="organizationActivityType" type="relatedOrganizationActivityType">
              <availableLanguages readOnly="true">de,en,es,fr,it,pl</availableLanguages>
              <code>/HES</code>
              <title>Higher or Secondary Education Establishments</title>
            </category>
          </categories>
          <regions>
            <region type="relatedRegion">
              <name>United Kingdom</name>
              <nutsCode>UK</nutsCode>
              <euCode>UK</euCode>
              <isoCode>GB</isoCode>
              <rcn>508725800</rcn>
            </region>
          </regions>
        </relations>
      </organization>
      <organization ecContribution="827425" order="1" terminated="false" type="coordinator">
        <availableLanguages readOnly="true">en</availableLanguages>
        <rcn>1907078</rcn>
        <id>999974262</id>
        <vatNumber>GB991261800</vatNumber>
        <legalName>UNIVERSITY OF BRISTOL</legalName>
        <shortName>UNIVBRIS</shortName>
        <address>
          <street>TYNDALL AVENUE SENATE HOUSE</street>
          <city>BRISTOL</city>
          <postalCode>BS8 1TH</postalCode>
          <country>UK</country>
          <postBox>000</postBox>
          <url>www.bristol.ac.uk</url>
        </address>
        <departmentName>Finance Services</departmentName>
        <relations>
          <categories>
            <category classification="organizationActivityType" type="relatedOrganizationActivityType">
              <availableLanguages readOnly="true">de,en,es,fr,it,pl</availableLanguages>
              <code>/HES</code>
              <title>Higher or Secondary Education Establishments</title>
            </category>
          </categories>
          <regions>
            <region type="relatedRegion">
              <name>United Kingdom</name>
              <nutsCode>UK</nutsCode>
              <euCode>UK</euCode>
              <isoCode>GB</isoCode>
              <rcn>508725800</rcn>
            </region>
          </regions>
        </relations>
      </organization>
      <organization ecContribution="318750" order="12" terminated="false" type="participant">
        <availableLanguages readOnly="true">en</availableLanguages>
        <rcn>2202621</rcn>
        <id>952406335</id>
        <vatNumber>FR07503934754</vatNumber>
        <legalName>VALEOL SAS</legalName>
        <shortName>VALEOL SAS</shortName>
        <address>
          <street>COURS VICTOR HUGO 213</street>
          <city>BEGLES</city>
          <postalCode>33130</postalCode>
          <country>FR</country>
          <postBox>000</postBox>
          <url>www.valeol.fr</url>
        </address>
        <relations>
          <categories>
            <category classification="organizationActivityType" type="relatedOrganizationActivityType">
              <availableLanguages readOnly="true">de,en,es,fr,it,pl</availableLanguages>
              <code>/PRC</code>
              <title>Private for-profit entities (excluding Higher or Secondary Education Establishments)</title>
            </category>
          </categories>
          <regions>
            <region type="relatedRegion">
              <name>France</name>
              <nutsCode>FR</nutsCode>
              <euCode>FR</euCode>
              <isoCode>FR</isoCode>
              <rcn>258902568</rcn>
            </region>
          </regions>
        </relations>
      </organization>
      <organization ecContribution="344625" order="6" terminated="false" type="participant">
        <availableLanguages readOnly="true">en</availableLanguages>
        <rcn>1911147</rcn>
        <id>998755942</id>
        <vatNumber>BE0447480893</vatNumber>
        <legalName>NUMERICAL MECHANICS APPLICATIONS INTERNATIONAL SA</legalName>
        <shortName>NUMECA</shortName>
        <address>
          <street>CHAUSSEE DE LA HULPE 187-189</street>
          <city>BRUXELLES</city>
          <postalCode>1170</postalCode>
          <country>BE</country>
          <url>www.numeca.com</url>
        </address>
        <departmentName>NUMECA International SA</departmentName>
        <relations>
          <categories>
            <category classification="organizationActivityType" type="relatedOrganizationActivityType">
              <availableLanguages readOnly="true">de,en,es,fr,it,pl</availableLanguages>
              <code>/PRC</code>
              <title>Private for-profit entities (excluding Higher or Secondary Education Establishments)</title>
            </category>
          </categories>
          <regions>
            <region type="relatedRegion">
              <name>Belgium</name>
              <nutsCode>BE</nutsCode>
              <euCode>BE</euCode>
              <isoCode>BE</isoCode>
              <rcn>188385832</rcn>
            </region>
          </regions>
        </relations>
      </organization>
    <categories>
      <category classification="projectFundingSchemeCategory" type="relatedProjectFundingSchemeCategory">
        <availableLanguages readOnly="true">en</availableLanguages>
        <code>/RIA</code>
        <title>Research and Innovation action</title>
      </category>
    </categories>
