  <rcn>193227</rcn>
  <acronym>Friend2U</acronym>
  <objective>Our mission of exposing the researchers as ordinary people with an extraordinary job to the public at large in Serbia started in 2010. Annual impact assessment reports show that we significantly influenced the perception and knowledge of the general public regarding WHAT the researchers do, but they also showed that there is room for improving the ways of showing WHO the researchers are, by making the personalities and faces of the researchers recognizable to the society, as well as in clarifying WHY they become researchers, i.e. their motivation and inspiration to explain why research matters to society. Therefore, without losing a focus on WHAT, RN 2014-2015 will focus on the questions of WHO and WHY in order to offer a new dimension of perceiving the researchers and offer more answers beyond the WHAT question. 
Friend2U - Researchers’ Night project aims at bringing the researchers closer to the general public and increasing awareness of the research and innovation activities with a view to supporting the public recognition of researchers, creating understanding of the impact of the researchers' work on our daily life, and encouraging young people to embark on scientific careers. In other words, it aims at increasing mutual understanding, interest and connections, and facilitating a dialogue between the researchers and the general public. In a nutshell, it is about making the researchers friends with the common people i.e. the general public - as closest friends as possible.  Friend2U project proposal mixes, blends and unites faces, voices, results and energies of many generations of the researchers in offering the public at large, regardless of their age, education and scientific background, the opportunity to make friends with these researchers. Here, making friends with the researchers is a paradigm of learning more about their science, learning how to appreciate their work and achievement, and above all, about building trust in what friends do and invessuccessful implementation fot eh ation and as such needs to be udnertaken weell before sumemr break.</objective>
  <title>Friend to understand</title>
      <organization ecContribution="37000" order="1" terminated="false" type="coordinator">
        <availableLanguages readOnly="true">en</availableLanguages>
        <rcn>1905770</rcn>
        <id>999825755</id>
        <vatNumber>RS100724720</vatNumber>
        <legalName>UNIVERZITET U NOVOM SADU FAKULTET TEHNICKIH NAUKA</legalName>
        <shortName>FTN</shortName>
        <address>
          <street>TRG DOSITEJA OBRADOVICA  6</street>
          <city>NOVI SAD</city>
          <postalCode>21000</postalCode>
          <country>RS</country>
        </address>
        <departmentName>Study Group for Computer Engineering and Communications</departmentName>
        <relations>
          <categories>
            <category classification="organizationActivityType" type="relatedOrganizationActivityType">
              <availableLanguages readOnly="true">de,en,es,fr,it,pl</availableLanguages>
              <code>/HES</code>
              <title>Higher or Secondary Education Establishments</title>
            </category>
          </categories>
          <regions>
            <region type="relatedRegion">
              <name>Serbia</name>
              <nutsCode>RS</nutsCode>
              <euCode>RS</euCode>
              <isoCode>RS</isoCode>
              <rcn>460491304</rcn>
            </region>
          </regions>
        </relations>
      </organization>
      <organization ecContribution="12000" order="4" terminated="false" type="participant">
        <availableLanguages readOnly="true">en</availableLanguages>
        <rcn>2174735</rcn>
        <id>968808453</id>
        <vatNumber>RS101162083</vatNumber>
        <legalName>VISOKA TEHNICKA SKOLA STRUKOVNIH STUDIJA U ZRENJANINU</legalName>
        <shortName>VTSSS ZR</shortName>
        <address>
          <street>DJORDJA STRATIMIROVICA 23</street>
          <city>ZRENJANIN</city>
          <postalCode>23000</postalCode>
          <country>RS</country>
          <postBox>143</postBox>
          <url>www.vts-zr.edu.rs</url>
        </address>
        <relations>
          <categories>
            <category classification="organizationActivityType" type="relatedOrganizationActivityType">
              <availableLanguages readOnly="true">de,en,es,fr,it,pl</availableLanguages>
              <code>/HES</code>
              <title>Higher or Secondary Education Establishments</title>
            </category>
          </categories>
          <regions>
            <region type="relatedRegion">
              <name>Serbia</name>
              <nutsCode>RS</nutsCode>
              <euCode>RS</euCode>
              <isoCode>RS</isoCode>
              <rcn>460491304</rcn>
            </region>
          </regions>
        </relations>
      </organization>
      <organization ecContribution="5000" order="2" terminated="false" type="participant">
        <availableLanguages readOnly="true">en</availableLanguages>
        <rcn>1919526</rcn>
        <id>997718624</id>
        <vatNumber>RS101635863</vatNumber>
        <legalName>University of Novi Sad Faculty of Sciences</legalName>
        <shortName>UNSPMF</shortName>
        <address>
          <street>Trg Dositeja Obradovica  3</street>
          <city>Novi Sad</city>
          <postalCode>21000</postalCode>
          <country>RS</country>
          <url>http://www.pmf.uns.ac.rs</url>
        </address>
        <relations>
          <categories>
            <category classification="organizationActivityType" type="relatedOrganizationActivityType">
              <availableLanguages readOnly="true">de,en,es,fr,it,pl</availableLanguages>
              <code>/HES</code>
              <title>Higher or Secondary Education Establishments</title>
            </category>
          </categories>
          <regions>
            <region type="relatedRegion">
              <name>Serbia</name>
              <nutsCode>RS</nutsCode>
              <euCode>RS</euCode>
              <isoCode>RS</isoCode>
              <rcn>460491304</rcn>
            </region>
          </regions>
        </relations>
      </organization>
      <organization ecContribution="6000" order="6" terminated="false" type="participant">
        <availableLanguages readOnly="true">en</availableLanguages>
        <rcn>1952932</rcn>
        <id>954810286</id>
        <vatNumber>RS106867229</vatNumber>
        <legalName>CENTAR ZA PROMOCIJU NAUKE</legalName>
        <shortName>CPN</shortName>
        <address>
          <street>KRALJA PETRA 46</street>
          <city>BEOGRAD</city>
          <postalCode>11000</postalCode>
          <country>RS</country>
          <postBox>000</postBox>
          <url>www.cpn.rs</url>
        </address>
        <relations>
          <categories>
            <category classification="organizationActivityType" type="relatedOrganizationActivityType">
              <availableLanguages readOnly="true">de,en,es,fr,it,pl</availableLanguages>
              <code>/PUB</code>
              <title>Public bodies (excluding Research Organisations and Secondary or Higher Education Establishments)</title>
            </category>
          </categories>
          <regions>
            <region type="relatedRegion">
              <name>Serbia</name>
              <nutsCode>RS</nutsCode>
              <euCode>RS</euCode>
              <isoCode>RS</isoCode>
              <rcn>460491304</rcn>
            </region>
          </regions>
        </relations>
      </organization>
      <organization ecContribution="28000" order="3" terminated="false" type="participant">
        <availableLanguages readOnly="true">en</availableLanguages>
        <rcn>2159748</rcn>
        <id>986304052</id>
        <vatNumber>RS103725528</vatNumber>
        <legalName>Kreativno edukativni centar</legalName>
        <shortName>KEC</shortName>
        <address>
          <street>SAVE VLA 19</street>
          <city>NOVI SAD</city>
          <postalCode>21000</postalCode>
          <country>RS</country>
          <url>www.eyouwins.com</url>
        </address>
        <relations>
          <categories>
            <category classification="organizationActivityType" type="relatedOrganizationActivityType">
              <availableLanguages readOnly="true">de,en,es,fr,it,pl</availableLanguages>
              <code>/OTH</code>
              <title>Other</title>
            </category>
          </categories>
          <regions>
            <region type="relatedRegion">
              <name>Serbia</name>
              <nutsCode>RS</nutsCode>
              <euCode>RS</euCode>
              <isoCode>RS</isoCode>
              <rcn>460491304</rcn>
            </region>
          </regions>
        </relations>
      </organization>
      <organization ecContribution="10000" order="5" terminated="false" type="participant">
        <availableLanguages readOnly="true">en</availableLanguages>
        <rcn>2390743</rcn>
        <id>946995190</id>
        <vatNumber>RS108392904</vatNumber>
        <legalName>Udruzenje naucnih komunikatora</legalName>
        <shortName>NauKom</shortName>
        <address>
          <street>IVE ANDRICA 21</street>
          <city>FUTOG</city>
          <postalCode>21410</postalCode>
          <country>RS</country>
        </address>
        <relations>
          <categories>
            <category classification="organizationActivityType" type="relatedOrganizationActivityType">
              <availableLanguages readOnly="true">de,en,es,fr,it,pl</availableLanguages>
              <code>/OTH</code>
              <title>Other</title>
            </category>
          </categories>
          <regions>
            <region type="relatedRegion">
              <name>Serbia</name>
              <nutsCode>RS</nutsCode>
              <euCode>RS</euCode>
              <isoCode>RS</isoCode>
              <rcn>460491304</rcn>
            </region>
          </regions>
        </relations>
      </organization>
    <categories>
      <category classification="projectFundingSchemeCategory" type="relatedProjectFundingSchemeCategory">
        <availableLanguages readOnly="true">en</availableLanguages>
        <code>/CSA</code>
        <title>Coordination and support action</title>
      </category>
    </categories>
