  <rcn>193300</rcn>
  <acronym>NOMORFILM</acronym>
  <objective>Microalgae are a source of secondary metabolites useful as new bioactive compounds. Activity of these compounds against bacterial pathogens and biofilm formation has not been determined yet. Biofilm formation is especially important in infections and tissue inflammation related to implants and catheters. These problems finally cause a release of the implant, which must be removed and replaced by a new one, entailing an increase in antibiotic consumption, together with a health costs of about 50,000-90,000 € per infection episode. 
Taking both problems in account, the search of new antimicrobial agents that will be effective against the bacteria in their two ways of life, planktonic and biofilm stage, is a priority need in the clinical practice.
For this reason, the overall objective of NOMORFILM project is to search for antibiofilm compounds isolated from microalgae that will be useful in the treatment of this kind of infections and could be incorporated in the manufacturing of medical prosthetic devices. For this purpose, 4,000 microalgae species will be deeply screened specifically for new antibacterial and antibiofilm molecules. Structural elucidation of bioactive compounds from these extracts will assure that only new chemical entities, therefore with anticipated new mechanisms of action, will arise to further project stages, those including toxicity tests and animal models. 
This project also addresses the biosynthesis of the targeted bioactive compounds in sustainable microalgae co-cultures, diminishing cultivation costs by mimicking natural aquatic ecosystems.
Most industrially interesting antibiofilm molecules will be incorporated into nanoparticles in order to develop manufacturing methodologies able to incorporate these compounds into real prosthetic devices matrixes. Marketing of results are assured by the presence of diverse SMEs along the manufacture and distribution of prosthetic devices, and the corresponding consortium agreements with respect to IPRs</objective>
  <title>Novel marine biomolecules against biofilm. Application to medical devices.</title>
      <organization ecContribution="0" order="1" terminated="true" type="coordinator">
        <availableLanguages readOnly="true">en</availableLanguages>
        <rcn>1907551</rcn>
        <id>998303825</id>
        <vatNumber>ESG64334048</vatNumber>
        <legalName>FUNDACIO CENTRE DE RECERCA EN SALUT INTERNATIONAL DE BARCELONA</legalName>
        <shortName>CRESIB</shortName>
        <address>
          <street>CALLE VILLARROEL 170</street>
          <city>Barcelona</city>
          <postalCode>08036</postalCode>
          <country>ES</country>
          <postBox>N/A</postBox>
          <url>www.isglobal.org</url>
        </address>
        <relations>
          <categories>
            <category classification="organizationActivityType" type="relatedOrganizationActivityType">
              <availableLanguages readOnly="true">de,en,es,fr,it,pl</availableLanguages>
              <code>/REC</code>
              <title>Research Organisations</title>
            </category>
          </categories>
          <regions>
            <region type="relatedRegion">
              <name>Spain</name>
              <nutsCode>ES</nutsCode>
              <euCode>ES</euCode>
              <isoCode>ES</isoCode>
              <rcn>242387496</rcn>
            </region>
          </regions>
        </relations>
      </organization>
      <organization ecContribution="0" order="15" terminated="true" type="participant">
        <availableLanguages readOnly="true">en</availableLanguages>
        <rcn>1907413</rcn>
        <id>999986193</id>
        <vatNumber>FR12197517220</vatNumber>
        <legalName>UNIVERSITE PIERRE ET MARIE CURIE - PARIS 6</legalName>
        <shortName>UPMC</shortName>
        <address>
          <street>Place Jussieu 4</street>
          <city>PARIS</city>
          <postalCode>75252</postalCode>
          <country>FR</country>
          <postBox>N/A</postBox>
          <url>www.upmc.fr</url>
        </address>
        <departmentName>Laboratoire d'Informatique de Paris 6 (LIP6) - NPA</departmentName>
        <relations>
          <categories>
            <category classification="organizationActivityType" type="relatedOrganizationActivityType">
              <availableLanguages readOnly="true">de,en,es,fr,it,pl</availableLanguages>
              <code>/HES</code>
              <title>Higher or Secondary Education Establishments</title>
            </category>
          </categories>
          <regions>
            <region type="relatedRegion">
              <name>France</name>
              <nutsCode>FR</nutsCode>
              <euCode>FR</euCode>
              <isoCode>FR</isoCode>
              <rcn>258902568</rcn>
            </region>
          </regions>
        </relations>
      </organization>
      <organization ecContribution="458075" order="9" terminated="false" type="participant">
        <availableLanguages readOnly="true">en</availableLanguages>
        <rcn>1924271</rcn>
        <id>975418421</id>
        <vatNumber>IT05451620487</vatNumber>
        <legalName>Fotosintetica &amp; Microbiologica S.r.l.</legalName>
        <shortName>F&amp;M</shortName>
        <address>
          <street>Via dei Della Robbia  54</street>
          <city>Firenze</city>
          <postalCode>50132</postalCode>
          <country>IT</country>
          <url>www.femonline.it</url>
        </address>
        <relations>
          <categories>
            <category classification="organizationActivityType" type="relatedOrganizationActivityType">
              <availableLanguages readOnly="true">de,en,es,fr,it,pl</availableLanguages>
              <code>/PRC</code>
              <title>Private for-profit entities (excluding Higher or Secondary Education Establishments)</title>
            </category>
          </categories>
          <regions>
            <region type="relatedRegion">
              <name>Italy</name>
              <nutsCode>IT</nutsCode>
              <euCode>IT</euCode>
              <isoCode>IT</isoCode>
              <rcn>309758504</rcn>
            </region>
          </regions>
        </relations>
      </organization>
      <organization ecContribution="358759" order="8" terminated="false" type="participant">
        <availableLanguages readOnly="true">en</availableLanguages>
        <rcn>1908266</rcn>
        <id>999845446</id>
        <vatNumber>IE2200007U</vatNumber>
        <legalName>THE PROVOST, FELLOWS, FOUNDATION SCHOLARS &amp; THE OTHER MEMBERS OF BOARD OF THE COLLEGE OF THE HOLY &amp; UNDIVIDED TRINITY OF QUEEN ELIZABETH NEAR DUBLIN</legalName>
        <shortName>TRINITY COLLEGE DUBLIN</shortName>
        <address>
          <street>College Green</street>
          <city>DUBLIN</city>
          <postalCode>2</postalCode>
          <country>IE</country>
          <postBox>N/A</postBox>
          <url>www.tcd.ie</url>
        </address>
        <departmentName>Financial Services Division</departmentName>
        <relations>
          <categories>
            <category classification="organizationActivityType" type="relatedOrganizationActivityType">
              <availableLanguages readOnly="true">de,en,es,fr,it,pl</availableLanguages>
              <code>/HES</code>
              <title>Higher or Secondary Education Establishments</title>
            </category>
          </categories>
          <regions>
            <region type="relatedRegion">
              <name>Ireland</name>
              <nutsCode>IE</nutsCode>
              <euCode>IE</euCode>
              <isoCode>IE</isoCode>
              <rcn>305826344</rcn>
            </region>
          </regions>
        </relations>
      </organization>
      <organization ecContribution="645975" order="5" terminated="false" type="participant">
        <availableLanguages readOnly="true">en</availableLanguages>
        <rcn>1905657</rcn>
        <id>999895789</id>
        <vatNumber>IT01279680480</vatNumber>
        <legalName>UNIVERSITA DEGLI STUDI DI FIRENZE</legalName>
        <shortName>UNIFI</shortName>
        <address>
          <street>Piazza San Marco  4</street>
          <city>Florence</city>
          <postalCode>50121</postalCode>
          <country>IT</country>
          <postBox>N/A</postBox>
          <url>http://www.unifi.it</url>
        </address>
        <relations>
          <categories>
            <category classification="organizationActivityType" type="relatedOrganizationActivityType">
              <availableLanguages readOnly="true">de,en,es,fr,it,pl</availableLanguages>
              <code>/HES</code>
              <title>Higher or Secondary Education Establishments</title>
            </category>
          </categories>
          <regions>
            <region type="relatedRegion">
              <name>Italy</name>
              <nutsCode>IT</nutsCode>
              <euCode>IT</euCode>
              <isoCode>IT</isoCode>
              <rcn>309758504</rcn>
            </region>
          </regions>
        </relations>
      </organization>
      <organization ecContribution="295000" order="12" terminated="false" type="participant">
        <availableLanguages readOnly="true">en</availableLanguages>
        <rcn>2393231</rcn>
        <id>944430219</id>
        <vatNumber>ESB33680547</vatNumber>
        <legalName>MBA INCORPORADO SL</legalName>
        <shortName>MBA</shortName>
        <address>
          <street>AVDA JARDIN BOTANICO 1345 EDIFICIO SILOS DEL INTRA</street>
          <city>GIJON</city>
          <postalCode>33203</postalCode>
          <country>ES</country>
        </address>
        <relations>
          <categories>
            <category classification="organizationActivityType" type="relatedOrganizationActivityType">
              <availableLanguages readOnly="true">de,en,es,fr,it,pl</availableLanguages>
              <code>/PRC</code>
              <title>Private for-profit entities (excluding Higher or Secondary Education Establishments)</title>
            </category>
          </categories>
          <regions>
            <region type="relatedRegion">
              <name>Spain</name>
              <nutsCode>ES</nutsCode>
              <euCode>ES</euCode>
              <isoCode>ES</isoCode>
              <rcn>242387496</rcn>
            </region>
          </regions>
        </relations>
      </organization>
      <organization ecContribution="897281" order="1" terminated="false" type="coordinator">
        <availableLanguages readOnly="true">en</availableLanguages>
        <rcn>2307547</rcn>
        <id>951414122</id>
        <vatNumber>ESG65341695</vatNumber>
        <legalName>FUNDACION PRIVADA INSTITUTO DE SALUD GLOBAL BARCELONA</legalName>
        <shortName>CREAL</shortName>
        <address>
          <street>C ROSSELLO 132 PLANTA 05</street>
          <city>BARCELONA</city>
          <postalCode>08036</postalCode>
          <country>ES</country>
          <postBox>N/A</postBox>
          <url>www.isglobal.org</url>
        </address>
        <relations>
          <categories>
            <category classification="organizationActivityType" type="relatedOrganizationActivityType">
              <availableLanguages readOnly="true">de,en,es,fr,it,pl</availableLanguages>
              <code>/REC</code>
              <title>Research Organisations</title>
            </category>
          </categories>
          <regions>
            <region type="relatedRegion">
              <name>Spain</name>
              <nutsCode>ES</nutsCode>
              <euCode>ES</euCode>
              <isoCode>ES</isoCode>
              <rcn>242387496</rcn>
            </region>
          </regions>
        </relations>
      </organization>
      <organization ecContribution="597285" order="7" terminated="false" type="participant">
        <availableLanguages readOnly="true">en</availableLanguages>
        <rcn>1906270</rcn>
        <id>999991043</id>
        <vatNumber>DK29979812</vatNumber>
        <legalName>KOBENHAVNS UNIVERSITET</legalName>
        <shortName>UCPH</shortName>
        <address>
          <street>NORREGADE 10</street>
          <city>KOBENHAVN</city>
          <postalCode>1165</postalCode>
          <country>DK</country>
          <postBox>000</postBox>
          <url>www.ku.dk</url>
        </address>
        <departmentName>Central Administration</departmentName>
        <departmentName> Accounting Department</departmentName>
        <relations>
          <categories>
            <category classification="organizationActivityType" type="relatedOrganizationActivityType">
              <availableLanguages readOnly="true">de,en,es,fr,it,pl</availableLanguages>
              <code>/HES</code>
              <title>Higher or Secondary Education Establishments</title>
            </category>
          </categories>
          <regions>
            <region type="relatedRegion">
              <name>Denmark</name>
              <nutsCode>DK</nutsCode>
              <euCode>DK</euCode>
              <isoCode>DK</isoCode>
              <rcn>223513128</rcn>
            </region>
          </regions>
        </relations>
      </organization>
      <organization ecContribution="505821" order="2" terminated="false" type="participant">
        <availableLanguages readOnly="true">en</availableLanguages>
        <rcn>1907348</rcn>
        <id>925382038</id>
        <vatNumber>PT501617582</vatNumber>
        <legalName>UNIVERSIDADE DE COIMBRA</legalName>
        <shortName>UNIVERSIDADE DE COIMBRA</shortName>
        <address>
          <street>PACO DAS ESCOLAS</street>
          <city>COIMBRA</city>
          <postalCode>3001 451</postalCode>
          <country>PT</country>
          <postBox>000</postBox>
          <url>www.uc.pt</url>
        </address>
        <relations>
          <categories>
            <category classification="organizationActivityType" type="relatedOrganizationActivityType">
              <availableLanguages readOnly="true">de,en,es,fr,it,pl</availableLanguages>
              <code>/HES</code>
              <title>Higher or Secondary Education Establishments</title>
            </category>
          </categories>
          <regions>
            <region type="relatedRegion">
              <name>Portugal</name>
              <nutsCode>PT</nutsCode>
              <euCode>PT</euCode>
              <isoCode>PT</isoCode>
              <rcn>427199016</rcn>
            </region>
          </regions>
        </relations>
      </organization>
      <organization ecContribution="475125" order="13" terminated="false" type="participant">
        <availableLanguages readOnly="true">en</availableLanguages>
        <rcn>2113921</rcn>
        <id>998543221</id>
        <vatNumber>EL094533130</vatNumber>
        <legalName>PYROGENESIS SA</legalName>
        <shortName>PYROGENESIS</shortName>
        <address>
          <street>ATHENS-LAVRION AVE, TECHNOLOGICAL PARK 1</street>
          <city>LAVRION</city>
          <postalCode>19500</postalCode>
          <country>EL</country>
          <postBox>505</postBox>
          <url>www.pyrogenesis-sa.gr</url>
        </address>
        <relations>
          <categories>
            <category classification="organizationActivityType" type="relatedOrganizationActivityType">
              <availableLanguages readOnly="true">de,en,es,fr,it,pl</availableLanguages>
              <code>/PRC</code>
              <title>Private for-profit entities (excluding Higher or Secondary Education Establishments)</title>
            </category>
          </categories>
          <regions>
            <region type="relatedRegion">
              <name>Greece</name>
              <nutsCode>GR</nutsCode>
              <euCode>EL</euCode>
              <isoCode>GR</isoCode>
              <rcn>240552488</rcn>
            </region>
          </regions>
        </relations>
      </organization>
      <organization ecContribution="334281" order="6" terminated="false" type="participant">
        <availableLanguages readOnly="true">en</availableLanguages>
        <rcn>2115893</rcn>
        <id>999884440</id>
        <vatNumber>ESQ5450008G</vatNumber>
        <legalName>UNIVERSIDAD DE ALMERIA</legalName>
        <shortName>UAL</shortName>
        <address>
          <street>CARRETERA SACRAMENTO CANADA</street>
          <city>ALMERIA</city>
          <postalCode>04120</postalCode>
          <country>ES</country>
          <url>www.ual.es</url>
        </address>
        <departmentName>Management</departmentName>
        <relations>
          <categories>
            <category classification="organizationActivityType" type="relatedOrganizationActivityType">
              <availableLanguages readOnly="true">de,en,es,fr,it,pl</availableLanguages>
              <code>/HES</code>
              <title>Higher or Secondary Education Establishments</title>
            </category>
          </categories>
          <regions>
            <region type="relatedRegion">
              <name>Spain</name>
              <nutsCode>ES</nutsCode>
              <euCode>ES</euCode>
              <isoCode>ES</isoCode>
              <rcn>242387496</rcn>
            </region>
          </regions>
        </relations>
      </organization>
      <organization ecContribution="575288" order="3" terminated="false" type="participant">
        <availableLanguages readOnly="true">en</availableLanguages>
        <rcn>1906997</rcn>
        <id>999848647</id>
        <vatNumber>ESQ3318001I</vatNumber>
        <legalName>UNIVERSIDAD DE OVIEDO</legalName>
        <shortName>UNIOVI</shortName>
        <address>
          <street>CALLE SAN FRANCISCO 3</street>
          <city>OVIEDO</city>
          <postalCode>33003</postalCode>
          <country>ES</country>
          <postBox>000</postBox>
          <url>www.uniovi.es</url>
        </address>
        <departmentName>-</departmentName>
        <relations>
          <categories>
            <category classification="organizationActivityType" type="relatedOrganizationActivityType">
              <availableLanguages readOnly="true">de,en,es,fr,it,pl</availableLanguages>
              <code>/HES</code>
              <title>Higher or Secondary Education Establishments</title>
            </category>
          </categories>
          <regions>
            <region type="relatedRegion">
              <name>Spain</name>
              <nutsCode>ES</nutsCode>
              <euCode>ES</euCode>
              <isoCode>ES</isoCode>
              <rcn>242387496</rcn>
            </region>
          </regions>
        </relations>
      </organization>
      <organization ecContribution="475000" order="4" terminated="false" type="participant">
        <availableLanguages readOnly="true">en</availableLanguages>
        <rcn>1906240</rcn>
        <id>999978530</id>
        <vatNumber>SE202100297301</vatNumber>
        <legalName>KAROLINSKA INSTITUTET</legalName>
        <shortName>KI</shortName>
        <address>
          <street>Nobels Vag 5</street>
          <city>STOCKHOLM</city>
          <postalCode>17177</postalCode>
          <country>SE</country>
          <postBox>N/A</postBox>
          <url>www.ki.se</url>
        </address>
        <departmentName>Institute of Environmental Medicine</departmentName>
        <relations>
          <categories>
            <category classification="organizationActivityType" type="relatedOrganizationActivityType">
              <availableLanguages readOnly="true">de,en,es,fr,it,pl</availableLanguages>
              <code>/HES</code>
              <title>Higher or Secondary Education Establishments</title>
            </category>
          </categories>
          <regions>
            <region type="relatedRegion">
              <name>Sweden</name>
              <nutsCode>SE</nutsCode>
              <euCode>SE</euCode>
              <isoCode>SE</isoCode>
              <rcn>473598504</rcn>
            </region>
          </regions>
        </relations>
      </organization>
      <organization ecContribution="322300" order="14" terminated="false" type="participant">
        <availableLanguages readOnly="true">en</availableLanguages>
        <rcn>1920303</rcn>
        <id>997223536</id>
        <vatNumber>PT508792657</vatNumber>
        <legalName>CIIMAR - Centro Interdisciplinar de Investigação Marinha e Ambiental</legalName>
        <shortName>CIIMAR</shortName>
        <address>
          <street>Rua dos Bragas  289</street>
          <city>Porto</city>
          <postalCode>4050-123</postalCode>
          <country>PT</country>
          <url>www.ciimar.up.pt</url>
        </address>
        <relations>
          <categories>
            <category classification="organizationActivityType" type="relatedOrganizationActivityType">
              <availableLanguages readOnly="true">de,en,es,fr,it,pl</availableLanguages>
              <code>/REC</code>
              <title>Research Organisations</title>
            </category>
          </categories>
          <regions>
            <region type="relatedRegion">
              <name>Portugal</name>
              <nutsCode>PT</nutsCode>
              <euCode>PT</euCode>
              <isoCode>PT</isoCode>
              <rcn>427199016</rcn>
            </region>
          </regions>
        </relations>
      </organization>
      <organization ecContribution="670000" order="10" terminated="true" type="participant">
        <availableLanguages readOnly="true">en</availableLanguages>
        <rcn>2393229</rcn>
        <id>944923464</id>
        <legalName>NANOMEDPHARMA LTD</legalName>
        <shortName>NMP</shortName>
        <address>
          <street>HOPE BUSINESS GATEWAY EDEN BUILDING HOPE PARK</street>
          <city>LIVERPOOL</city>
          <postalCode>L16 9JD</postalCode>
          <country>UK</country>
        </address>
        <relations>
          <categories>
            <category classification="organizationActivityType" type="relatedOrganizationActivityType">
              <availableLanguages readOnly="true">de,en,es,fr,it,pl</availableLanguages>
              <code>/PRC</code>
              <title>Private for-profit entities (excluding Higher or Secondary Education Establishments)</title>
            </category>
          </categories>
          <regions>
            <region type="relatedRegion">
              <name>United Kingdom</name>
              <nutsCode>UK</nutsCode>
              <euCode>UK</euCode>
              <isoCode>GB</isoCode>
              <rcn>508725800</rcn>
            </region>
          </regions>
        </relations>
      </organization>
      <organization ecContribution="628750" order="11" terminated="false" type="participant">
        <availableLanguages readOnly="true">en</availableLanguages>
        <rcn>2175858</rcn>
        <id>989699731</id>
        <vatNumber>IT02878840129</vatNumber>
        <legalName>KTEDOGEN SRL</legalName>
        <shortName>KTEDOGEN SRL</shortName>
        <address>
          <street>VIA MONTE MORONE SNC</street>
          <city>MALNATE</city>
          <postalCode>21046</postalCode>
          <country>IT</country>
          <url>www.ktedogen.com</url>
        </address>
        <relations>
          <categories>
            <category classification="organizationActivityType" type="relatedOrganizationActivityType">
              <availableLanguages readOnly="true">de,en,es,fr,it,pl</availableLanguages>
              <code>/PRC</code>
              <title>Private for-profit entities (excluding Higher or Secondary Education Establishments)</title>
            </category>
          </categories>
          <regions>
            <region type="relatedRegion">
              <name>Italy</name>
              <nutsCode>IT</nutsCode>
              <euCode>IT</euCode>
              <isoCode>IT</isoCode>
              <rcn>309758504</rcn>
            </region>
          </regions>
        </relations>
      </organization>
      <organization ecContribution="412375" order="15" terminated="false" type="participant">
        <availableLanguages readOnly="true">en</availableLanguages>
        <rcn>1945394</rcn>
        <id>909875521</id>
        <vatNumber>FR90130023385</vatNumber>
        <legalName>SORBONNE UNIVERSITE</legalName>
        <shortName>SU</shortName>
        <address>
          <street>21 RUE DE L'ECOLE DE MEDECINE</street>
          <city>PARIS</city>
          <postalCode>75006</postalCode>
          <country>FR</country>
        </address>
        <relations>
          <categories>
            <category classification="organizationActivityType" type="relatedOrganizationActivityType">
              <availableLanguages readOnly="true">de,en,es,fr,it,pl</availableLanguages>
              <code>/HES</code>
              <title>Higher or Secondary Education Establishments</title>
            </category>
          </categories>
          <regions>
            <region type="relatedRegion">
              <name>France</name>
              <nutsCode>FR</nutsCode>
              <euCode>FR</euCode>
              <isoCode>FR</isoCode>
              <rcn>258902568</rcn>
            </region>
          </regions>
        </relations>
      </organization>
    <categories>
      <category classification="projectFundingSchemeCategory" type="relatedProjectFundingSchemeCategory">
        <availableLanguages readOnly="true">en</availableLanguages>
        <code>/RIA</code>
        <title>Research and Innovation action</title>
      </category>
    </categories>
