  <rcn>193368</rcn>
  <acronym>ROLL2RAIL</acronym>
  <objective>The ROLL2RAIL project aims to develop key technologies and to remove already identified blocking points for radical innovation in the field of railway vehicles, as part of a longer term strategy to revolutionise the rolling stock for the future.

The high level objectives of the work are to pave the way to:
• Increase the capacity of the railway system and bring flexibility to adapt capacity to demand
• Increase availability, operational reliability and therefore punctuality of the vehicles
• Reduce the life cycle costs of the vehicle and the track
• Increase the energy efficiency of the system
• Improve passenger comfort and the attractiveness of rail transport
Specific developments are proposed the scope of ROLL2RAIL:
• Basis of a radically new traction technology based on emerging electronic components leading towards more energy-efficient traction, which is lighter and more reliable while reducing the noise emitted
• New wireless technology applied to train control functionalities will allow more flexible coupling to increase line capacity
• Carbody solutions based on lightweight composite materials to reduce weight
• A way of quantifying the life-cycle cost impact of new technological solutions for running gear;
• Knowledge database of the variety of requirements in Europe for the braking systems to bring down barriers to step-change innovation in this area 
• Standardised methodologies for assessing attractiveness and comfort from the passenger’s point of view
• Methodology for noise source separation techniques allowing implementation of novel and more efficient noise mitigation measures

It is also the objective of ROLL2RAIL to serve as a preparation for a fast and smooth start up of the large scale initiative SHIFT2RAIL. All ROLL2RAIL results will ultimately lead to demonstration in real vehicles or relevant environments in SHIFT2RAIL.</objective>
  <title>NEW DEPENDABLE ROLLING STOCK FOR A MORE SUSTAINABLE, INTELLIGENT AND COMFORTABLE RAIL TRANSPORT IN EUROPE</title>
      <organization ecContribution="1625210.54" order="5" terminated="false" type="participant">
        <availableLanguages readOnly="true">en</availableLanguages>
        <rcn>1910617</rcn>
        <id>997579138</id>
        <vatNumber>ESA20001020</vatNumber>
        <legalName>Construcciones y Auxiliar de Ferrocarriles, S.A.</legalName>
        <shortName>CAF</shortName>
        <address>
          <street>José Miguel Iturrioz 26</street>
          <city>Beasain</city>
          <postalCode>20200</postalCode>
          <country>ES</country>
          <postBox>2</postBox>
          <url>www.caf.net</url>
        </address>
        <relations>
          <categories>
            <category classification="organizationActivityType" type="relatedOrganizationActivityType">
              <availableLanguages readOnly="true">de,en,es,fr,it,pl</availableLanguages>
              <code>/PRC</code>
              <title>Private for-profit entities (excluding Higher or Secondary Education Establishments)</title>
            </category>
          </categories>
          <regions>
            <region type="relatedRegion">
              <name>Spain</name>
              <nutsCode>ES</nutsCode>
              <euCode>ES</euCode>
              <isoCode>ES</isoCode>
              <rcn>242387496</rcn>
            </region>
          </regions>
        </relations>
      </organization>
      <organization ecContribution="216281.24" order="6" terminated="false" type="participant">
        <availableLanguages readOnly="true">en</availableLanguages>
        <rcn>1909279</rcn>
        <id>999966793</id>
        <vatNumber>DE811569869</vatNumber>
        <legalName>DEUTSCHE BAHN AG</legalName>
        <shortName>DB</shortName>
        <address>
          <street>Potsdamer Platz 2</street>
          <city>BERLIN</city>
          <postalCode>10785</postalCode>
          <country>DE</country>
          <url>www.deutschebahn.com</url>
        </address>
        <relations>
          <categories>
            <category classification="organizationActivityType" type="relatedOrganizationActivityType">
              <availableLanguages readOnly="true">de,en,es,fr,it,pl</availableLanguages>
              <code>/PRC</code>
              <title>Private for-profit entities (excluding Higher or Secondary Education Establishments)</title>
            </category>
          </categories>
          <regions>
            <region type="relatedRegion">
              <name>Germany</name>
              <nutsCode>DE</nutsCode>
              <euCode>DE</euCode>
              <isoCode>DE</isoCode>
              <rcn>221940264</rcn>
            </region>
          </regions>
        </relations>
      </organization>
      <organization ecContribution="396645.31" order="23" terminated="false" type="participant">
        <availableLanguages readOnly="true">en</availableLanguages>
        <rcn>1906237</rcn>
        <id>999990946</id>
        <vatNumber>SE202100305401</vatNumber>
        <legalName>KUNGLIGA TEKNISKA HOEGSKOLAN</legalName>
        <shortName>KTH</shortName>
        <address>
          <street>BRINELLVAGEN 8</street>
          <city>STOCKHOLM</city>
          <postalCode>100 44</postalCode>
          <country>SE</country>
          <postBox>000</postBox>
          <url>www.kth.se</url>
        </address>
        <departmentName>School of Technology and Health</departmentName>
        <relations>
          <categories>
            <category classification="organizationActivityType" type="relatedOrganizationActivityType">
              <availableLanguages readOnly="true">de,en,es,fr,it,pl</availableLanguages>
              <code>/HES</code>
              <title>Higher or Secondary Education Establishments</title>
            </category>
          </categories>
          <regions>
            <region type="relatedRegion">
              <name>Sweden</name>
              <nutsCode>SE</nutsCode>
              <euCode>SE</euCode>
              <isoCode>SE</isoCode>
              <rcn>473598504</rcn>
            </region>
          </regions>
        </relations>
      </organization>
      <organization ecContribution="240000" order="1" terminated="false" type="coordinator">
        <availableLanguages readOnly="true">en</availableLanguages>
        <rcn>1907652</rcn>
        <id>999920233</id>
        <vatNumber>BE0453405417</vatNumber>
        <legalName>UNION DES INDUSTRIES FERROVIAIRES EUROPEENNES - UNIFE</legalName>
        <shortName>UNIFE</shortName>
        <address>
          <street>AVENUE LOUISE 221</street>
          <city>BRUXELLES</city>
          <postalCode>1050</postalCode>
          <country>BE</country>
          <url>www.unife.org</url>
        </address>
        <relations>
          <categories>
            <category classification="organizationActivityType" type="relatedOrganizationActivityType">
              <availableLanguages readOnly="true">de,en,es,fr,it,pl</availableLanguages>
              <code>/OTH</code>
              <title>Other</title>
            </category>
          </categories>
          <regions>
            <region type="relatedRegion">
              <name>Belgium</name>
              <nutsCode>BE</nutsCode>
              <euCode>BE</euCode>
              <isoCode>BE</isoCode>
              <rcn>188385832</rcn>
            </region>
          </regions>
        </relations>
      </organization>
      <organization ecContribution="602600.06" order="12" terminated="false" type="participant">
        <availableLanguages readOnly="true">en</availableLanguages>
        <rcn>1907633</rcn>
        <id>999941767</id>
        <vatNumber>FR35552049447</vatNumber>
        <legalName>SNCF MOBILITES</legalName>
        <shortName>SNCF-M</shortName>
        <address>
          <street>9 RUE JEAN-PHILIPPE RAMEAU</street>
          <city>ST DENIS</city>
          <postalCode>93200</postalCode>
          <country>FR</country>
          <postBox>000</postBox>
          <url>www.sncf.fr</url>
        </address>
        <departmentName>Consultant</departmentName>
        <relations>
          <categories>
            <category classification="organizationActivityType" type="relatedOrganizationActivityType">
              <availableLanguages readOnly="true">de,en,es,fr,it,pl</availableLanguages>
              <code>/PUB</code>
              <title>Public bodies (excluding Research Organisations and Secondary or Higher Education Establishments)</title>
            </category>
          </categories>
          <regions>
            <region type="relatedRegion">
              <name>France</name>
              <nutsCode>FR</nutsCode>
              <euCode>FR</euCode>
              <isoCode>FR</isoCode>
              <rcn>258902568</rcn>
            </region>
          </regions>
        </relations>
      </organization>
      <organization ecContribution="173331.1" order="29" terminated="false" type="participant">
        <availableLanguages readOnly="true">en</availableLanguages>
        <rcn>1906702</rcn>
        <id>998051625</id>
        <legalName>METRO DE MADRID SA</legalName>
        <shortName>MDM</shortName>
        <address>
          <street>Calle Cavanilles 58</street>
          <city>MADRID</city>
          <postalCode>28007</postalCode>
          <country>ES</country>
          <url>www.metromadrid.es</url>
        </address>
        <relations>
          <categories>
            <category classification="organizationActivityType" type="relatedOrganizationActivityType">
              <availableLanguages readOnly="true">de,en,es,fr,it,pl</availableLanguages>
              <code>/PRC</code>
              <title>Private for-profit entities (excluding Higher or Secondary Education Establishments)</title>
            </category>
          </categories>
          <regions>
            <region type="relatedRegion">
              <name>Spain</name>
              <nutsCode>ES</nutsCode>
              <euCode>ES</euCode>
              <isoCode>ES</isoCode>
              <rcn>242387496</rcn>
            </region>
          </regions>
        </relations>
      </organization>
      <organization ecContribution="426709.38" order="19" terminated="false" type="participant">
        <availableLanguages readOnly="true">en</availableLanguages>
        <rcn>1905912</rcn>
        <id>999984059</id>
        <vatNumber>DE129515865</vatNumber>
        <legalName>FRAUNHOFER GESELLSCHAFT ZUR FOERDERUNG DER ANGEWANDTEN FORSCHUNG E.V.</legalName>
        <shortName>Fraunhofer</shortName>
        <address>
          <street>HANSASTRASSE 27C</street>
          <city>MUNCHEN</city>
          <postalCode>80686</postalCode>
          <country>DE</country>
          <postBox>000</postBox>
          <url>www.fraunhofer.de</url>
        </address>
        <departmentName>Integrated Project Management</departmentName>
        <relations>
          <categories>
            <category classification="organizationActivityType" type="relatedOrganizationActivityType">
              <availableLanguages readOnly="true">de,en,es,fr,it,pl</availableLanguages>
              <code>/REC</code>
              <title>Research Organisations</title>
            </category>
          </categories>
          <regions>
            <region type="relatedRegion">
              <name>Germany</name>
              <nutsCode>DE</nutsCode>
              <euCode>DE</euCode>
              <isoCode>DE</isoCode>
              <rcn>221940264</rcn>
            </region>
          </regions>
        </relations>
      </organization>
      <organization ecContribution="240000" order="14" terminated="false" type="participant">
        <availableLanguages readOnly="true">en</availableLanguages>
        <rcn>1905995</rcn>
        <id>999971934</id>
        <vatNumber>FR01383470937</vatNumber>
        <legalName>THALES COMMUNICATIONS &amp; SECURITY SAS</legalName>
        <shortName>THALES</shortName>
        <address>
          <street>AVENUE DES LOUVRESSES 4</street>
          <city>GENNEVILLIERS</city>
          <postalCode>92230</postalCode>
          <country>FR</country>
          <postBox>000</postBox>
          <url>www.thalesgroup.com</url>
        </address>
        <departmentName>Technology</departmentName>
        <relations>
          <categories>
            <category classification="organizationActivityType" type="relatedOrganizationActivityType">
              <availableLanguages readOnly="true">de,en,es,fr,it,pl</availableLanguages>
              <code>/PRC</code>
              <title>Private for-profit entities (excluding Higher or Secondary Education Establishments)</title>
            </category>
          </categories>
          <regions>
            <region type="relatedRegion">
              <name>France</name>
              <nutsCode>FR</nutsCode>
              <euCode>FR</euCode>
              <isoCode>FR</isoCode>
              <rcn>258902568</rcn>
            </region>
          </regions>
        </relations>
      </organization>
      <organization ecContribution="365984.38" order="16" terminated="false" type="participant">
        <availableLanguages readOnly="true">en</availableLanguages>
        <rcn>1910550</rcn>
        <id>996572472</id>
        <vatNumber>ESA97516058</vatNumber>
        <legalName>STADLER RAIL VALENCIA SAU</legalName>
        <shortName>STAV</shortName>
        <address>
          <street>CALLE MITXERA 6</street>
          <city>ALBUIXECH</city>
          <postalCode>46550</postalCode>
          <country>ES</country>
        </address>
        <relations>
          <categories>
            <category classification="organizationActivityType" type="relatedOrganizationActivityType">
              <availableLanguages readOnly="true">de,en,es,fr,it,pl</availableLanguages>
              <code>/PRC</code>
              <title>Private for-profit entities (excluding Higher or Secondary Education Establishments)</title>
            </category>
          </categories>
          <regions>
            <region type="relatedRegion">
              <name>Spain</name>
              <nutsCode>ES</nutsCode>
              <euCode>ES</euCode>
              <isoCode>ES</isoCode>
              <rcn>242387496</rcn>
            </region>
          </regions>
        </relations>
      </organization>
      <organization ecContribution="100000" order="15" terminated="false" type="participant">
        <availableLanguages readOnly="true">en</availableLanguages>
        <rcn>1910535</rcn>
        <id>984295764</id>
        <legalName>TRAFIKVERKET - TRV</legalName>
        <shortName>TRV</shortName>
        <address>
          <street>RODA VAGEN 1</street>
          <city>BORLANGE</city>
          <postalCode>781 89</postalCode>
          <country>SE</country>
          <url>www.trafikverket.se</url>
        </address>
        <relations>
          <categories>
            <category classification="organizationActivityType" type="relatedOrganizationActivityType">
              <availableLanguages readOnly="true">de,en,es,fr,it,pl</availableLanguages>
              <code>/PUB</code>
              <title>Public bodies (excluding Research Organisations and Secondary or Higher Education Establishments)</title>
            </category>
          </categories>
          <regions>
            <region type="relatedRegion">
              <name>Sweden</name>
              <nutsCode>SE</nutsCode>
              <euCode>SE</euCode>
              <isoCode>SE</isoCode>
              <rcn>473598504</rcn>
            </region>
          </regions>
        </relations>
      </organization>
      <organization ecContribution="227500" order="8" terminated="false" type="participant">
        <availableLanguages readOnly="true">en</availableLanguages>
        <rcn>1910623</rcn>
        <id>999949624</id>
        <vatNumber>IT05403151003</vatNumber>
        <legalName>TRENITALIA SPA</legalName>
        <shortName>TRI</shortName>
        <address>
          <street>PIAZZA DELLA CROCE ROSSA 1</street>
          <city>ROMA</city>
          <postalCode>00161</postalCode>
          <country>IT</country>
          <url>www.trenitalia.com</url>
        </address>
        <relations>
          <categories>
            <category classification="organizationActivityType" type="relatedOrganizationActivityType">
              <availableLanguages readOnly="true">de,en,es,fr,it,pl</availableLanguages>
              <code>/PRC</code>
              <title>Private for-profit entities (excluding Higher or Secondary Education Establishments)</title>
            </category>
          </categories>
          <regions>
            <region type="relatedRegion">
              <name>Italy</name>
              <nutsCode>IT</nutsCode>
              <euCode>IT</euCode>
              <isoCode>IT</isoCode>
              <rcn>309758504</rcn>
            </region>
          </regions>
        </relations>
      </organization>
      <organization ecContribution="223312.5" order="10" terminated="false" type="participant">
        <availableLanguages readOnly="true">en</availableLanguages>
        <rcn>1913285</rcn>
        <id>999540963</id>
        <vatNumber>GB798650956</vatNumber>
        <legalName>NETWORK RAIL INFRASTRUCTURE LIMITED</legalName>
        <shortName>NR</shortName>
        <address>
          <street>1 EVERSHOLT STREET</street>
          <city>LONDON</city>
          <postalCode>NW1 2DN</postalCode>
          <country>UK</country>
        </address>
        <relations>
          <categories>
            <category classification="organizationActivityType" type="relatedOrganizationActivityType">
              <availableLanguages readOnly="true">de,en,es,fr,it,pl</availableLanguages>
              <code>/PRC</code>
              <title>Private for-profit entities (excluding Higher or Secondary Education Establishments)</title>
            </category>
          </categories>
          <regions>
            <region type="relatedRegion">
              <name>United Kingdom</name>
              <nutsCode>UK</nutsCode>
              <euCode>UK</euCode>
              <isoCode>GB</isoCode>
              <rcn>508725800</rcn>
            </region>
          </regions>
        </relations>
      </organization>
      <organization ecContribution="489984.6" order="17" terminated="false" type="participant">
        <availableLanguages readOnly="true">en</availableLanguages>
        <rcn>1905780</rcn>
        <id>999951467</id>
        <vatNumber>IT03476550102</vatNumber>
        <legalName>RINA CONSULTING SPA</legalName>
        <shortName>DAPP</shortName>
        <address>
          <street>VIA SAN NAZARO 19</street>
          <city>GENOVA</city>
          <postalCode>16145</postalCode>
          <country>IT</country>
          <postBox>000</postBox>
          <url>www.dappolonia.it</url>
        </address>
        <departmentName>Innovation Consulting Division</departmentName>
        <relations>
          <categories>
            <category classification="organizationActivityType" type="relatedOrganizationActivityType">
              <availableLanguages readOnly="true">de,en,es,fr,it,pl</availableLanguages>
              <code>/PRC</code>
              <title>Private for-profit entities (excluding Higher or Secondary Education Establishments)</title>
            </category>
          </categories>
          <regions>
            <region type="relatedRegion">
              <name>Italy</name>
              <nutsCode>IT</nutsCode>
              <euCode>IT</euCode>
              <isoCode>IT</isoCode>
              <rcn>309758504</rcn>
            </region>
          </regions>
        </relations>
      </organization>
      <organization ecContribution="299250" order="26" terminated="false" type="participant">
        <availableLanguages readOnly="true">en</availableLanguages>
        <rcn>1906917</rcn>
        <id>999868047</id>
        <vatNumber>ATU57532824</vatNumber>
        <legalName>PARIS-LODRON-UNIVERSITAT SALZBURG</legalName>
        <shortName>PLUS</shortName>
        <address>
          <street>KAPITELGASSE 4-6</street>
          <city>SALZBURG</city>
          <postalCode>5020</postalCode>
          <country>AT</country>
          <postBox>000</postBox>
          <url>www.uni-salzburg.at</url>
        </address>
        <relations>
          <categories>
            <category classification="organizationActivityType" type="relatedOrganizationActivityType">
              <availableLanguages readOnly="true">de,en,es,fr,it,pl</availableLanguages>
              <code>/HES</code>
              <title>Higher or Secondary Education Establishments</title>
            </category>
          </categories>
          <regions>
            <region type="relatedRegion">
              <name>Austria</name>
              <nutsCode>AT</nutsCode>
              <euCode>AT</euCode>
              <isoCode>AT</isoCode>
              <rcn>175540776</rcn>
            </region>
          </regions>
        </relations>
      </organization>
      <organization ecContribution="63332.74" order="3" terminated="true" type="participant">
        <availableLanguages readOnly="true">en</availableLanguages>
        <rcn>1910612</rcn>
        <id>999423981</id>
        <vatNumber>07766520634</vatNumber>
        <legalName>ANSALDOBREDA S.P.A.</legalName>
        <shortName>AB</shortName>
        <address>
          <street>Via Argine, 425</street>
          <city>NAPOLI</city>
          <postalCode>80100</postalCode>
          <country>IT</country>
          <url>www.ansaldobreda.it</url>
        </address>
        <relations>
          <categories>
            <category classification="organizationActivityType" type="relatedOrganizationActivityType">
              <availableLanguages readOnly="true">de,en,es,fr,it,pl</availableLanguages>
              <code>/PRC</code>
              <title>Private for-profit entities (excluding Higher or Secondary Education Establishments)</title>
            </category>
          </categories>
          <regions>
            <region type="relatedRegion">
              <name>Italy</name>
              <nutsCode>IT</nutsCode>
              <euCode>IT</euCode>
              <isoCode>IT</isoCode>
              <rcn>309758504</rcn>
            </region>
          </regions>
        </relations>
      </organization>
      <organization ecContribution="701131.74" order="13" terminated="false" type="participant">
        <availableLanguages readOnly="true">en</availableLanguages>
        <rcn>1920194</rcn>
        <id>971996164</id>
        <vatNumber>ESB84528553</vatNumber>
        <legalName>PATENTES TALGO SL</legalName>
        <shortName>TALGO</shortName>
        <address>
          <street>PASEO DEL TREN TALGO 2</street>
          <city>LAS ROZAS DE MADRID</city>
          <postalCode>28290</postalCode>
          <country>ES</country>
          <url>www.talgo.com</url>
        </address>
        <relations>
          <categories>
            <category classification="organizationActivityType" type="relatedOrganizationActivityType">
              <availableLanguages readOnly="true">de,en,es,fr,it,pl</availableLanguages>
              <code>/PRC</code>
              <title>Private for-profit entities (excluding Higher or Secondary Education Establishments)</title>
            </category>
          </categories>
          <regions>
            <region type="relatedRegion">
              <name>Spain</name>
              <nutsCode>ES</nutsCode>
              <euCode>ES</euCode>
              <isoCode>ES</isoCode>
              <rcn>242387496</rcn>
            </region>
          </regions>
        </relations>
      </organization>
      <organization ecContribution="746084.38" order="18" terminated="false" type="participant">
        <availableLanguages readOnly="true">en</availableLanguages>
        <rcn>1905579</rcn>
        <id>999981731</id>
        <vatNumber>DE121965658</vatNumber>
        <legalName>DEUTSCHES ZENTRUM FUER LUFT - UND RAUMFAHRT EV</legalName>
        <shortName>DLR</shortName>
        <address>
          <street>Linder Hoehe</street>
          <city>KOELN</city>
          <postalCode>51147</postalCode>
          <country>DE</country>
          <url>www.dlr.de</url>
        </address>
        <departmentName>Contract Administration Oberpfaffenhofen</departmentName>
        <relations>
          <categories>
            <category classification="organizationActivityType" type="relatedOrganizationActivityType">
              <availableLanguages readOnly="true">de,en,es,fr,it,pl</availableLanguages>
              <code>/REC</code>
              <title>Research Organisations</title>
            </category>
          </categories>
          <regions>
            <region type="relatedRegion">
              <name>Germany</name>
              <nutsCode>DE</nutsCode>
              <euCode>DE</euCode>
              <isoCode>DE</isoCode>
              <rcn>221940264</rcn>
            </region>
          </regions>
        </relations>
      </organization>
      <organization ecContribution="202812.5" order="28" terminated="false" type="participant">
        <availableLanguages readOnly="true">en</availableLanguages>
        <rcn>1914567</rcn>
        <id>997885852</id>
        <vatNumber>ATU54713500</vatNumber>
        <legalName>Kompetenzzentrum - Das Virtuelle Fahrzeug, Forschungsgesellschaft mbH</legalName>
        <shortName>VIF</shortName>
        <address>
          <street>Inffeldgasse  21 A</street>
          <city>Graz</city>
          <postalCode>8010</postalCode>
          <country>AT</country>
          <url>www.v2c2.at</url>
        </address>
        <departmentName>Finance and Controlling</departmentName>
        <relations>
          <categories>
            <category classification="organizationActivityType" type="relatedOrganizationActivityType">
              <availableLanguages readOnly="true">de,en,es,fr,it,pl</availableLanguages>
              <code>/REC</code>
              <title>Research Organisations</title>
            </category>
          </categories>
          <regions>
            <region type="relatedRegion">
              <name>Austria</name>
              <nutsCode>AT</nutsCode>
              <euCode>AT</euCode>
              <isoCode>AT</isoCode>
              <rcn>175540776</rcn>
            </region>
          </regions>
        </relations>
      </organization>
      <organization ecContribution="16760.71" order="31" terminated="false" type="participant">
        <availableLanguages readOnly="true">en</availableLanguages>
        <rcn>1905637</rcn>
        <id>999969606</id>
        <vatNumber>SK2020677824</vatNumber>
        <legalName>ZILINSKA UNIVERZITA V ZILINE</legalName>
        <shortName>UNIZA</shortName>
        <address>
          <street>UNIVERZITNA 8215/1</street>
          <city>ZILINA</city>
          <postalCode>010 26</postalCode>
          <country>SK</country>
          <postBox>000</postBox>
          <url>www.uniza.sk</url>
        </address>
        <relations>
          <categories>
            <category classification="organizationActivityType" type="relatedOrganizationActivityType">
              <availableLanguages readOnly="true">de,en,es,fr,it,pl</availableLanguages>
              <code>/HES</code>
              <title>Higher or Secondary Education Establishments</title>
            </category>
          </categories>
          <regions>
            <region type="relatedRegion">
              <name>Slovakia</name>
              <nutsCode>SK</nutsCode>
              <euCode>SK</euCode>
              <isoCode>SK</isoCode>
              <rcn>475171368</rcn>
            </region>
          </regions>
        </relations>
      </organization>
      <organization ecContribution="79412.5" order="22" terminated="false" type="participant">
        <availableLanguages readOnly="true">en</availableLanguages>
        <rcn>1905627</rcn>
        <id>999975329</id>
        <vatNumber>GB568630414</vatNumber>
        <legalName>UNIVERSITY OF SOUTHAMPTON</legalName>
        <shortName>SOUTHAMPTON</shortName>
        <address>
          <street>Highfield</street>
          <city>SOUTHAMPTON</city>
          <postalCode>SO17 1BJ</postalCode>
          <country>UK</country>
          <postBox>N/A</postBox>
          <url>http://www.southampton.ac.uk</url>
        </address>
        <departmentName>IT Innovation</departmentName>
        <relations>
          <categories>
            <category classification="organizationActivityType" type="relatedOrganizationActivityType">
              <availableLanguages readOnly="true">de,en,es,fr,it,pl</availableLanguages>
              <code>/HES</code>
              <title>Higher or Secondary Education Establishments</title>
            </category>
          </categories>
          <regions>
            <region type="relatedRegion">
              <name>United Kingdom</name>
              <nutsCode>UK</nutsCode>
              <euCode>UK</euCode>
              <isoCode>GB</isoCode>
              <rcn>508725800</rcn>
            </region>
          </regions>
        </relations>
      </organization>
      <organization ecContribution="573429.25" order="32" terminated="false" type="participant">
        <availableLanguages readOnly="true">en</availableLanguages>
        <rcn>3145641</rcn>
        <id>923573279</id>
        <vatNumber>IT13264171003</vatNumber>
        <legalName>HITACHI RAIL ITALY SpA</legalName>
        <shortName>HRI</shortName>
        <address>
          <street>VIA ARGINE 425</street>
          <city>NAPOLI NA</city>
          <postalCode>80147</postalCode>
          <country>IT</country>
        </address>
        <relations>
          <categories>
            <category classification="organizationActivityType" type="relatedOrganizationActivityType">
              <availableLanguages readOnly="true">de,en,es,fr,it,pl</availableLanguages>
              <code>/PRC</code>
              <title>Private for-profit entities (excluding Higher or Secondary Education Establishments)</title>
            </category>
          </categories>
          <regions>
            <region type="relatedRegion">
              <name>Italy</name>
              <nutsCode>IT</nutsCode>
              <euCode>IT</euCode>
              <isoCode>IT</isoCode>
              <rcn>309758504</rcn>
            </region>
          </regions>
        </relations>
      </organization>
      <organization ecContribution="134674.38" order="9" terminated="false" type="participant">
        <availableLanguages readOnly="true">en</availableLanguages>
        <rcn>1944690</rcn>
        <id>996654922</id>
        <vatNumber>DE129395680</vatNumber>
        <legalName>KNORR-BREMSE SYSTEME FUR SCHIENENFAHRZEUGE GMBH*KB</legalName>
        <shortName>KB</shortName>
        <address>
          <street>MOOSACHER STRASSE  80</street>
          <city>MUNCHEN</city>
          <postalCode>80809</postalCode>
          <country>DE</country>
          <url>www.knorr-bremse.com</url>
        </address>
        <relations>
          <categories>
            <category classification="organizationActivityType" type="relatedOrganizationActivityType">
              <availableLanguages readOnly="true">de,en,es,fr,it,pl</availableLanguages>
              <code>/PRC</code>
              <title>Private for-profit entities (excluding Higher or Secondary Education Establishments)</title>
            </category>
          </categories>
          <regions>
            <region type="relatedRegion">
              <name>Germany</name>
              <nutsCode>DE</nutsCode>
              <euCode>DE</euCode>
              <isoCode>DE</isoCode>
              <rcn>221940264</rcn>
            </region>
          </regions>
        </relations>
      </organization>
      <organization ecContribution="2052407.45" order="4" terminated="false" type="participant">
        <availableLanguages readOnly="true">en</availableLanguages>
        <rcn>1907643</rcn>
        <id>998829468</id>
        <vatNumber>DE811928847</vatNumber>
        <legalName>BOMBARDIER TRANSPORTATION GMBH</legalName>
        <shortName>BTG</shortName>
        <address>
          <street>EICHHORNSTRASSE 3</street>
          <city>BERLIN</city>
          <postalCode>10785</postalCode>
          <country>DE</country>
          <postBox>000</postBox>
          <url>www.bombardier.de/en/transportation</url>
        </address>
        <relations>
          <categories>
            <category classification="organizationActivityType" type="relatedOrganizationActivityType">
              <availableLanguages readOnly="true">de,en,es,fr,it,pl</availableLanguages>
              <code>/PRC</code>
              <title>Private for-profit entities (excluding Higher or Secondary Education Establishments)</title>
            </category>
          </categories>
          <regions>
            <region type="relatedRegion">
              <name>Germany</name>
              <nutsCode>DE</nutsCode>
              <euCode>DE</euCode>
              <isoCode>DE</isoCode>
              <rcn>221940264</rcn>
            </region>
          </regions>
        </relations>
      </organization>
      <organization ecContribution="138468.75" order="24" terminated="false" type="participant">
        <availableLanguages readOnly="true">en</availableLanguages>
        <rcn>1905660</rcn>
        <id>999879881</id>
        <vatNumber>IT04376620151</vatNumber>
        <legalName>POLITECNICO DI MILANO</legalName>
        <shortName>POLIMI</shortName>
        <address>
          <street>PIAZZA LEONARDO DA VINCI 32</street>
          <city>MILANO</city>
          <postalCode>20133</postalCode>
          <country>IT</country>
          <postBox>000</postBox>
          <url>www.polimi.it</url>
        </address>
        <departmentName>Dipartimento di Elettronica</departmentName>
        <departmentName>Informazione e Bioingegneria</departmentName>
        <relations>
          <categories>
            <category classification="organizationActivityType" type="relatedOrganizationActivityType">
              <availableLanguages readOnly="true">de,en,es,fr,it,pl</availableLanguages>
              <code>/HES</code>
              <title>Higher or Secondary Education Establishments</title>
            </category>
          </categories>
          <regions>
            <region type="relatedRegion">
              <name>Italy</name>
              <nutsCode>IT</nutsCode>
              <euCode>IT</euCode>
              <isoCode>IT</isoCode>
              <rcn>309758504</rcn>
            </region>
          </regions>
        </relations>
      </organization>
      <organization ecContribution="231961.25" order="25" terminated="false" type="participant">
        <availableLanguages readOnly="true">en</availableLanguages>
        <rcn>1914989</rcn>
        <id>973232332</id>
        <vatNumber>CZ64948706</vatNumber>
        <legalName>UNICONTROLS A.S.</legalName>
        <shortName>UCO</shortName>
        <address>
          <street>KRENICKA 2257</street>
          <city>PRAHA</city>
          <postalCode>100 00</postalCode>
          <country>CZ</country>
          <url>www.unicontrols.cz</url>
        </address>
        <relations>
          <categories>
            <category classification="organizationActivityType" type="relatedOrganizationActivityType">
              <availableLanguages readOnly="true">de,en,es,fr,it,pl</availableLanguages>
              <code>/PRC</code>
              <title>Private for-profit entities (excluding Higher or Secondary Education Establishments)</title>
            </category>
          </categories>
          <regions>
            <region type="relatedRegion">
              <name>Czech Republic</name>
              <nutsCode>CZ</nutsCode>
              <euCode>CZ</euCode>
              <isoCode>CZ</isoCode>
              <rcn>210668072</rcn>
            </region>
          </regions>
        </relations>
      </organization>
      <organization ecContribution="83000" order="27" terminated="false" type="participant">
        <availableLanguages readOnly="true">en</availableLanguages>
        <rcn>2209834</rcn>
        <id>949404961</id>
        <legalName>RAILENIUM</legalName>
        <shortName>RLN</shortName>
        <address>
          <street>180 RUE JOSEPH-LOUIS LAGRANGE TECHNOPOLE TRANSALLEY</street>
          <city>FAMARS</city>
          <postalCode>59300</postalCode>
          <country>FR</country>
          <url>www.railenium.eu</url>
        </address>
        <relations>
          <categories>
            <category classification="organizationActivityType" type="relatedOrganizationActivityType">
              <availableLanguages readOnly="true">de,en,es,fr,it,pl</availableLanguages>
              <code>/OTH</code>
              <title>Other</title>
            </category>
          </categories>
          <regions>
            <region type="relatedRegion">
              <name>France</name>
              <nutsCode>FR</nutsCode>
              <euCode>FR</euCode>
              <isoCode>FR</isoCode>
              <rcn>258902568</rcn>
            </region>
          </regions>
        </relations>
      </organization>
      <organization ecContribution="270824.38" order="30" terminated="false" type="participant">
        <availableLanguages readOnly="true">en</availableLanguages>
        <rcn>1906187</rcn>
        <id>968126446</id>
        <vatNumber>FR95130013428</vatNumber>
        <legalName>INSTITUT FRANCAIS DES SCIENCES ET TECHNOLOGIES DES TRANSPORTS, DE L'AMENAGEMENT ET DES RESEAUX</legalName>
        <shortName>IFSTTAR</shortName>
        <address>
          <street>BOULEVARD ISAAC NEWTON 14 CITE DESCARTES 14-20</street>
          <city>MARNE LA VALLEE CEDEX 2</city>
          <postalCode>77447</postalCode>
          <country>FR</country>
          <url>www.ifsttar.fr</url>
        </address>
        <relations>
          <categories>
            <category classification="organizationActivityType" type="relatedOrganizationActivityType">
              <availableLanguages readOnly="true">de,en,es,fr,it,pl</availableLanguages>
              <code>/REC</code>
              <title>Research Organisations</title>
            </category>
          </categories>
          <regions>
            <region type="relatedRegion">
              <name>France</name>
              <nutsCode>FR</nutsCode>
              <euCode>FR</euCode>
              <isoCode>FR</isoCode>
              <rcn>258902568</rcn>
            </region>
          </regions>
        </relations>
      </organization>
      <organization ecContribution="99246.88" order="7" terminated="false" type="participant">
        <availableLanguages readOnly="true">en</availableLanguages>
        <rcn>1910543</rcn>
        <id>989662095</id>
        <vatNumber>IT00784220238</vatNumber>
        <legalName>FAIVELEY TRANSPORT ITALIA SPA</legalName>
        <shortName>FTI</shortName>
        <address>
          <street>VIA VOLVERA 51</street>
          <city>PIOSSASCO TO</city>
          <postalCode>10045</postalCode>
          <country>IT</country>
          <url>www.faiveleytransport.com</url>
        </address>
        <relations>
          <categories>
            <category classification="organizationActivityType" type="relatedOrganizationActivityType">
              <availableLanguages readOnly="true">de,en,es,fr,it,pl</availableLanguages>
              <code>/PRC</code>
              <title>Private for-profit entities (excluding Higher or Secondary Education Establishments)</title>
            </category>
          </categories>
          <regions>
            <region type="relatedRegion">
              <name>Italy</name>
              <nutsCode>IT</nutsCode>
              <euCode>IT</euCode>
              <isoCode>IT</isoCode>
              <rcn>309758504</rcn>
            </region>
          </regions>
        </relations>
      </organization>
      <organization ecContribution="2515356.38" order="2" terminated="false" type="participant">
        <availableLanguages readOnly="true">en</availableLanguages>
        <rcn>1907630</rcn>
        <id>999804900</id>
        <vatNumber>FR53389191982</vatNumber>
        <legalName>ALSTOM TRANSPORT SA</legalName>
        <shortName>ALS</shortName>
        <address>
          <street>48 RUE ALBERT DHALENNE</street>
          <city>SAINT OUEN</city>
          <postalCode>93400</postalCode>
          <country>FR</country>
          <url>www.alstom.com</url>
        </address>
        <departmentName>AT Technical</departmentName>
        <relations>
          <categories>
            <category classification="organizationActivityType" type="relatedOrganizationActivityType">
              <availableLanguages readOnly="true">de,en,es,fr,it,pl</availableLanguages>
              <code>/PRC</code>
              <title>Private for-profit entities (excluding Higher or Secondary Education Establishments)</title>
            </category>
          </categories>
          <regions>
            <region type="relatedRegion">
              <name>France</name>
              <nutsCode>FR</nutsCode>
              <euCode>FR</euCode>
              <isoCode>FR</isoCode>
              <rcn>258902568</rcn>
            </region>
          </regions>
        </relations>
      </organization>
      <organization ecContribution="1653897.28" order="11" terminated="false" type="participant">
        <availableLanguages readOnly="true">en</availableLanguages>
        <rcn>1905638</rcn>
        <id>999987260</id>
        <vatNumber>DE129274202</vatNumber>
        <legalName>SIEMENS AKTIENGESELLSCHAFT</legalName>
        <shortName>SIEMENS AG</shortName>
        <address>
          <street>WERNER-VON-SIEMENS-STR. 1</street>
          <city>MUNCHEN</city>
          <postalCode>80333</postalCode>
          <country>DE</country>
          <postBox>000</postBox>
          <url>www.siemens.com</url>
        </address>
        <departmentName>Corporate Technology</departmentName>
        <relations>
          <categories>
            <category classification="organizationActivityType" type="relatedOrganizationActivityType">
              <availableLanguages readOnly="true">de,en,es,fr,it,pl</availableLanguages>
              <code>/PRC</code>
              <title>Private for-profit entities (excluding Higher or Secondary Education Establishments)</title>
            </category>
          </categories>
          <regions>
            <region type="relatedRegion">
              <name>Germany</name>
              <nutsCode>DE</nutsCode>
              <euCode>DE</euCode>
              <isoCode>DE</isoCode>
              <rcn>221940264</rcn>
            </region>
          </regions>
        </relations>
      </organization>
      <organization ecContribution="311605.2" order="20" terminated="false" type="participant">
        <availableLanguages readOnly="true">en</availableLanguages>
        <rcn>1919907</rcn>
        <id>999605662</id>
        <vatNumber>ESG20079695</vatNumber>
        <legalName>ASOCIACION CENTRO TECNOLOGICO CEIT-IK4</legalName>
        <shortName>CEIT</shortName>
        <address>
          <street>PASEO MANUEL DE LARDIZABAL 15</street>
          <city>SAN SEBASTIAN</city>
          <postalCode>20018</postalCode>
          <country>ES</country>
          <postBox>1555</postBox>
          <url>www.ceit.es</url>
        </address>
        <departmentName>ELECTRONICS AND COMMUNICATIONS DEPARTMENT</departmentName>
        <relations>
          <categories>
            <category classification="organizationActivityType" type="relatedOrganizationActivityType">
              <availableLanguages readOnly="true">de,en,es,fr,it,pl</availableLanguages>
              <code>/REC</code>
              <title>Research Organisations</title>
            </category>
          </categories>
          <regions>
            <region type="relatedRegion">
              <name>Spain</name>
              <nutsCode>ES</nutsCode>
              <euCode>ES</euCode>
              <isoCode>ES</isoCode>
              <rcn>242387496</rcn>
            </region>
          </regions>
        </relations>
      </organization>
      <organization ecContribution="498785.12" order="21" terminated="false" type="participant">
        <availableLanguages readOnly="true">en</availableLanguages>
        <rcn>1908646</rcn>
        <id>999581315</id>
        <vatNumber>ESF20079828</vatNumber>
        <legalName>IKERLAN S COOP</legalName>
        <shortName>IKERLAN</shortName>
        <address>
          <street>P JOSE MARIA ARIZMENDIARRIETA 2</street>
          <city>MONDRAGON</city>
          <postalCode>20500</postalCode>
          <country>ES</country>
          <url>www.ikerlan.es</url>
        </address>
        <departmentName>MICROSYSTEMS</departmentName>
        <relations>
          <categories>
            <category classification="organizationActivityType" type="relatedOrganizationActivityType">
              <availableLanguages readOnly="true">de,en,es,fr,it,pl</availableLanguages>
              <code>/REC</code>
              <title>Research Organisations</title>
            </category>
          </categories>
          <regions>
            <region type="relatedRegion">
              <name>Spain</name>
              <nutsCode>ES</nutsCode>
              <euCode>ES</euCode>
              <isoCode>ES</isoCode>
              <rcn>242387496</rcn>
            </region>
          </regions>
        </relations>
      </organization>
    <categories>
      <category classification="projectFundingSchemeCategory" type="relatedProjectFundingSchemeCategory">
        <availableLanguages readOnly="true">en</availableLanguages>
        <code>/RIA</code>
        <title>Research and Innovation action</title>
      </category>
    </categories>
