<?xml version="1.0" encoding="UTF-8"?>
<project xmlns="http://cordis.europa.eu">
  <rcn>193309</rcn>
  <acronym>SCOPE</acronym>
  <objective>Chronic kidney disease (CKD) is an important public health problem worldwide, especially in older people. Indeed, population aging in industrialized countries is accompanied by an increase in the prevalence of CKD and its complications. Although its prevalence and the importance of an early diagnosis to prevent complications such as end-renal stage disease (ESRD), screening programme in Europe are highly heterogeneous, fragmented, being in most cases based on opportunistic rather than structured assessments of patients. The main objective of the SCOPE project is to evaluate a large scale screening programme for CKD in the older population (age 75+) in Europe. Specific objectives are (i) to assess existing methodologies to screen for CKD among older adults, including the use of Comprehensive Geriatric Assessments (CGA); (ii) to investigate innovative biomarkers potentially useful for CKD screening; (iii) to evaluate the cost-effectiveness of CKD screening in a population at high risk of kidney function decline and ESRD; (iv) to provide evidence for further development of European recommendations, as well as an education programme in this field. This will be achieved also thanks to the creation of a large observational database including a cohort of older people aged 75 years or more, enrolled within the framework of an observational, multinational, multicenter, prospective study with a 2-year follow up. The SCOPE database will include a CGA-based screening and a collection of biological samples at baseline and at regular intervals during the study.
The SCOPE project will provide evidence for the increased use, or discontinuation of, existing screening and prevention programmes in the field of CKD, allowing informed decisions by policymakers. It will contribute to capacity building in the assessment of such screening and prevention programmes in an equitable and cost-effective manner, thus improving health outcomes in the older European population.</objective>
  <title>Screening for Chronic Kidney Disease (CKD)  among Older People across Europe (SCOPE)</title>
        <identifier>H2020-PHC-2014-two-stage</identifier>
</project>
