<?xml version="1.0" encoding="UTF-8"?>
<project xmlns="http://cordis.europa.eu">
  <rcn>193287</rcn>
  <acronym>EU-CaRE</acronym>
  <objective>Cardiovascular diseases (CVD) cause over 4 million deaths in Europe each year and mass disability: within the coming decades the disability-adjusted life years (DALYs) estimate is expected to rise from a loss of 85 million DALYs in 1990 to a loss of  150 million DALYs globally in 2020. Moreover, patient numbers are expected to rise rapidly in the next decades, due to an ageing society such that the burden of CVD for both patients and the healthcare sector will further rise.

Cardiac rehabilitation (CR) is recognised as an effective approach for risk reduction and long term care of patients facing cardiovascular diseases (CVD). However, knowledge on CR in the elderly is limited, while tailoring of CR programmes to the elderly is needed. The reasons for this relates to the following aspects: 1) the elderly account for the majority of cardiac admissions and procedures, yet studies on cardiac rehabilitation have traditionally focused on younger patients , 2) many older patients who would derive benefit from CR interventions, do not participate, 3) there is a lack of commitment and adherence to CR within in the older population with only a minority completing the full programme  and 4) a cardiovascular event in elderly patients could be a trigger for disability and dependence. Knowledge is lacking on effective approaches for this specific target group and moreover the specific challenges related to the target group must be addressed.

With the ambition to achieve a breakthrough in cardiac care,  the main objective of EU-CaRE is thus to obtain the evidence base to improve, tailor and optimise CR programmes regarding sustainable effectiveness, cost-effectiveness and participation level in the elderly. This is achieved through an comparative effectiveness analysis of current conventional cardiac rehabilitation programmes (CR), as well as new innovative mobile telemonitoring guided cardiac rehabilitation (mCR). As such, the project addresses the objectives of call PHC 17.</objective>
  <title>A EUropean study on effectiveness and sustainability of current Cardiac Rehabilitation programmes in the Elderly</title>
        <identifier>H2020-PHC-2014-two-stage</identifier>
</project>
