<?xml version="1.0" encoding="UTF-8"?>
<project xmlns="http://cordis.europa.eu">
  <rcn>193406</rcn>
  <acronym>HERMES</acronym>
  <objective>Rail freight transportation is a system service where a multitude of players, participants and systems providers bear a high degree of responsibility for its attractiveness and performance. It shows high efficiency as transportation means, in terms of land use and energy consumption and low greenhouse gas emissions. However rail’s market share of freight transportation and its economic efficiency continues to be limited. Aimed at overcoming such uncertainty, this project addresses one of the most important key resources for further developing rail freight transportation: the optimization of the performance of the rail freight wagon. The continuous pressure on environmental issues and energy efficient transport is forcing the rail transportation sector to enhance the rail logistics services and to incorporate innovative solutions to improve load capacity to keep the “best-in-class” position and, therefore, acquiring a much privileged position beyond alternative terrestrial transport source, as truck transportation. Thus, aimed at optimizing rail freight transportation, the main objective of this project is to holistically address the aspects that may improve freight wagon performance: enhanced logistics, improved multimodal operative, higher load capacity, optimized filling/emptying time and flexibility to transport multi-products. 

This project aims to achieve such optimization by combining industrial expertise on the freight wagon design and construction, advanced materials for lightweight construction and logistics with the research capabilities to incorporate innovation solutions and optimize material performance.</objective>
  <title>DEVELOPMENT OF SMART AND FLEXIBLE FREIGHT WAGONS AND FACILITIES FOR IMPROVED TRANSPORT OF GRANULAR MULTIMATERIALS. (HERMES)</title>
        <identifier>H2020-MG-2014_TwoStages</identifier>
</project>
