<?xml version="1.0" encoding="UTF-8"?>
<project xmlns="http://cordis.europa.eu">
  <rcn>193437</rcn>
  <acronym>sCorPiuS</acronym>
  <objective>The worldwide economic downturn forces the Western companies to cut costs and enhances the performances of their processes in order to maintain the European leadership and excellence in manufacturing. Effectively, European businesses cannot compete anymore on workforce costs with Eastern countries: as a result the manufacturers have to leverage on more sustainable and efficient production systems. 
In this scenario ICT has represented, throughout the years, the crucial enabler for preserving competitiveness and fostering industry innovation. In particular, Cyber-Physical Systems (CPS) is a breakthrough research area for ICT in manufacturing and represents also the new innovation frontier for accomplishing the EU2020 “smart everywhere” vision. Thus, an important factor for a successful innovation strategy is a more aware and widespread use of the CPS engineering in the manufacturing environment to ensure a competitive advantage for business success and jobs creation. 
sCorPiuS investigates, in particular, the role of CPS as a lever to empower manufacturing performance and proposes the creation of a roadmap capable to preempting the most important technological trends. Therefore, the project purpose is to support the planning of the Research and Innovation activities with the involvement of the most important European stakeholders. In addition, the dissemination of the project activities is crucial for the success of the project and for the sustainability of its outputs in the long term, the principle behind is that collaboration is the enabler of innovation. For these reasons, one of the main objectives of sCorPiuS is to perform activities for creating consensus, community building and awareness within the targeted communities of the European Union.</objective>
  <title>European Roadmap for Cyber-Physical Systems in Manufacturing</title>
        <identifier>H2020-FoF-2014</identifier>
</project>
