<?xml version="1.0" encoding="UTF-8"?>
<project xmlns="http://cordis.europa.eu">
  <rcn>193423</rcn>
  <acronym>MEASURE</acronym>
  <objective>The aim of the CSA MEASURE is to provide support and guidance, how to reach the H2020 SPIRE Public Private Partnership goals on reduction in fossil energy intensity, non-renewable, primary raw material intensity and greenhouse gas emissions in the most effective way. MEASURE will deliver a roadmap how to evaluate processes in a standardised, comparative way. Benefiting from the strong support of our cross-sectorial Advisory Board, the impact of the MEASURE roadmap shall outreach the H2020 SPIRE programme towards harmonised standards for sustainability assessment in the entire European process industry. MEASURE will bring together leading European process industries in chemistry, consumer goods, steel, automotive, non-ferrous metals, water and waste with well-known research centres, and academic experts with profound complementing expertise on sustainability assessment with regulators and standardisation bodies.
Lead users will be innovative companies of all sectors of European process industry and academic partners supporting their maintenance of leadership in enabling technologies and advanced materials &amp; processes as well as public authorities and standardisation bodies. 
The phases of work will include a detailed, cross-sectorial stakeholder analysis on the use of existing sustainability metrics and decision support tools for different goals, stages and data availabilities; an in-depth dialogue between the MEASURE core team and the Advisory Board during two organised workshops and as final outcome, a harmonised roadmap towards universally accepted and standardised tools for environmental, economic and social assessment in process industries over the whole value chain. Implementation will take place by open access publication of the roadmap as well as its widespread promotion in the existing network of the MEASURE partners including UNEP/SETAC, ISO, DIN, WBCSD, FAO, CEFIC, SusChem, PlasticsEurope, FEFANA, World Steel, RSC, GDCh, IChemE, DECHEMA, JRC ISPRA.</objective>
  <title>Metrics for Sustainability Assessment in European Process Industries</title>
        <identifier>H2020-SPIRE-2014</identifier>
</project>
