<?xml version="1.0" encoding="UTF-8"?>
<project xmlns="http://cordis.europa.eu">
  <rcn>193216</rcn>
  <acronym>REN-ATHENS</acronym>
  <objective>A diverse team of experts in scientific research and science communication from leading Research Institutes and Educational Organizations located in the Athens Metropolitan area is formed to organize the Researcher's Night activities for the years 2014 and 2015. By adopting the concept “Science invites People”, we propose a large scale REN, in 2014, at NCSR Demokritos, the largest Science Research campus in Attica, and a similar event in 2015, at IME a multiplex where science meets entertainment and exploration, organized by the National Observatory of Athens . 
Based on past experience, we plan activities for an expected attendance of several thousand visitors. Our proposal involves activities from several scientific domains exemplifying in many cases the benefits of Interdisciplinarity. The activities will include the organization of pre-events, as part of the awareness campaign, as well as parallel events at three regions throughout Greece including Rodos, Corinth and Pylos, where parτicipating Institutions have satellite installations, so as to maximize impact and reach. Researcher's Night 2015 events will be linked with another major Researcher's Night event planned to take place in Rome, through the support of the local establishment of the European Space Agency (ESA). 
The purpose of the project is to convey to the general public the ideas that Research is a necessary ingredient for progress, the Researchers are an integral part of the community and their profession is both fun, challenging, interesting and worth pursuing. The presentation of the work of the scientists to the Greek public will showcase the need of scientific and technological breakthroughs leading to inventions and opportunities that benefit society in many ways.


.</objective>
  <title>Researcher's Night: meeting science and your next door scientist</title>
        <identifier>H2020-MSCA-NIGHT-2014</identifier>
</project>
