<?xml version="1.0" encoding="UTF-8"?>
<project xmlns="http://cordis.europa.eu">
  <rcn>193334</rcn>
  <acronym>CoachCom2020</acronym>
  <objective>Objectives
The overall aim of CoachCom2020 is to ensure the fast implementation of a consistent and comprehensive, professional coaching community to support European SMEs participating in the new dedicated SME instrument under Horizon 2020. 

Workplan and relevance
Based on a robust and tested system approach CoachCom2020 will put in place and implement a coaching community methodology and platform with embedded quality assurance measures, ready to tackle the pressing requirements of the first months following the start of the first SME Instrument projects in Fall 2014 and subsequently (WP1). The overall coaching scheme will include highly targeted recruitment communication and broad dissemination reach (WP2), state-of-the-art mechanism for peer-learning in professional communities both on- and offline, structured knowledge sharing under scientific supervision (WP3) and, finally, three classes of pre-validated management systems and tools for Commission and EEN stakeholders: a case tracking / monitoring system; an impacts evaluation / benchmarking system; and a virtual learning platform with both an informal social network dimension and a structured knowledge repository (WP4). An “open-knowledge” policy and open source software are at the heart of the project paving the way for long-term perspectives post-project. 

Consortium
The proposed concept is anchored firmly in the organizational experience and proven excellence of the innovation platform of Western Switzerland – which is coupled to and strongly leveraged by the comprehensive reach and crucial role of the EEN network. The effort is coordinated by a future “end-user” - an experienced, Danish SME coaching organization. Management of the project rests in the hands of seasoned experts. A lean organisation is streamlined for fast decision making and ongoing risk appraisal.</objective>
  <title>CoachCom2020 – a coaching community enhancing impact of the H2020 SME Instrument</title>
        <identifier>H2020-INNOSUP-2014-1</identifier>
</project>
