<?xml version="1.0" encoding="UTF-8"?>
<project xmlns="http://cordis.europa.eu">
  <rcn>193191</rcn>
  <acronym>Science at Aveiro</acronym>
  <objective>It’s our intention to organize the 9th and 10th edition of the Researchers’ Night initiative – The Science@Aveiro, General public and researchers – Closing the Gap. We propose two events for 2014 and 2015, around the themes of “Materials” and “Light” respectively. Besides the different themes, this integrated edition will not forget the fact that in 2015 the Researchers Nigth’ initiative will celebrate their 10th anniversary. To celebrate that, in 2014 we will launch the “Competition 10th anniversary of Researchers’ Night”, involving categories on drawing, photography and video. This competition is on the theme “Research is everywhere” and it is dedicated to the general public but we expect more in impact at the students’ community.
The location for both events will be the City of Aveiro. Aveiro is in the centre of an industrial spot, diversified in terms of sector of activity and one of the most dynamics in Portugal. Furthermore, Aveiro is known as the city of research and innovation, as a consequence of the projects that have been developed in different areas and to his Innovative University (Universidade de Aveiro).
The broad aim of the Science@Aveiro event is to bring researchers closer to the Portuguese society and tourist present at the Aveiro City highlighting the researchers “ordinary character”.  The target group for this activity is the large public without any distinction of social categories, educational level, gender, age, etc. Different subcategories like kids, teenagers, adults, teachers, parents, “ordinary people”, researchers, entrepreneurs, tourists, politicians are to be reached as parts of the general public. The Science@Aveiro project will be implemented by Universidade de Aveiro - Fábrica Ciência Viva Science Centre and Globaz, SA. With the support of Municipality of Aveiro, Association for Education and Exploitation of Aveiro Region and Group of Schools Aveiro.</objective>
  <title>Science@Aveiro, General public and researchers – Closing the Gap.</title>
        <identifier>H2020-MSCA-NIGHT-2014</identifier>
</project>
