<?xml version="1.0" encoding="UTF-8"?>
<project xmlns="http://cordis.europa.eu">
  <rcn>193360</rcn>
  <acronym>IN2RAIL</acronym>
  <objective>IN2RAIL is to set the foundations for a resilient, consistent, cost-efficient, high capacity European network by delivering important building blocks that unlock the innovation potential that exists in SHIFT2RAIL: innovative technologies will be explored and resulting concepts embedded in a systems framework where infrastructure, information management, maintenance techniques, energy, and engineering are integrated, optimised, shared and exploited.  
IN2RAIL will make advances towards SHIFT2RAIL objectives: enhancing the existing capacity fulfilling user demand; increasing the reliability delivering better and consistent quality of service; reducing the LCC increasing competitiveness of the EU rail system.
To achieve the above, a holistic approach covering Smart Infrastructures, Intelligent Mobility Management (I2M)and Rail Power Supply and Energy Management will be applied.
Smart Infrastructure addresses the fundamental design of critical assets - switches and crossings and tracks. It will research components capable of meeting future railway demands and will utilise modern technologies in the process. Risk and condition-based LEAN approaches to optimise RAMS and LCC in asset maintenance activities will be created to tackle the root causes of degradation.
I2M researches automated, interoperable and inter-connected advanced traffic management systems; scalable and upgradable systems, utilising standardised products and interfaces, enabling easy migration from legacy systems; the wealth of data and information on assets and traffic status; information management systems adding the capability of nowcasting and forecasting of critical asset statuses.
Rail Power Supply and Energy Management create solutions to improve the energy performance of the railway system. Research on new power systems characterised by reduced losses and capable of balancing energy demands, along with innovative energy management systems enabling accurate and precise estimates of energy flows.</objective>
  <title>Innovative Intelligent Rail</title>
        <identifier>H2020-MG-2014_TwoStages</identifier>
</project>
