<?xml version="1.0" encoding="UTF-8"?>
<project xmlns="http://cordis.europa.eu">
  <rcn>193381</rcn>
  <acronym>WRIST</acronym>
  <objective>WRIST will develop and demonstrate flexible and cost effective joining processes for rail products, and in particular for advanced bainitic rail steels, which have been developed to answer the increasing demands of increasing speed and growth of railway’s load. This will be delivered by the combined development of the joining processes itself, welding experiments, computational modelling, material and joint characterisation and testing, using laboratory tests and full-scale field testing in industrial or commercial test tracks. The project will offer a step change in the joint performance and reliability providing an extended in-service life for a range of rail materials, therefore resulting in a significant cost reduction in maintenance of the track, also freeing up more capacity for rail traffic.

New variants of the aluminothermic and orbital friction welding processes will be developed, which will both reduce the width of the heat affected zone and minimise the loss of mechanical properties in the weld zone. These innovations will enable the use of bainitic rail steels which will deliver an increased reliability, a longer lifetime of the rails and welds combined with a reduction of the maintenance cost.

The project addresses the specific call topics by:
- Development and application of advanced joining technologies, able to join conventional and bainitic rail steels with a higher quality and reliability, to meet the more stringent infrastructure requirements imposed by increased speed and load, resulting in less maintenance and a longer track lifetime.
- Reduction of maintenance cost and life cycle cost of the rail and welds, due to less repair welding associated with a higher weld quality and the longer track lifetime.
- Increased availability of the track; less unforeseen maintenance.
- Profit for users: less disruptions and a higher safety level. 
- Use of a more environmental friendly and energy efficient joining techniques.</objective>
  <title>Innovative Welding Processes for New Rail Infrastructures</title>
        <identifier>H2020-MG-2014_TwoStages</identifier>
</project>
