<?xml version="1.0" encoding="UTF-8"?>
<project xmlns="http://cordis.europa.eu">
  <rcn>193330</rcn>
  <acronym>COSMOS</acronym>
  <objective>The COSMOS proposal aims to reduce Europe’s dependence on imported coconut and palm kernel oils and fatty acids and castor oil as sources for medium-chain fatty acids (MCFA, C10–C14) and medium-chain polymer building blocks. These are needed by the oleochemical industry for the production of plastics, surfactants, detergents, lubricants, plasticisers and other products. In COSMOS, camelina and crambe will be turned into profitable, sustainable, multipurpose, non-GMO European oil crops for the production of oleochemicals. Seed properties will be screened and optimised through genetic techniques aiming at high yield, low resource inputs, optimization of the value generated from vegetative tissues and fatty acid profiles adapted to industrial needs. Large-scale field trials will be performed at different locations in Europe to assess the potential of the crops in terms of cultivation practices, seed yield, oil content, ease of harvesting, and resource inputs. Extracted oils will be fractionated into various fatty acid types (monounsaturated versus polyunsaturated) by selective enzyme technologies and extraction processes. The monounsaturated long-chain fatty acids so obtained will be converted to MCFA and high-value building blocks for bio-plastics and flavour and fragrance ingredients through chemical and enzymatic chain cleavage processes. The ω3-rich PUFA fraction will be purified for use in food and feed ingredients. Vegetative tissues such as straw, leaves and press cake will be fed to insects producing high-value proteins, chitin and fats. Insect fats and proteins will be isolated and prepared for use in food and feed products. The overall economic, social and environmental sustainability as well as life cycle of the whole value chain will be assessed. The impact of the project for Europe will be assessed in terms of value chain potentials for value creation and number of jobs that can be created.</objective>
  <title>Camelina &amp; crambe Oil crops as Sources for Medium-chain Oils for Specialty oleochemicals</title>
        <identifier>H2020-ISIB-2014-2</identifier>
</project>
