<?xml version="1.0" encoding="UTF-8"?>
<project xmlns="http://cordis.europa.eu">
  <rcn>193296</rcn>
  <acronym>BETA3_LVH</acronym>
  <objective>Patients with cardiovascular risk factors, e.g. hypertension and obesity are at risk of developing heart failure with preserved ejection fraction (HFpEF), a highly prevalent disease in the elderly, mostly women population. There is currently no specific, defined treatment for HFpEF, beyond control of risk factors. Activation of cardiac and vascular Beta3-adrenergic receptors (B3AR) represents a new concept and a novel target for structural cardiac disease. B3AR expression and coupling were demonstrated in human myocardium and vasculature. In pre-clinical models with expression of the human receptor, its activation attenuates myocardial remodelling, i.e. decreases hypertrophy and fibrosis in response to neurohormonal or hemodynamic stress. Mirabegron is a new agonist of B3AR available for human use, that was recently introduced for a non-cardiovascular indication (overactive bladder disease).  The primary objective of the project is to design and implement a multi-centric, prospective, randomized, placebo-controlled clinical trial testing the additional beneficial effect of mirabegron, versus placebo over 12 months on top of standard treatment of patients carrying structural cardiac disease without overt heart failure (stage B of AHA classification); the co-primary end-point will be the quantitative change in  myocardial hypertrophy measured by cardiac MRI; and in diastolic ventricular function, measured by Doppler echocardiography (E/E’); in addition, exercise tolerance (peak VO2) will be measured as well as circulating biomarkers reflecting both myocardial remodeling and function. In addition, we will test the effect of mirabegron on beige/brown fat activation and metabolism. Our proposal therefore combines a major conceptual advance and repurposing of an original drug to validate pre-clinical discoveries in the context of a major health problem.</objective>
  <title>A multi-center randomized, placebo-controlled trial of mirabegron, a new beta3-adrenergic receptor agonist on left ventricular mass and diastolic function in patients with structural heart disease</title>
        <identifier>H2020-PHC-2014-two-stage</identifier>
</project>
