<?xml version="1.0" encoding="UTF-8"?>
<project xmlns="http://cordis.europa.eu">
  <rcn>193269</rcn>
  <acronym>NEPHSTROM</acronym>
  <objective>Type 2 diabetes will affect &gt;500 million adults by 2040 and its secondary complications will generate enormous socioeconomic costs - in particular, diabetic kidney disease (DKD), which is already the most common cause of chronic kidney disease. DKD is associated with greatly increased mortality and frequently progresses to end stage renal failure. Pharmacotherapy, dialysis and transplantation represent the mainstay treatments for DKD but are costly and provide only limited protection against adverse outcomes. Mesenchymal Stromal Cell (MSC) therapy is a promising approach to halting the progression of DKD toward end-stage renal failure and may also have ancillary
benefits in Type 2 diabetes. In preliminary research, we have demonstrated that a single dose of MSC simultaneously improves kidney function (glomerular filtration rate and albuminuria) as well as hyperglycaemia in animals with DKD. NEPHSTROM will conduct a multi-centre, placebo-controlled clinical trial of a novel MSC therapy for stabilization of progressive DKD, leading to superior clinical outcomes and long-term socioeconomic benefit. A
key enabler for this trial is a novel MSC population (CD362+MSC, trade name ORBCEL-M) which delivers higher purity and improved characterisation compared to conventional plastic-adherent MSC. The NEPHSTROM Phase 1b/2a clinical trial will investigate the safety, tolerability and preliminary efficacy of a single intravenous infusion of allogeneic ORBCEL-M versus placebo in adults with progressive DKD. NEPHSTROM investigators will also determine the bio-distribution, mechanisms of action, immunological effects and economic impacts associated with ORBCEL-M therapy for DKD. This research will critically inform the optimal design of subsequent Phase 3 trials of ORBCEL-M. Stabilising progressive DKD through NEPHSTROM’s next-generation MSC therapy will reduce the high all-cause mortality and end-stage renal failure risk in people with this chronic non-communicable disease</objective>
  <title>Novel Stromal Cell Therapy for Diabetic Kidney Disease</title>
        <identifier>H2020-PHC-2014-two-stage</identifier>
</project>
