<?xml version="1.0" encoding="UTF-8"?>
<project xmlns="http://cordis.europa.eu">
  <rcn>193281</rcn>
  <acronym>SELFIE</acronym>
  <objective>Over 50 million people in Europe have more than one chronic disease. This number will increase dramatically in the near future. This will increase health care spending to a staggering 20% of GDP. Multi-morbidity becomes the number one threat to population health and economic sustainability of health care systems. New models of care for multi-morbid patients are urgently needed. Given the diversity of Europe’s health and social care systems there is no single model that fits them all.

SELFIE aims to improve patient-centred care for patients with multi-morbidity by proposing evidence-based, economically sustainable integrated chronic care (ICC) models that stimulate cooperation across health and social care sectors and are supported by appropriate financing/payment schemes. SELFIE specifically focuses on multi-morbidity, on generating empirical evidence of the impact of ICC and on financing/payment schemes. It is methodologically innovative by applying Multi-Criteria Decision Analysis.

SELFIE develops 5 end-results that are adjustable to different care systems in Europe, including CEE:
1. A taxonomy of most promising ICC models for patients with multi-morbidity; this taxonomy includes a “toolkit” of interventions that policy makers can use to build an ICC model that best fits into their own health and social care system 
2. A detailed list of options for different financing/payment schemes to support the implementation of ICC for multi-morbidity
3. A technical document on price-setting of ICC models for patients with multi-morbidity 
4. A performance assessment tool to monitor goal achievement; this tool includes new indicators that specifically address the quality of care for patients with multi-morbidity 
5. Strategies for implementation and change management
 
Patients, informal and professional caregivers, payers and policy makers are involved right from the beginning to ensure that SELFIE addresses the right questions and pave the pathway for implementation.</objective>
  <title>Sustainable intEgrated care modeLs for multi-morbidity: delivery, FInancing and performancE</title>
        <identifier>H2020-PHC-2014-two-stage</identifier>
</project>
