<?xml version="1.0" encoding="UTF-8"?>
<project xmlns="http://cordis.europa.eu">
  <rcn>193378</rcn>
  <acronym>EuTravel</acronym>
  <objective>EuTravel aims to:
1. Support the EU agenda towards an open and single market for mobility services by enabling travellers to organise a multimodal trip in accordance with their own criteria including environmental performance, providing multimodal travel service providers an effective way to deliver customised services addressing any type of specialised travel needs and facilitating fact-based EU policy making.
2. Promote the creation of content, open and linked data for travellers enriching the travelling experience.
3. Support travel industry players join forces towards realising an EU shared seamless mobility strategy and architecture.
EuTravel will research and demonstrate Inter-modal travel optimised with respect to synchronisation between modes, passenger experience and rights and environmental performance (Optimodal Travel). 

The project objectives will be realised by:
1. Developing an open and readily usable Optimodality Framework aimed at integrating processes, data, and systems in a manner that eliminates interoperability barriers to the marketplace emergence of truly Optimodal travel services: from planning through booking and the full range of related travel support solutions.
2. Delivering Optimodality Ecosystem Enablers, offering an open infrastructure that allows organisations to set up cost-effective integration of existing systems and to create value added multimodal travel services.
3. Organising and developing a Living Lab to experiment and evaluate new concepts and prototype solutions in real life multimodal travel scenarios and obtain data to quantify impact.
4. Taking actions towards sustainable development including a Stakeholder Engagement Strategy and wide dissemination.
EuTravel, unlike other projects/initiatives, will deliver an Ecosystem promoting and supporting Optimodal travel that will have higher chances of success as it will be populated with tools that tap into existing mainstream IT travel reservation systems and sources of data.</objective>
  <title>Optimodal European Travel Ecosystem</title>
        <identifier>H2020-MG-2014_TwoStages</identifier>
</project>
