<?xml version="1.0" encoding="UTF-8"?>
<project xmlns="http://cordis.europa.eu">
  <rcn>193426</rcn>
  <acronym>DISIRE</acronym>
  <objective>The DISIRE project has been inspired by the real existing needs of multiple industrial sectors, including the world leading industrial partners in the non-ferrous, ferrous, chemical and steel industries that are highly connected and already affiliated with the SPIRE PPP and its objectives. The overall clear and measurable objective of the DISIRE project is to evolve the existing industrial processes by advancing the Sustainable Process Industry through an overall Resource and Energy efficiency by the technological breakthroughs and concepts of the DISIRE technological platform in the field of Industrial Process Control (IPC).

With the DISIRE project the properties of the raw materials or product flows will be dramatically integrated by their transformation in a unique inline measuring system that will extend the level of knowledge and awareness of the internal dynamics of the undergoing processes taking place during transformation or integration of raw materials in the next levels of production. In this approach, the Integrated Process Control system, instead of having external experts to tune the overall processes, based on the DISIRE concept will enable the self reconfiguration of all the production lines by the produced products itself. 

Specific DISIRE Process Analyzer Technology (PAT) will be able to define quality and performance requirements, that for the first time in the process industry will be able to be directly applied on the physical properties of the developed products and thus enabling the overall online and product specific reconfiguration of the control system. In this way, the whole production can be fully integrated in a holistic approach from the raw materials to the end product, allowing the multiple process reconfigurations and an optimal operation based on the product’s properties that can be generalized in a whole product production cycle being spanned in multiple cross-sectorial processes.</objective>
  <title>Integrated Process Control based on Distributed In-Situ Sensors into Raw Material and Energy Feedstock</title>
        <identifier>H2020-SPIRE-2014</identifier>
</project>
