<?xml version="1.0" encoding="UTF-8"?>
<project xmlns="http://cordis.europa.eu">
  <rcn>193402</rcn>
  <acronym>SocialCar</acronym>
  <objective>SocialCar is an Intelligent Transport System based on an innovative approach to transport demand management, and more specifically to carpooling in urban and peri-urban areas. 
SocialCar’s main objective is devopping a new communication network for intelligent mobility, sharing information of car-pooling integrated with existing transport and mobility systems. It will be achieved by means of powerful planning algorithms and integration in a liveable environment of big data related to public transport, carpooling and crowdsourcing in order to provide the final user with a simplified travel experience allowing comparison and choice between multiple options/services.
SocialCar will take advantage Social Media to communicate, share information and  provide the best just-in-time notifications to the travellers.
SocialCar will  take advantage of the ever growing connectivity of people and objects and the propagation of Internet services, the potential of Future Internet and the availability of GNSS based location and social media to create an integrated mobility service with the potential to sensibly reduce mobility problems of European citizens.
SocialCar will capitalise on a strong pan European team with a solid background in social, psychological and economic sciences, the involvement of 10 European urban sites will prove the concepts' validity and business case. 

SocialCar General Objectives are to: 
• contribute to the EU2020 targets on energy efficiency and renewable energy sources reducing congestion by improving and maximising connectivity and information in real-time 
• overcoming the limitations of current carpooling practices moving from long trips to effective urban and peri-urban use
• validate green driving support systems, active management based on European GNSS
• identify a suitable big data management architecture for integrating mobility data
• produce a city-based open integrated mobility repository of public transport and traffic city-based data</objective>
  <title>Open social transport network for urban approach to carpooling</title>
        <identifier>H2020-MG-2014_TwoStages</identifier>
</project>
