<?xml version="1.0" encoding="UTF-8"?>
<project xmlns="http://cordis.europa.eu">
  <rcn>193461</rcn>
  <acronym>SYMPLEXITY</acronym>
  <objective>In nearly every sector of industrial manufacturing polishing techniques are used. But often manual polishing is the only option because the tasks are too complex to be automated. Therefore in SYMPLEXITY Symbiotic Human-Robot Solutions for Complex Surface Finishing Operations will be developed. The main SYMPLEXITY Objectives are:

SO 1 – Accurate and cognitive industrial robot systems enabling safe human-robot collaboration for surface finishing operations.
SO 2 – Easy to use interfaces for planning, control and re-planning of shared finishing tasks.
SO 3 – Collaboration oriented process technology for abrasive finishing, laser and fluid jet polishing.
SO 4 – Integrated and autonomous sensing system for objective identification of surface properties.
SO 5 – Introduction of developed collaborative finishing solutions into manufacturing industry.

In SO5 the results of the first 4 objectives will be combined to 3 demonstrator human-robot collaboration cells, one for each of the investigated process technologies. The 3 demonstrator cells will be tested in operational environment at 3 end-users.

SYMPLEXITY is the consistent continuation of 3 recent EU projects that achieved TRL 4-5:
COMET – Plug-and-produce COmponents and METhods for adaptive control of industrial robots.
SAPHARI – Safe and Autonomous Physical Human-Aware Robot Interaction.
poliMATIC – Polishing processes and tools development.

SYMPLEXITY will bring together the results and key partners of these 3 projects to achieve TRL7 and thereby support the European Industry to win the competition in the global market with higher quality, efficient manufacturing and economic production, based on human robot collaboration for polishing complex shaped metallic surfaces. Relevant branches are tool making, medical engineering, aeronautics and automotive industry. Case studies show, that for many applications todays &gt;90% of manual work can be converted in 80 % of robotic work under human control and 20 % of manual work.</objective>
  <title>Symbiotic Human-Robot Solutions for Complex Surface Finishing Operations</title>
        <identifier>H2020-FoF-2014</identifier>
</project>
