<?xml version="1.0" encoding="UTF-8"?>
<project xmlns="http://cordis.europa.eu">
  <rcn>193162</rcn>
  <acronym>UTOFIA</acronym>
  <objective>UTOFIA will offer a compact and cost-effective underwater imaging system for turbid environments. Using range-gated imaging, the system will extend the imaging range by factor 2 to 3 over conventional imaging systems, while at the same time providing video-rate 3D information. This will fill the current gap between short-range, high-resolution conventional video and long-range low-resolution sonar systems.

UTOFIA offers a new modus operandi for the main targeted domains of application: marine life monitoring, harbour and ocean litter detection, fisheries and aquaculture stock assessment, and seabed mapping.</objective>
  <title>Underwater Time Of Flight Image Acquisition system</title>
        <identifier>H2020-BG-2014-2</identifier>
</project>
