<?xml version="1.0" encoding="UTF-8"?>
<project xmlns="http://cordis.europa.eu">
  <rcn>193194</rcn>
  <acronym>OurFuture</acronym>
  <objective>The OurFuture: Researchers For a Better Future proposal consists in a two years proposal with different activities that are deeply related. The first activity consists of twelve main Events on the 26th September 2014 and 25th September 2015, organised by five universities, 3 public foundations, one scientific association, one autonomic government and a scientific installation around Spain as well as a Science Museum. A second activity consists on a Drawing Competition, which will be performed before and after the both events. Also special emphasis will be done on the 2.0 tools, using games and videos edited in the previous edition of European Researchers’ Night (ERN). These tools, together with the Drawing Competition, will be used to disseminate Friday Event Activities. 

The main objective of the project is to enhance the recognition of researchers and their role in society, showing that Researchers are among us. In general, all around the world the economic crisis causes an important decrease of budget for research and Researchers. This fact is particularly hard in Spain, where the decrease is about 40% in the past three year. Important economic cuts do not help to improve the image of Science and Scientist; on the other hand, they make people think that one can do with no Research and Researchers. It is necessary to show the society that With No Researchers there is No Future. For this purpose, Researcher will be participating in Researcher’ Night activities to show the importance of Scientists in the current economic context. On the other hand, the Communicative facet of researchers together with some hands-on experiments will be used to bring them closer to the large public enhancing public recognition of Researchers and their Work, as well as convincing young people to embark on scientific careers. It is important also to settle down between Researchers that non-communicated Research is no Research.</objective>
  <title>European Researchers' Night: Researchers' For a Better Future</title>
        <identifier>H2020-MSCA-NIGHT-2014</identifier>
</project>
