<?xml version="1.0" encoding="UTF-8"?>
<project xmlns="http://cordis.europa.eu">
  <rcn>193519</rcn>
  <acronym>PentaBrain</acronym>
  <objective>In the brain, Cys-loop receptors mediate fast neurotransmission. They function as allosteric signal transducers across the plasma membrane: upon binding of one or more neurotransmitter molecules to an extracellular site, the receptors undergo complex conformational transitions that result in transient opening of an intrinsic ion channel. The Cys-loop family comprises receptors activated by serotonin, acetylcholine, glycine and GABA. Mammalian receptors are also the targets of a legion of psycho-active and therapeutic compounds (including nicotine, benzodiazepines, anti-emetics, general anaesthetics). Our structural knowledge is currently limited to invertebrate homologues. Atomic structures mammalian receptors are therefore acutely missing in order to understand their physiological role in molecular terms, and to be able to develop new drugs targeting them. 

The project proposes to decipher the operation mechanism, the pharmacology and conformational transitions of mammalian Cys-loop receptors. Starting with a solid body of preliminary results, we will obtain new high-resolution structures, taking advantage of antibody-based crystallization chaperones. We will try and record for the first time a ‘molecular movie’ of the gating conformational transition in cristallo. On the way, we will also investigate the potential of antibody-based modulators of Cys-loop receptors for biomedical applications.

The applicant has solved in the past the structures of a bacterial Cys-loop receptor and of the mouse serotonin receptor. The proposed research will take place at the CNRS in Grenoble, France, in a very favourable environment for structural biology.</objective>
  <title>Structural studies of mammalian Cys-loop receptors</title>
        <identifier>ERC-2014-STG</identifier>
</project>
