<?xml version="1.0" encoding="UTF-8"?>
<project xmlns="http://cordis.europa.eu">
  <rcn>193282</rcn>
  <acronym>nEUROSTRESSPEP</acronym>
  <objective>Insects are the most diverse Class of life on earth, and different insects can be essential for, or highly damaging to, agriculture, horticulture and forestry. There is a pressing need, not just for new insecticides to combat resistance, but more specific, “greener” insecticides that target deleterious insects while sparing beneficial ones. This proposal aims to identify such insecticides by turning the insects’ own hormones against them, both by designing artificial neuropeptide “mimetic” analogs as candidate compounds, and by generating transgenic insects that carry deleterious neuropeptide payloads within them, that can propagate through a population and impact on survival at times of stress.

We have assembled an international multi-actor consortium from EU member and associated member states, as well as a third country partner, with unparalleled experience in insect functional genomics, neuropeptide physiology, synthetic chemistry and synthetic biology, and in field-testing of candidates. Established links to agricultural, horticultural and forestry end-users, agencies/advisors and our SME partners ensure relevance to user need; and set out a pathway to exploitation and implementation of our results, for impact across three major economic sectors in the EU and globally.

We will deliver novel, ‘green’ neuropeptide-based insect pest biocontrol tools by:
• Utilising ‘beyond the State-of-the-Art’ technologies based on two approaches: rational design of neuropeptide hormone analogues; and development of genetically-encoded neuropeptides for translational insect synthetic biology in genetic pest management. 
• Bridging outstanding research and technology in neuroendocrinology and genetics to end user need, to ultimately produce neuropeptide hormone analogues and genetic pest management biocontrol tools.
• Validating and demonstrating these novel insect biocontrol agents in laboratory, field and forest applications, based on user need and a market-driven approach.</objective>
  <title>Novel biocontrol agents for insect pests from neuroendocrinology</title>
        <identifier>H2020-SFS-2014-2</identifier>
</project>
